game_id,move_number,fen,move_uci,eval_cp,turn
1,1,rnbqkbnr/pppppppp/8/8/8/8/PPPPPPPP/RNBQKBNR w KQkq - 0 1,e2e4,47,white
1,2,rnbqkbnr/pppppppp/8/8/4P3/8/PPPP1PPP/RNBQKBNR b KQkq - 0 1,e7e5,-36,black
1,3,rnbqkbnr/pppp1ppp/8/4p3/4P3/8/PPPP1PPP/RNBQKBNR w KQkq - 0 2,g1f3,43,white
1,4,rnbqkbnr/pppp1ppp/8/4p3/4P3/5N2/PPPP1PPP/RNBQKB1R b KQkq - 1 2,b8c6,-43,black
1,5,r1bqkbnr/pppp1ppp/2n5/4p3/4P3/5N2/PPPP1PPP/RNBQKB1R w KQkq - 2 3,f1b5,45,white
1,6,r1bqkbnr/pppp1ppp/2n5/1B2p3/4P3/5N2/PPPP1PPP/RNBQK2R b KQkq - 3 3,g8f6,-44,black
1,7,r1bqkb1r/pppp1ppp/2n2n2/1B2p3/4P3/5N2/PPPP1PPP/RNBQK2R w KQkq - 4 4,e1g1,32,white
1,8,r1bqkb1r/pppp1ppp/2n2n2/1B2p3/4P3/5N2/PPPP1PPP/RNBQ1RK1 b kq - 5 4,f6e4,-31,black
1,9,r1bqkb1r/pppp1ppp/2n5/1B2p3/4n3/5N2/PPPP1PPP/RNBQ1RK1 w kq - 0 5,f1e1,39,white
1,10,r1bqkb1r/pppp1ppp/2n5/1B2p3/4n3/5N2/PPPP1PPP/RNBQR1K1 b kq - 1 5,e4d6,-34,black
1,11,r1bqkb1r/pppp1ppp/2nn4/1B2p3/8/5N2/PPPP1PPP/RNBQR1K1 w kq - 2 6,f3e5,25,white
1,12,r1bqkb1r/pppp1ppp/2nn4/1B2N3/8/8/PPPP1PPP/RNBQR1K1 b kq - 0 6,f8e7,-43,black
1,13,r1bqk2r/ppppbppp/2nn4/1B2N3/8/8/PPPP1PPP/RNBQR1K1 w kq - 1 7,b5f1,36,white
1,14,r1bqk2r/ppppbppp/2nn4/4N3/8/8/PPPP1PPP/RNBQRBK1 b kq - 2 7,c6e5,-35,black
1,15,r1bqk2r/ppppbppp/3n4/4n3/8/8/PPPP1PPP/RNBQRBK1 w kq - 0 8,e1e5,42,white
1,16,r1bqk2r/ppppbppp/3n4/4R3/8/8/PPPP1PPP/RNBQ1BK1 b kq - 0 8,e8g8,-32,black
1,17,r1bq1rk1/ppppbppp/3n4/4R3/8/8/PPPP1PPP/RNBQ1BK1 w - - 1 9,d2d4,39,white
1,18,r1bq1rk1/ppppbppp/3n4/4R3/3P4/8/PPP2PPP/RNBQ1BK1 b - - 0 9,d6e8,-44,black
1,19,r1bqnrk1/ppppbppp/8/4R3/3P4/8/PPP2PPP/RNBQ1BK1 w - - 1 10,d4d5,43,white
1,20,r1bqnrk1/ppppbppp/8/3PR3/8/8/PPP2PPP/RNBQ1BK1 b - - 0 10,d7d6,-43,black
1,21,r1bqnrk1/ppp1bppp/3p4/3PR3/8/8/PPP2PPP/RNBQ1BK1 w - - 0 11,e5e1,50,white
1,22,r1bqnrk1/ppp1bppp/3p4/3P4/8/8/PPP2PPP/RNBQRBK1 b - - 1 11,e7g5,-44,black
1,23,r1bqnrk1/ppp2ppp/3p4/3P2b1/8/8/PPP2PPP/RNBQRBK1 w - - 2 12,b1c3,48,white
1,24,r1bqnrk1/ppp2ppp/3p4/3P2b1/8/2N5/PPP2PPP/R1BQRBK1 b - - 3 12,a7a5,-46,black
1,25,r1bqnrk1/1pp2ppp/3p4/p2P2b1/8/2N5/PPP2PPP/R1BQRBK1 w - - 0 13,c1g5,50,white
1,26,r1bqnrk1/1pp2ppp/3p4/p2P2B1/8/2N5/PPP2PPP/R2QRBK1 b - - 0 13,d8g5,-43,black
1,27,r1b1nrk1/1pp2ppp/3p4/p2P2q1/8/2N5/PPP2PPP/R2QRBK1 w - - 0 14,c3e4,58,white
1,28,r1b1nrk1/1pp2ppp/3p4/p2P2q1/4N3/8/PPP2PPP/R2QRBK1 b - - 1 14,g5d8,-59,black
1,29,r1bqnrk1/1pp2ppp/3p4/p2P4/4N3/8/PPP2PPP/R2QRBK1 w - - 2 15,d1f3,57,white
1,30,r1bqnrk1/1pp2ppp/3p4/p2P4/4N3/5Q2/PPP2PPP/R3RBK1 b - - 3 15,c8d7,-65,black
1,31,r2qnrk1/1ppb1ppp/3p4/p2P4/4N3/5Q2/PPP2PPP/R3RBK1 w - - 4 16,a2a3,63,white
1,32,r2qnrk1/1ppb1ppp/3p4/p2P4/4N3/P4Q2/1PP2PPP/R3RBK1 b - - 0 16,f7f5,-62,black
1,33,r2qnrk1/1ppb2pp/3p4/p2P1p2/4N3/P4Q2/1PP2PPP/R3RBK1 w - - 0 17,e4g3,60,white
1,34,r2qnrk1/1ppb2pp/3p4/p2P1p2/8/P4QN1/1PP2PPP/R3RBK1 b - - 1 17,d8h4,-64,black
1,35,r3nrk1/1ppb2pp/3p4/p2P1p2/7q/P4QN1/1PP2PPP/R3RBK1 w - - 2 18,f3c3,70,white
1,36,r3nrk1/1ppb2pp/3p4/p2P1p2/7q/P1Q3N1/1PP2PPP/R3RBK1 b - - 3 18,e8f6,-58,black
1,37,r4rk1/1ppb2pp/3p1n2/p2P1p2/7q/P1Q3N1/1PP2PPP/R3RBK1 w - - 4 19,c3c7,57,white
1,38,r4rk1/1pQb2pp/3p1n2/p2P1p2/7q/P5N1/1PP2PPP/R3RBK1 b - - 0 19,f6g4,-75,black
1,39,r4rk1/1pQb2pp/3p4/p2P1p2/6nq/P5N1/1PP2PPP/R3RBK1 w - - 1 20,h2h3,76,white
1,40,r4rk1/1pQb2pp/3p4/p2P1p2/6nq/P5NP/1PP2PP1/R3RBK1 b - - 0 20,g4f2,-78,black
1,41,r4rk1/1pQb2pp/3p4/p2P1p2/7q/P5NP/1PP2nP1/R3RBK1 w - - 0 21,g3h1,80,white
1,42,r4rk1/1pQb2pp/3p4/p2P1p2/7q/P6P/1PP2nP1/R3RBKN b - - 1 21,f2h1,-88,black
1,43,r4rk1/1pQb2pp/3p4/p2P1p2/7q/P6P/1PP3P1/R3RBKn w - - 0 22,c7d7,82,white
1,44,r4rk1/1p1Q2pp/3p4/p2P1p2/7q/P6P/1PP3P1/R3RBKn b - - 0 22,h1g3,-75,black
1,45,r4rk1/1p1Q2pp/3p4/p2P1p2/7q/P5nP/1PP3P1/R3RBK1 w - - 1 23,d7d6,82,white
1,46,r4rk1/1p4pp/3Q4/p2P1p2/7q/P5nP/1PP3P1/R3RBK1 b - - 0 23,h4d4,-83,black
1,47,r4rk1/1p4pp/3Q4/p2P1p2/3q4/P5nP/1PP3P1/R3RBK1 w - - 1 24,g1h2,84,white
1,48,r4rk1/1p4pp/3Q4/p2P1p2/3q4/P5nP/1PP3PK/R3RB2 b - - 2 24,g3e4,-78,black
1,49,r4rk1/1p4pp/3Q4/p2P1p2/3qn3/P6P/1PP3PK/R3RB2 w - - 3 25,c2c3,78,white
1,50,r4rk1/1p4pp/3Q4/p2P1p2/3qn3/P1P4P/1P4PK/R3RB2 b - - 0 25,d4f2,-82,black
1,51,r4rk1/1p4pp/3Q4/p2P1p2/4n3/P1P4P/1P3qPK/R3RB2 w - - 1 26,e1e2,70,white
1,52,r4rk1/1p4pp/3Q4/p2P1p2/4n3/P1P4P/1P2RqPK/R4B2 b - - 2 26,f2g2,-70,black
1,53,r4rk1/1p4pp/3Q4/p2P1p2/4n3/P1P4P/1P2R1qK/R4B2 w - - 0 27,h2g2,63,white
1,54,r4rk1/1p4pp/3Q4/p2P1p2/4n3/P1P4P/1P2R1K1/R4B2 b - - 0 27,e4d6,-71,black
1,55,r4rk1/1p4pp/3n4/p2P1p2/8/P1P4P/1P2R1K1/R4B2 w - - 0 28,e2e6,64,white
1,56,r4rk1/1p4pp/3nR3/p2P1p2/8/P1P4P/1P4K1/R4B2 b - - 1 28,f8d8,-63,black
1,57,r2r2k1/1p4pp/3nR3/p2P1p2/8/P1P4P/1P4K1/R4B2 w - - 2 29,g2f3,63,white
1,58,r2r2k1/1p4pp/3nR3/p2P1p2/8/P1P2K1P/1P6/R4B2 b - - 3 29,a5a4,-74,black
1,59,r2r2k1/1p4pp/3nR3/3P1p2/p7/P1P2K1P/1P6/R4B2 w - - 0 30,f3f4,77,white
1,60,r2r2k1/1p4pp/3nR3/3P1p2/p4K2/P1P4P/1P6/R4B2 b - - 1 30,a8a5,-78,black
1,61,3r2k1/1p4pp/3nR3/r2P1p2/p4K2/P1P4P/1P6/R4B2 w - - 2 31,a1d1,77,white
1,62,3r2k1/1p4pp/3nR3/r2P1p2/p4K2/P1P4P/1P6/3R1B2 b - - 3 31,g7g6,-77,black
1,63,3r2k1/1p5p/3nR1p1/r2P1p2/p4K2/P1P4P/1P6/3R1B2 w - - 0 32,h3h4,75,white
1,64,3r2k1/1p5p/3nR1p1/r2P1p2/p4K1P/P1P5/1P6/3R1B2 b - - 0 32,a5c5,-73,black
1,65,3r2k1/1p5p/3nR1p1/2rP1p2/p4K1P/P1P5/1P6/3R1B2 w - - 1 33,f1e2,77,white
1,66,3r2k1/1p5p/3nR1p1/2rP1p2/p4K1P/P1P5/1P2B3/3R4 b - - 2 33,g8f7,-69,black
1,67,3r4/1p3k1p/3nR1p1/2rP1p2/p4K1P/P1P5/1P2B3/3R4 w - - 3 34,e2f3,67,white
1,68,3r4/1p3k1p/3nR1p1/2rP1p2/p4K1P/P1P2B2/1P6/3R4 b - - 4 34,d6c4,-33,black
1,69,3r4/1p3k1p/4R1p1/2rP1p2/p1n2K1P/P1P2B2/1P6/3R4 w - - 5 35,d1e1,33,white
1,70,3r4/1p3k1p/4R1p1/2rP1p2/p1n2K1P/P1P2B2/1P6/4R3 b - - 6 35,c4d2,-40,black
1,71,3r4/1p3k1p/4R1p1/2rP1p2/p4K1P/P1P2B2/1P1n4/4R3 w - - 7 36,e6e7,22,white
1,72,3r4/1p2Rk1p/6p1/2rP1p2/p4K1P/P1P2B2/1P1n4/4R3 b - - 8 36,f7f8,-13,black
1,73,3r1k2/1p2R2p/6p1/2rP1p2/p4K1P/P1P2B2/1P1n4/4R3 w - - 9 37,f3h1,16,white
1,74,3r1k2/1p2R2p/6p1/2rP1p2/p4K1P/P1P5/1P1n4/4R2B b - - 10 37,c5c4,-9,black
1,75,3r1k2/1p2R2p/6p1/3P1p2/p1r2K1P/P1P5/1P1n4/4R2B w - - 11 38,f4g5,42,white
1,76,3r1k2/1p2R2p/6p1/3P1pK1/p1r4P/P1P5/1P1n4/4R2B b - - 12 38,c4e4,-25,black
1,77,3r1k2/1p2R2p/6p1/3P1pK1/p3r2P/P1P5/1P1n4/4R2B w - - 13 39,h1e4,17,white
1,78,3r1k2/1p2R2p/6p1/3P1pK1/p3B2P/P1P5/1P1n4/4R3 b - - 0 39,f8e7,-15,black
1,79,3r4/1p2k2p/6p1/3P1pK1/p3B2P/P1P5/1P1n4/4R3 w - - 0 40,e4h1,16,white
1,80,3r4/1p2k2p/6p1/3P1pK1/p6P/P1P5/1P1n4/4R2B b - - 1 40,e7f7,0,black
1,81,3r4/1p3k1p/6p1/3P1pK1/p6P/P1P5/1P1n4/4R2B w - - 2 41,e1e6,0,white
1,82,3r4/1p3k1p/4R1p1/3P1pK1/p6P/P1P5/1P1n4/7B b - - 3 41,b7b5,0,black
1,83,3r4/5k1p/4R1p1/1p1P1pK1/p6P/P1P5/1P1n4/7B w - - 0 42,h4h5,0,white
1,84,3r4/5k1p/4R1p1/1p1P1pKP/p7/P1P5/1P1n4/7B b - - 0 42,d2e4,0,black
1,85,3r4/5k1p/4R1p1/1p1P1pKP/p3n3/P1P5/1P6/7B w - - 1 43,h1e4,0,white
1,86,3r4/5k1p/4R1p1/1p1P1pKP/p3B3/P1P5/1P6/8 b - - 0 43,f5e4,0,black
1,87,3r4/5k1p/4R1p1/1p1P2KP/p3p3/P1P5/1P6/8 w - - 0 44,e6f6,0,white
1,88,3r4/5k1p/5Rp1/1p1P2KP/p3p3/P1P5/1P6/8 b - - 1 44,f7e8,0,black
1,89,3rk3/7p/5Rp1/1p1P2KP/p3p3/P1P5/1P6/8 w - - 2 45,f6e6,0,white
1,90,3rk3/7p/4R1p1/1p1P2KP/p3p3/P1P5/1P6/8 b - - 3 45,e8f7,0,black
1,91,3r4/5k1p/4R1p1/1p1P2KP/p3p3/P1P5/1P6/8 w - - 4 46,e6f6,0,white
1,92,3r4/5k1p/5Rp1/1p1P2KP/p3p3/P1P5/1P6/8 b - - 5 46,f7e7,0,black
1,93,3r4/4k2p/5Rp1/1p1P2KP/p3p3/P1P5/1P6/8 w - - 6 47,f6e6,0,white
1,94,3r4/4k2p/4R1p1/1p1P2KP/p3p3/P1P5/1P6/8 b - - 7 47,e7f8,0,black
1,95,3r1k2/7p/4R1p1/1p1P2KP/p3p3/P1P5/1P6/8 w - - 8 48,d5d6,0,white
1,96,3r1k2/7p/3PR1p1/1p4KP/p3p3/P1P5/1P6/8 b - - 0 48,g6h5,0,black
1,97,3r1k2/7p/3PR3/1p4Kp/p3p3/P1P5/1P6/8 w - - 0 49,g5f6,0,white
1,98,3r1k2/7p/3PRK2/1p5p/p3p3/P1P5/1P6/8 b - - 1 49,e4e3,0,black
1,99,3r1k2/7p/3PRK2/1p5p/p7/P1P1p3/1P6/8 w - - 0 50,f6e5,0,white
1,100,3r1k2/7p/3PR3/1p2K2p/p7/P1P1p3/1P6/8 b - - 1 50,e3e2,0,black
1,101,3r1k2/7p/3PR3/1p2K2p/p7/P1P5/1P2p3/8 w - - 0 51,e5d5,0,white
1,102,3r1k2/7p/3PR3/1p1K3p/p7/P1P5/1P2p3/8 b - - 1 51,d8e8,0,black
1,103,4rk2/7p/3PR3/1p1K3p/p7/P1P5/1P2p3/8 w - - 2 52,d6d7,0,white
1,104,4rk2/3P3p/4R3/1p1K3p/p7/P1P5/1P2p3/8 b - - 0 52,e8e6,0,black
1,105,5k2/3P3p/4r3/1p1K3p/p7/P1P5/1P2p3/8 w - - 0 53,d7d8q,0,white
1,106,3Q1k2/7p/4r3/1p1K3p/p7/P1P5/1P2p3/8 b - - 0 53,f8f7,0,black
1,107,3Q4/5k1p/4r3/1p1K3p/p7/P1P5/1P2p3/8 w - - 1 54,d8d7,0,white
1,108,8/3Q1k1p/4r3/1p1K3p/p7/P1P5/1P2p3/8 b - - 2 54,e6e7,0,black
1,109,8/3Qrk1p/8/1p1K3p/p7/P1P5/1P2p3/8 w - - 3 55,d7f5,0,white
1,110,8/4rk1p/8/1p1K1Q1p/p7/P1P5/1P2p3/8 b - - 4 55,f7e8,0,black
1,111,4k3/4r2p/8/1p1K1Q1p/p7/P1P5/1P2p3/8 w - - 5 56,f5c8,0,white
1,112,2Q1k3/4r2p/8/1p1K3p/p7/P1P5/1P2p3/8 b - - 6 56,e8f7,0,black
1,113,2Q5/4rk1p/8/1p1K3p/p7/P1P5/1P2p3/8 w - - 7 57,c8f5,0,white
1,114,8/4rk1p/8/1p1K1Q1p/p7/P1P5/1P2p3/8 b - - 8 57,f7g7,0,black
1,115,8/4r1kp/8/1p1K1Q1p/p7/P1P5/1P2p3/8 w - - 9 58,f5g5,0,white
1,116,8/4r1kp/8/1p1K2Qp/p7/P1P5/1P2p3/8 b - - 10 58,g7f8,0,black
1,117,5k2/4r2p/8/1p1K2Qp/p7/P1P5/1P2p3/8 w - - 11 59,g5f5,0,white
1,118,5k2/4r2p/8/1p1K1Q1p/p7/P1P5/1P2p3/8 b - - 12 59,f8g7,0,black
1,119,8/4r1kp/8/1p1K1Q1p/p7/P1P5/1P2p3/8 w - - 13 60,f5g5,0,white
1,120,8/4r1kp/8/1p1K2Qp/p7/P1P5/1P2p3/8 b - - 14 60,g7f8,0,black
1,121,5k2/4r2p/8/1p1K2Qp/p7/P1P5/1P2p3/8 w - - 15 61,g5f4,0,white
1,122,5k2/4r2p/8/1p1K3p/p4Q2/P1P5/1P2p3/8 b - - 16 61,f8e8,0,black
1,123,4k3/4r2p/8/1p1K3p/p4Q2/P1P5/1P2p3/8 w - - 17 62,f4b8,0,white
1,124,1Q2k3/4r2p/8/1p1K3p/p7/P1P5/1P2p3/8 b - - 18 62,e8f7,0,black
1,125,1Q6/4rk1p/8/1p1K3p/p7/P1P5/1P2p3/8 w - - 19 63,b8f4,0,white
1,126,8/4rk1p/8/1p1K3p/p4Q2/P1P5/1P2p3/8 b - - 20 63,f7e8,0,black
1,127,4k3/4r2p/8/1p1K3p/p4Q2/P1P5/1P2p3/8 w - - 21 64,f4b8,0,white
1,128,1Q2k3/4r2p/8/1p1K3p/p7/P1P5/1P2p3/8 b - - 22 64,e8f7,0,black
1,129,1Q6/4rk1p/8/1p1K3p/p7/P1P5/1P2p3/8 w - - 23 65,b8f4,0,white
1,130,8/4rk1p/8/1p1K3p/p4Q2/P1P5/1P2p3/8 b - - 24 65,f7g8,0,black
1,131,6k1/4r2p/8/1p1K3p/p4Q2/P1P5/1P2p3/8 w - - 25 66,f4g5,0,white
1,132,6k1/4r2p/8/1p1K2Qp/p7/P1P5/1P2p3/8 b - - 26 66,g8f8,0,black
1,133,5k2/4r2p/8/1p1K2Qp/p7/P1P5/1P2p3/8 w - - 27 67,g5f4,0,white
1,134,5k2/4r2p/8/1p1K3p/p4Q2/P1P5/1P2p3/8 b - - 28 67,f8g8,0,black
1,135,6k1/4r2p/8/1p1K3p/p4Q2/P1P5/1P2p3/8 w - - 29 68,f4g3,0,white
1,136,6k1/4r2p/8/1p1K3p/p7/P1P3Q1/1P2p3/8 b - - 30 68,g8f7,0,black
1,137,8/4rk1p/8/1p1K3p/p7/P1P3Q1/1P2p3/8 w - - 31 69,g3f4,0,white
1,138,8/4rk1p/8/1p1K3p/p4Q2/P1P5/1P2p3/8 b - - 32 69,f7g8,0,black
1,139,6k1/4r2p/8/1p1K3p/p4Q2/P1P5/1P2p3/8 w - - 33 70,f4g5,0,white
1,140,6k1/4r2p/8/1p1K2Qp/p7/P1P5/1P2p3/8 b - - 34 70,g8f8,0,black
1,141,5k2/4r2p/8/1p1K2Qp/p7/P1P5/1P2p3/8 w - - 35 71,g5f4,0,white
1,142,5k2/4r2p/8/1p1K3p/p4Q2/P1P5/1P2p3/8 b - - 36 71,f8g8,0,black
1,143,6k1/4r2p/8/1p1K3p/p4Q2/P1P5/1P2p3/8 w - - 37 72,f4g5,0,white
1,144,6k1/4r2p/8/1p1K2Qp/p7/P1P5/1P2p3/8 b - - 38 72,g8f8,0,black
2,1,rnbqkbnr/pppppppp/8/8/8/8/PPPPPPPP/RNBQKBNR w KQkq - 0 1,d2d4,27,white
2,2,rnbqkbnr/pppppppp/8/8/3P4/8/PPP1PPPP/RNBQKBNR b KQkq - 0 1,d7d5,-32,black
2,3,rnbqkbnr/ppp1pppp/8/3p4/3P4/8/PPP1PPPP/RNBQKBNR w KQkq - 0 2,c2c4,30,white
2,4,rnbqkbnr/ppp1pppp/8/3p4/2PP4/8/PP2PPPP/RNBQKBNR b KQkq - 0 2,e7e6,-39,black
2,5,rnbqkbnr/ppp2ppp/4p3/3p4/2PP4/8/PP2PPPP/RNBQKBNR w KQkq - 0 3,g1f3,25,white
2,6,rnbqkbnr/ppp2ppp/4p3/3p4/2PP4/5N2/PP2PPPP/RNBQKB1R b KQkq - 1 3,g8f6,-24,black
2,7,rnbqkb1r/ppp2ppp/4pn2/3p4/2PP4/5N2/PP2PPPP/RNBQKB1R w KQkq - 2 4,c1g5,21,white
2,8,rnbqkb1r/ppp2ppp/4pn2/3p2B1/2PP4/5N2/PP2PPPP/RN1QKB1R b KQkq - 3 4,f8e7,-20,black
2,9,rnbqk2r/ppp1bppp/4pn2/3p2B1/2PP4/5N2/PP2PPPP/RN1QKB1R w KQkq - 4 5,e2e3,19,white
2,10,rnbqk2r/ppp1bppp/4pn2/3p2B1/2PP4/4PN2/PP3PPP/RN1QKB1R b KQkq - 0 5,h7h6,-27,black
2,11,rnbqk2r/ppp1bpp1/4pn1p/3p2B1/2PP4/4PN2/PP3PPP/RN1QKB1R w KQkq - 0 6,g5h4,18,white
2,12,rnbqk2r/ppp1bpp1/4pn1p/3p4/2PP3B/4PN2/PP3PPP/RN1QKB1R b KQkq - 1 6,e8g8,-17,black
2,13,rnbq1rk1/ppp1bpp1/4pn1p/3p4/2PP3B/4PN2/PP3PPP/RN1QKB1R w KQ - 2 7,b1c3,7,white
2,14,rnbq1rk1/ppp1bpp1/4pn1p/3p4/2PP3B/2N1PN2/PP3PPP/R2QKB1R b KQ - 3 7,b7b6,-4,black
2,15,rnbq1rk1/p1p1bpp1/1p2pn1p/3p4/2PP3B/2N1PN2/PP3PPP/R2QKB1R w KQ - 0 8,d1b3,7,white
2,16,rnbq1rk1/p1p1bpp1/1p2pn1p/3p4/2PP3B/1QN1PN2/PP3PPP/R3KB1R b KQ - 1 8,c8b7,-15,black
2,17,rn1q1rk1/pbp1bpp1/1p2pn1p/3p4/2PP3B/1QN1PN2/PP3PPP/R3KB1R w KQ - 2 9,h4f6,15,white
2,18,rn1q1rk1/pbp1bpp1/1p2pB1p/3p4/2PP4/1QN1PN2/PP3PPP/R3KB1R b KQ - 0 9,e7f6,-20,black
2,19,rn1q1rk1/pbp2pp1/1p2pb1p/3p4/2PP4/1QN1PN2/PP3PPP/R3KB1R w KQ - 0 10,c4d5,14,white
2,20,rn1q1rk1/pbp2pp1/1p2pb1p/3P4/3P4/1QN1PN2/PP3PPP/R3KB1R b KQ - 0 10,e6d5,-8,black
2,21,rn1q1rk1/pbp2pp1/1p3b1p/3p4/3P4/1QN1PN2/PP3PPP/R3KB1R w KQ - 0 11,a1d1,6,white
2,22,rn1q1rk1/pbp2pp1/1p3b1p/3p4/3P4/1QN1PN2/PP3PPP/3RKB1R b K - 1 11,d8d6,-4,black
2,23,rn3rk1/pbp2pp1/1p1q1b1p/3p4/3P4/1QN1PN2/PP3PPP/3RKB1R w K - 2 12,f1d3,-1,white
2,24,rn3rk1/pbp2pp1/1p1q1b1p/3p4/3P4/1QNBPN2/PP3PPP/3RK2R b K - 3 12,c7c5,-19,black
2,25,rn3rk1/pb3pp1/1p1q1b1p/2pp4/3P4/1QNBPN2/PP3PPP/3RK2R w K - 0 13,d4c5,14,white
2,26,rn3rk1/pb3pp1/1p1q1b1p/2Pp4/8/1QNBPN2/PP3PPP/3RK2R b K - 0 13,d6c5,-15,black
2,27,rn3rk1/pb3pp1/1p3b1p/2qp4/8/1QNBPN2/PP3PPP/3RK2R w K - 0 14,e1g1,16,white
2,28,rn3rk1/pb3pp1/1p3b1p/2qp4/8/1QNBPN2/PP3PPP/3R1RK1 b - - 1 14,f8d8,-9,black
2,29,rn1r2k1/pb3pp1/1p3b1p/2qp4/8/1QNBPN2/PP3PPP/3R1RK1 w - - 2 15,d3b1,8,white
2,30,rn1r2k1/pb3pp1/1p3b1p/2qp4/8/1QN1PN2/PP3PPP/1B1R1RK1 b - - 3 15,b8c6,-9,black
2,31,r2r2k1/pb3pp1/1pn2b1p/2qp4/8/1QN1PN2/PP3PPP/1B1R1RK1 w - - 4 16,c3d5,3,white
2,32,r2r2k1/pb3pp1/1pn2b1p/2qN4/8/1Q2PN2/PP3PPP/1B1R1RK1 b - - 0 16,f6b2,2,black
2,33,r2r2k1/pb3pp1/1pn4p/2qN4/8/1Q2PN2/Pb3PPP/1B1R1RK1 w - - 0 17,b3b2,4,white
2,34,r2r2k1/pb3pp1/1pn4p/2qN4/8/4PN2/PQ3PPP/1B1R1RK1 b - - 0 17,d8d5,5,black
2,35,r5k1/pb3pp1/1pn4p/2qr4/8/4PN2/PQ3PPP/1B1R1RK1 w - - 0 18,d1d5,-5,white
2,36,r5k1/pb3pp1/1pn4p/2qR4/8/4PN2/PQ3PPP/1B3RK1 b - - 0 18,c5d5,0,black
2,37,r5k1/pb3pp1/1pn4p/3q4/8/4PN2/PQ3PPP/1B3RK1 w - - 0 19,b2c2,8,white
2,38,r5k1/pb3pp1/1pn4p/3q4/8/4PN2/P1Q2PPP/1B3RK1 b - - 1 19,g7g6,0,black
2,39,r5k1/pb3p2/1pn3pp/3q4/8/4PN2/P1Q2PPP/1B3RK1 w - - 0 20,f1d1,1,white
2,40,r5k1/pb3p2/1pn3pp/3q4/8/4PN2/P1Q2PPP/1B1R2K1 b - - 1 20,c6b4,2,black
2,41,r5k1/pb3p2/1p4pp/3q4/1n6/4PN2/P1Q2PPP/1B1R2K1 w - - 2 21,c2e2,-15,white
2,42,r5k1/pb3p2/1p4pp/3q4/1n6/4PN2/P3QPPP/1B1R2K1 b - - 3 21,d5c5,16,black
2,43,r5k1/pb3p2/1p4pp/2q5/1n6/4PN2/P3QPPP/1B1R2K1 w - - 4 22,e2d2,-22,white
2,44,r5k1/pb3p2/1p4pp/2q5/1n6/4PN2/P2Q1PPP/1B1R2K1 b - - 5 22,b4c6,16,black
2,45,r5k1/pb3p2/1pn3pp/2q5/8/4PN2/P2Q1PPP/1B1R2K1 w - - 6 23,d1c1,-13,white
2,46,r5k1/pb3p2/1pn3pp/2q5/8/4PN2/P2Q1PPP/1BR3K1 b - - 7 23,c5e7,16,black
2,47,r5k1/pb2qp2/1pn3pp/8/8/4PN2/P2Q1PPP/1BR3K1 w - - 8 24,e3e4,-16,white
2,48,r5k1/pb2qp2/1pn3pp/8/4P3/5N2/P2Q1PPP/1BR3K1 b - - 0 24,h6h5,14,black
2,49,r5k1/pb2qp2/1pn3p1/7p/4P3/5N2/P2Q1PPP/1BR3K1 w - - 0 25,h2h4,-15,white
2,50,r5k1/pb2qp2/1pn3p1/7p/4P2P/5N2/P2Q1PP1/1BR3K1 b - - 0 25,c6e5,16,black
2,51,r5k1/pb2qp2/1p4p1/4n2p/4P2P/5N2/P2Q1PP1/1BR3K1 w - - 1 26,f3e5,-10,white
2,52,r5k1/pb2qp2/1p4p1/4N2p/4P2P/8/P2Q1PP1/1BR3K1 b - - 0 26,e7e5,10,black
2,53,r5k1/pb3p2/1p4p1/4q2p/4P2P/8/P2Q1PP1/1BR3K1 w - - 0 27,d2g5,-11,white
2,54,r5k1/pb3p2/1p4p1/4q1Qp/4P2P/8/P4PP1/1BR3K1 b - - 1 27,e5g5,12,black
2,55,r5k1/pb3p2/1p4p1/6qp/4P2P/8/P4PP1/1BR3K1 w - - 0 28,h4g5,-4,white
2,56,r5k1/pb3p2/1p4p1/6Pp/4P3/8/P4PP1/1BR3K1 b - - 0 28,a7a5,8,black
2,57,r5k1/1b3p2/1p4p1/p5Pp/4P3/8/P4PP1/1BR3K1 w - - 0 29,f2f3,-4,white
2,58,r5k1/1b3p2/1p4p1/p5Pp/4P3/5P2/P5P1/1BR3K1 b - - 0 29,a8d8,6,black
2,59,3r2k1/1b3p2/1p4p1/p5Pp/4P3/5P2/P5P1/1BR3K1 w - - 1 30,g1f2,8,white
2,60,3r2k1/1b3p2/1p4p1/p5Pp/4P3/5P2/P4KP1/1BR5 b - - 2 30,d8d2,-4,black
2,61,6k1/1b3p2/1p4p1/p5Pp/4P3/5P2/P2r1KP1/1BR5 w - - 3 31,f2g3,8,white
2,62,6k1/1b3p2/1p4p1/p5Pp/4P3/5PK1/P2r2P1/1BR5 b - - 4 31,g8f8,-8,black
2,63,5k2/1b3p2/1p4p1/p5Pp/4P3/5PK1/P2r2P1/1BR5 w - - 5 32,f3f4,2,white
2,64,5k2/1b3p2/1p4p1/p5Pp/4PP2/6K1/P2r2P1/1BR5 b - - 0 32,d2b2,-17,black
2,65,5k2/1b3p2/1p4p1/p5Pp/4PP2/6K1/Pr4P1/1BR5 w - - 1 33,g3f3,10,white
2,66,5k2/1b3p2/1p4p1/p5Pp/4PP2/5K2/Pr4P1/1BR5 b - - 2 33,b7a6,-3,black
2,67,5k2/5p2/bp4p1/p5Pp/4PP2/5K2/Pr4P1/1BR5 w - - 3 34,f4f5,5,white
2,68,5k2/5p2/bp4p1/p4PPp/4P3/5K2/Pr4P1/1BR5 b - - 0 34,f8e7,-1,black
2,69,8/4kp2/bp4p1/p4PPp/4P3/5K2/Pr4P1/1BR5 w - - 1 35,g2g3,2,white
2,70,8/4kp2/bp4p1/p4PPp/4P3/5KP1/Pr6/1BR5 b - - 0 35,a5a4,-3,black
2,71,8/4kp2/bp4p1/5PPp/p3P3/5KP1/Pr6/1BR5 w - - 0 36,a2a3,0,white
2,72,8/4kp2/bp4p1/5PPp/p3P3/P4KP1/1r6/1BR5 b - - 0 36,e7d6,0,black
2,73,8/5p2/bp1k2p1/5PPp/p3P3/P4KP1/1r6/1BR5 w - - 1 37,f3f4,0,white
2,74,8/5p2/bp1k2p1/5PPp/p3PK2/P5P1/1r6/1BR5 b - - 2 37,b2f2,0,black
2,75,8/5p2/bp1k2p1/5PPp/p3PK2/P5P1/5r2/1BR5 w - - 3 38,f4e3,0,white
2,76,8/5p2/bp1k2p1/5PPp/p3P3/P3K1P1/5r2/1BR5 b - - 4 38,f2b2,0,black
2,77,8/5p2/bp1k2p1/5PPp/p3P3/P3K1P1/1r6/1BR5 w - - 5 39,c1d1,0,white
2,78,8/5p2/bp1k2p1/5PPp/p3P3/P3K1P1/1r6/1B1R4 b - - 6 39,d6c5,0,black
2,79,8/5p2/bp4p1/2k2PPp/p3P3/P3K1P1/1r6/1B1R4 w - - 7 40,d1c1,0,white
2,80,8/5p2/bp4p1/2k2PPp/p3P3/P3K1P1/1r6/1BR5 b - - 8 40,c5d6,0,black
2,81,8/5p2/bp1k2p1/5PPp/p3P3/P3K1P1/1r6/1BR5 w - - 9 41,c1d1,0,white
2,82,8/5p2/bp1k2p1/5PPp/p3P3/P3K1P1/1r6/1B1R4 b - - 10 41,d6e7,0,black
2,83,8/4kp2/bp4p1/5PPp/p3P3/P3K1P1/1r6/1B1R4 w - - 11 42,d1c1,0,white
2,84,8/4kp2/bp4p1/5PPp/p3P3/P3K1P1/1r6/1BR5 b - - 12 42,e7d6,0,black
2,85,8/5p2/bp1k2p1/5PPp/p3P3/P3K1P1/1r6/1BR5 w - - 13 43,c1d1,0,white
2,86,8/5p2/bp1k2p1/5PPp/p3P3/P3K1P1/1r6/1B1R4 b - - 14 43,d6e7,0,black
2,87,8/4kp2/bp4p1/5PPp/p3P3/P3K1P1/1r6/1B1R4 w - - 15 44,d1c1,0,white
2,88,8/4kp2/bp4p1/5PPp/p3P3/P3K1P1/1r6/1BR5 b - - 16 44,e7d6,0,black
2,89,8/5p2/bp1k2p1/5PPp/p3P3/P3K1P1/1r6/1BR5 w - - 17 45,c1d1,0,white
2,90,8/5p2/bp1k2p1/5PPp/p3P3/P3K1P1/1r6/1B1R4 b - - 18 45,d6c5,0,black
2,91,8/5p2/bp4p1/2k2PPp/p3P3/P3K1P1/1r6/1B1R4 w - - 19 46,d1c1,0,white
2,92,8/5p2/bp4p1/2k2PPp/p3P3/P3K1P1/1r6/1BR5 b - - 20 46,c5d6,0,black
3,1,rnbqkbnr/pppppppp/8/8/8/8/PPPPPPPP/RNBQKBNR w KQkq - 0 1,e2e4,47,white
3,2,rnbqkbnr/pppppppp/8/8/4P3/8/PPPP1PPP/RNBQKBNR b KQkq - 0 1,e7e5,-27,black
3,3,rnbqkbnr/pppp1ppp/8/4p3/4P3/8/PPPP1PPP/RNBQKBNR w KQkq - 0 2,g1f3,33,white
3,4,rnbqkbnr/pppp1ppp/8/4p3/4P3/5N2/PPPP1PPP/RNBQKB1R b KQkq - 1 2,g8f6,-36,black
3,5,rnbqkb1r/pppp1ppp/5n2/4p3/4P3/5N2/PPPP1PPP/RNBQKB1R w KQkq - 2 3,f3e5,55,white
3,6,rnbqkb1r/pppp1ppp/5n2/4N3/4P3/8/PPPP1PPP/RNBQKB1R b KQkq - 0 3,d7d6,-48,black
3,7,rnbqkb1r/ppp2ppp/3p1n2/4N3/4P3/8/PPPP1PPP/RNBQKB1R w KQkq - 0 4,e5f3,54,white
3,8,rnbqkb1r/ppp2ppp/3p1n2/8/4P3/5N2/PPPP1PPP/RNBQKB1R b KQkq - 1 4,f6e4,-49,black
3,9,rnbqkb1r/ppp2ppp/3p4/8/4n3/5N2/PPPP1PPP/RNBQKB1R w KQkq - 0 5,d2d4,50,white
3,10,rnbqkb1r/ppp2ppp/3p4/8/3Pn3/5N2/PPP2PPP/RNBQKB1R b KQkq - 0 5,f8e7,-49,black
3,11,rnbqk2r/ppp1bppp/3p4/8/3Pn3/5N2/PPP2PPP/RNBQKB1R w KQkq - 1 6,f1d3,47,white
3,12,rnbqk2r/ppp1bppp/3p4/8/3Pn3/3B1N2/PPP2PPP/RNBQK2R b KQkq - 2 6,d6d5,-47,black
3,13,rnbqk2r/ppp1bppp/8/3p4/3Pn3/3B1N2/PPP2PPP/RNBQK2R w KQkq - 0 7,e1g1,49,white
3,14,rnbqk2r/ppp1bppp/8/3p4/3Pn3/3B1N2/PPP2PPP/RNBQ1RK1 b kq - 1 7,b8c6,-46,black
3,15,r1bqk2r/ppp1bppp/2n5/3p4/3Pn3/3B1N2/PPP2PPP/RNBQ1RK1 w kq - 2 8,f1e1,41,white
3,16,r1bqk2r/ppp1bppp/2n5/3p4/3Pn3/3B1N2/PPP2PPP/RNBQR1K1 b kq - 3 8,e8g8,-40,black
3,17,r1bq1rk1/ppp1bppp/2n5/3p4/3Pn3/3B1N2/PPP2PPP/RNBQR1K1 w - - 4 9,c2c4,38,white
3,18,r1bq1rk1/ppp1bppp/2n5/3p4/2PPn3/3B1N2/PP3PPP/RNBQR1K1 b - - 0 9,e4f6,-44,black
3,19,r1bq1rk1/ppp1bppp/2n2n2/3p4/2PP4/3B1N2/PP3PPP/RNBQR1K1 w - - 1 10,b1c3,47,white
3,20,r1bq1rk1/ppp1bppp/2n2n2/3p4/2PP4/2NB1N2/PP3PPP/R1BQR1K1 b - - 2 10,c8g4,-45,black
3,21,r2q1rk1/ppp1bppp/2n2n2/3p4/2PP2b1/2NB1N2/PP3PPP/R1BQR1K1 w - - 3 11,c4d5,44,white
3,22,r2q1rk1/ppp1bppp/2n2n2/3P4/3P2b1/2NB1N2/PP3PPP/R1BQR1K1 b - - 0 11,f6d5,-47,black
3,23,r2q1rk1/ppp1bppp/2n5/3n4/3P2b1/2NB1N2/PP3PPP/R1BQR1K1 w - - 0 12,d3e4,41,white
3,24,r2q1rk1/ppp1bppp/2n5/3n4/3PB1b1/2N2N2/PP3PPP/R1BQR1K1 b - - 1 12,g4e6,-41,black
3,25,r2q1rk1/ppp1bppp/2n1b3/3n4/3PB3/2N2N2/PP3PPP/R1BQR1K1 w - - 2 13,a2a3,44,white
3,26,r2q1rk1/ppp1bppp/2n1b3/3n4/3PB3/P1N2N2/1P3PPP/R1BQR1K1 b - - 0 13,f8e8,-43,black
3,27,r2qr1k1/ppp1bppp/2n1b3/3n4/3PB3/P1N2N2/1P3PPP/R1BQR1K1 w - - 1 14,d1d3,36,white
3,28,r2qr1k1/ppp1bppp/2n1b3/3n4/3PB3/P1NQ1N2/1P3PPP/R1B1R1K1 b - - 2 14,h7h6,-34,black
3,29,r2qr1k1/ppp1bpp1/2n1b2p/3n4/3PB3/P1NQ1N2/1P3PPP/R1B1R1K1 w - - 0 15,e4h7,41,white
3,30,r2qr1k1/ppp1bppB/2n1b2p/3n4/3P4/P1NQ1N2/1P3PPP/R1B1R1K1 b - - 1 15,g8h8,-27,black
3,31,r2qr2k/ppp1bppB/2n1b2p/3n4/3P4/P1NQ1N2/1P3PPP/R1B1R1K1 w - - 2 16,h7f5,30,white
3,32,r2qr2k/ppp1bpp1/2n1b2p/3n1B2/3P4/P1NQ1N2/1P3PPP/R1B1R1K1 b - - 3 16,e7f6,-23,black
3,33,r2qr2k/ppp2pp1/2n1bb1p/3n1B2/3P4/P1NQ1N2/1P3PPP/R1B1R1K1 w - - 4 17,f5e6,24,white
3,34,r2qr2k/ppp2pp1/2n1Bb1p/3n4/3P4/P1NQ1N2/1P3PPP/R1B1R1K1 b - - 0 17,e8e6,-18,black
3,35,r2q3k/ppp2pp1/2n1rb1p/3n4/3P4/P1NQ1N2/1P3PPP/R1B1R1K1 w - - 0 18,e1e6,18,white
3,36,r2q3k/ppp2pp1/2n1Rb1p/3n4/3P4/P1NQ1N2/1P3PPP/R1B3K1 b - - 0 18,f7e6,-18,black
3,37,r2q3k/ppp3p1/2n1pb1p/3n4/3P4/P1NQ1N2/1P3PPP/R1B3K1 w - - 0 19,c1e3,21,white
3,38,r2q3k/ppp3p1/2n1pb1p/3n4/3P4/P1NQBN2/1P3PPP/R5K1 b - - 1 19,d5c3,-15,black
3,39,r2q3k/ppp3p1/2n1pb1p/8/3P4/P1nQBN2/1P3PPP/R5K1 w - - 0 20,b2c3,11,white
3,40,r2q3k/ppp3p1/2n1pb1p/8/3P4/P1PQBN2/5PPP/R5K1 b - - 0 20,e6e5,-18,black
3,41,r2q3k/ppp3p1/2n2b1p/4p3/3P4/P1PQBN2/5PPP/R5K1 w - - 0 21,d4d5,18,white
3,42,r2q3k/ppp3p1/2n2b1p/3Pp3/8/P1PQBN2/5PPP/R5K1 b - - 0 21,c6e7,-25,black
3,43,r2q3k/ppp1n1p1/5b1p/3Pp3/8/P1PQBN2/5PPP/R5K1 w - - 1 22,a1d1,15,white
3,44,r2q3k/ppp1n1p1/5b1p/3Pp3/8/P1PQBN2/5PPP/3R2K1 b - - 2 22,d8d7,-23,black
3,45,r6k/pppqn1p1/5b1p/3Pp3/8/P1PQBN2/5PPP/3R2K1 w - - 3 23,c3c4,23,white
3,46,r6k/pppqn1p1/5b1p/3Pp3/2P5/P2QBN2/5PPP/3R2K1 b - - 0 23,e7f5,-28,black
3,47,r6k/pppq2p1/5b1p/3Ppn2/2P5/P2QBN2/5PPP/3R2K1 w - - 1 24,d1e1,30,white
3,48,r6k/pppq2p1/5b1p/3Ppn2/2P5/P2QBN2/5PPP/4R1K1 b - - 2 24,b7b6,-28,black
3,49,r6k/p1pq2p1/1p3b1p/3Ppn2/2P5/P2QBN2/5PPP/4R1K1 w - - 0 25,h2h3,27,white
3,50,r6k/p1pq2p1/1p3b1p/3Ppn2/2P5/P2QBN1P/5PP1/4R1K1 b - - 0 25,f5d6,-33,black
3,51,r6k/p1pq2p1/1p1n1b1p/3Pp3/2P5/P2QBN1P/5PP1/4R1K1 w - - 1 26,f3d2,37,white
3,52,r6k/p1pq2p1/1p1n1b1p/3Pp3/2P5/P2QB2P/3N1PP1/4R1K1 b - - 2 26,a8d8,-36,black
3,53,3r3k/p1pq2p1/1p1n1b1p/3Pp3/2P5/P2QB2P/3N1PP1/4R1K1 w - - 3 27,d2e4,28,white
3,54,3r3k/p1pq2p1/1p1n1b1p/3Pp3/2P1N3/P2QB2P/5PP1/4R1K1 b - - 4 27,d6e4,-28,black
3,55,3r3k/p1pq2p1/1p3b1p/3Pp3/2P1n3/P2QB2P/5PP1/4R1K1 w - - 0 28,d3e4,19,white
3,56,3r3k/p1pq2p1/1p3b1p/3Pp3/2P1Q3/P3B2P/5PP1/4R1K1 b - - 0 28,d7a4,-26,black
3,57,3r3k/p1p3p1/1p3b1p/3Pp3/q1P1Q3/P3B2P/5PP1/4R1K1 w - - 1 29,e4d3,17,white
3,58,3r3k/p1p3p1/1p3b1p/3Pp3/q1P5/P2QB2P/5PP1/4R1K1 b - - 2 29,e5e4,-20,black
3,59,3r3k/p1p3p1/1p3b1p/3P4/q1P1p3/P2QB2P/5PP1/4R1K1 w - - 0 30,d3e4,16,white
3,60,3r3k/p1p3p1/1p3b1p/3P4/q1P1Q3/P3B2P/5PP1/4R1K1 b - - 0 30,a4a3,-7,black
3,61,3r3k/p1p3p1/1p3b1p/3P4/2P1Q3/q3B2P/5PP1/4R1K1 w - - 0 31,e3f4,37,white
3,62,3r3k/p1p3p1/1p3b1p/3P4/2P1QB2/q6P/5PP1/4R1K1 b - - 1 31,a3c5,-31,black
3,63,3r3k/p1p3p1/1p3b1p/2qP4/2P1QB2/7P/5PP1/4R1K1 w - - 2 32,e4d3,35,white
3,64,3r3k/p1p3p1/1p3b1p/2qP4/2P2B2/3Q3P/5PP1/4R1K1 b - - 3 32,a7a5,-29,black
3,65,3r3k/2p3p1/1p3b1p/p1qP4/2P2B2/3Q3P/5PP1/4R1K1 w - - 0 33,e1e6,42,white
3,66,3r3k/2p3p1/1p2Rb1p/p1qP4/2P2B2/3Q3P/5PP1/6K1 b - - 1 33,a5a4,-36,black
3,67,3r3k/2p3p1/1p2Rb1p/2qP4/p1P2B2/3Q3P/5PP1/6K1 w - - 0 34,d3e2,38,white
3,68,3r3k/2p3p1/1p2Rb1p/2qP4/p1P2B2/7P/4QPP1/6K1 b - - 1 34,a4a3,-43,black
3,69,3r3k/2p3p1/1p2Rb1p/2qP4/2P2B2/p6P/4QPP1/6K1 w - - 0 35,d5d6,37,white
3,70,3r3k/2p3p1/1p1PRb1p/2q5/2P2B2/p6P/4QPP1/6K1 b - - 0 35,a3a2,-37,black
3,71,3r3k/2p3p1/1p1PRb1p/2q5/2P2B2/7P/p3QPP1/6K1 w - - 0 36,e2a2,37,white
3,72,3r3k/2p3p1/1p1PRb1p/2q5/2P2B2/7P/Q4PP1/6K1 b - - 0 36,c7d6,-34,black
3,73,3r3k/6p1/1p1pRb1p/2q5/2P2B2/7P/Q4PP1/6K1 w - - 0 37,a2e2,18,white
3,74,3r3k/6p1/1p1pRb1p/2q5/2P2B2/7P/4QPP1/6K1 b - - 1 37,d6d5,-28,black
3,75,3r3k/6p1/1p2Rb1p/2qp4/2P2B2/7P/4QPP1/6K1 w - - 0 38,f4h6,29,white
3,76,3r3k/6p1/1p2Rb1B/2qp4/2P5/7P/4QPP1/6K1 b - - 0 38,d5c4,-44,black
3,77,3r3k/6p1/1p2Rb1B/2q5/2p5/7P/4QPP1/6K1 w - - 0 39,h6e3,52,white
3,78,3r3k/6p1/1p2Rb2/2q5/2p5/4B2P/4QPP1/6K1 b - - 1 39,c5f5,-55,black
3,79,3r3k/6p1/1p2Rb2/5q2/2p5/4B2P/4QPP1/6K1 w - - 2 40,e6b6,54,white
3,80,3r3k/6p1/1R3b2/5q2/2p5/4B2P/4QPP1/6K1 b - - 0 40,c4c3,-54,black
3,81,3r3k/6p1/1R3b2/5q2/8/2p1B2P/4QPP1/6K1 w - - 0 41,b6b4,48,white
3,82,3r3k/6p1/5b2/5q2/1R6/2p1B2P/4QPP1/6K1 b - - 1 41,d8a8,-56,black
3,83,r6k/6p1/5b2/5q2/1R6/2p1B2P/4QPP1/6K1 w - - 2 42,g1h2,65,white
3,84,r6k/6p1/5b2/5q2/1R6/2p1B2P/4QPPK/8 b - - 3 42,a8a1,-70,black
3,85,7k/6p1/5b2/5q2/1R6/2p1B2P/4QPPK/r7 w - - 4 43,e3d4,218,white
3,86,7k/6p1/5b2/5q2/1R1B4/2p4P/4QPPK/r7 b - - 5 43,f6d4,-257,black
3,87,7k/6p1/8/5q2/1R1b4/2p4P/4QPPK/r7 w - - 0 44,b4d4,413,white
3,88,7k/6p1/8/5q2/3R4/2p4P/4QPPK/r7 b - - 0 44,f5g5,-436,black
3,89,7k/6p1/8/6q1/3R4/2p4P/4QPPK/r7 w - - 1 45,e2c4,430,white
3,90,7k/6p1/8/6q1/2QR4/2p4P/5PPK/r7 b - - 2 45,a1a6,-392,black
3,91,7k/6p1/r7/6q1/2QR4/2p4P/5PPK/8 w - - 3 46,c4c3,386,white
3,92,7k/6p1/r7/6q1/3R4/2Q4P/5PPK/8 b - - 0 46,a6f6,-379,black
3,93,7k/6p1/5r2/6q1/3R4/2Q4P/5PPK/8 w - - 1 47,c3e1,374,white
3,94,7k/6p1/5r2/6q1/3R4/7P/5PPK/4Q3 b - - 2 47,g5f5,-363,black
3,95,7k/6p1/5r2/5q2/3R4/7P/5PPK/4Q3 w - - 3 48,h2g1,388,white
3,96,7k/6p1/5r2/5q2/3R4/7P/5PP1/4Q1K1 b - - 4 48,f5c5,-367,black
3,97,7k/6p1/5r2/2q5/3R4/7P/5PP1/4Q1K1 w - - 5 49,e1e3,381,white
3,98,7k/6p1/5r2/2q5/3R4/4Q2P/5PP1/6K1 b - - 6 49,c5c2,-377,black
3,99,7k/6p1/5r2/8/3R4/4Q2P/2q2PP1/6K1 w - - 7 50,d4h4,373,white
3,100,7k/6p1/5r2/8/7R/4Q2P/2q2PP1/6K1 b - - 8 50,h8g8,-360,black
3,101,6k1/6p1/5r2/8/7R/4Q2P/2q2PP1/6K1 w - - 9 51,e3e8,364,white
3,102,4Q1k1/6p1/5r2/8/7R/7P/2q2PP1/6K1 b - - 10 51,f6f8,-368,black
3,103,4Qrk1/6p1/8/8/7R/7P/2q2PP1/6K1 w - - 11 52,e8e6,372,white
3,104,5rk1/6p1/4Q3/8/7R/7P/2q2PP1/6K1 b - - 12 52,f8f7,-367,black
3,105,6k1/5rp1/4Q3/8/7R/7P/2q2PP1/6K1 w - - 13 53,e6e8,372,white
3,106,4Q1k1/5rp1/8/8/7R/7P/2q2PP1/6K1 b - - 14 53,f7f8,-376,black
3,107,4Qrk1/6p1/8/8/7R/7P/2q2PP1/6K1 w - - 15 54,e8e6,379,white
3,108,5rk1/6p1/4Q3/8/7R/7P/2q2PP1/6K1 b - - 16 54,f8f7,-375,black
3,109,6k1/5rp1/4Q3/8/7R/7P/2q2PP1/6K1 w - - 17 55,e6e1,387,white
3,110,6k1/5rp1/8/8/7R/7P/2q2PP1/4Q1K1 b - - 18 55,f7f6,-387,black
3,111,6k1/6p1/5r2/8/7R/7P/2q2PP1/4Q1K1 w - - 19 56,g2g3,379,white
3,112,6k1/6p1/5r2/8/7R/6PP/2q2P2/4Q1K1 b - - 0 56,c2c8,-385,black
3,113,2q3k1/6p1/5r2/8/7R/6PP/5P2/4Q1K1 w - - 1 57,e1e3,388,white
3,114,2q3k1/6p1/5r2/8/7R/4Q1PP/5P2/6K1 b - - 2 57,f6f7,-401,black
3,115,2q3k1/5rp1/8/8/7R/4Q1PP/5P2/6K1 w - - 3 58,e3e2,400,white
3,116,2q3k1/5rp1/8/8/7R/6PP/4QP2/6K1 b - - 4 58,c8c1,-407,black
3,117,6k1/5rp1/8/8/7R/6PP/4QP2/2q3K1 w - - 5 59,g1h2,398,white
3,118,6k1/5rp1/8/8/7R/6PP/4QP1K/2q5 b - - 6 59,c1c5,-372,black
3,119,6k1/5rp1/8/2q5/7R/6PP/4QP1K/8 w - - 7 60,e2e8,357,white
3,120,4Q1k1/5rp1/8/2q5/7R/6PP/5P1K/8 b - - 8 60,c5f8,-333,black
3,121,4Qqk1/5rp1/8/8/7R/6PP/5P1K/8 w - - 9 61,e8e6,355,white
3,122,5qk1/5rp1/4Q3/8/7R/6PP/5P1K/8 b - - 10 61,f8e7,-342,black
3,123,6k1/4qrp1/4Q3/8/7R/6PP/5P1K/8 w - - 11 62,e6b3,331,white
3,124,6k1/4qrp1/8/8/7R/1Q4PP/5P1K/8 b - - 12 62,e7b7,-332,black
3,125,6k1/1q3rp1/8/8/7R/1Q4PP/5P1K/8 w - - 13 63,b3c4,324,white
3,126,6k1/1q3rp1/8/8/2Q4R/6PP/5P1K/8 b - - 14 63,b7c7,-321,black
3,127,6k1/2q2rp1/8/8/2Q4R/6PP/5P1K/8 w - - 15 64,c4b3,319,white
3,128,6k1/2q2rp1/8/8/7R/1Q4PP/5P1K/8 b - - 16 64,c7b7,-336,black
3,129,6k1/1q3rp1/8/8/7R/1Q4PP/5P1K/8 w - - 17 65,b3c4,322,white
3,130,6k1/1q3rp1/8/8/2Q4R/6PP/5P1K/8 b - - 18 65,b7c7,-311,black
3,131,6k1/2q2rp1/8/8/2Q4R/6PP/5P1K/8 w - - 19 66,c4c7,375,white
3,132,6k1/2Q2rp1/8/8/7R/6PP/5P1K/8 b - - 0 66,f7c7,-346,black
3,133,6k1/2r3p1/8/8/7R/6PP/5P1K/8 w - - 0 67,h4a4,365,white
3,134,6k1/2r3p1/8/8/R7/6PP/5P1K/8 b - - 1 67,c7b7,-362,black
3,135,6k1/1r4p1/8/8/R7/6PP/5P1K/8 w - - 2 68,h3h4,352,white
3,136,6k1/1r4p1/8/8/R6P/6P1/5P1K/8 b - - 0 68,b7b5,-375,black
3,137,6k1/6p1/8/1r6/R6P/6P1/5P1K/8 w - - 1 69,g3g4,420,white
3,138,6k1/6p1/8/1r6/R5PP/8/5P1K/8 b - - 0 69,b5b2,-412,black
3,139,6k1/6p1/8/8/R5PP/8/1r3P1K/8 w - - 1 70,h2g3,426,white
3,140,6k1/6p1/8/8/R5PP/6K1/1r3P2/8 b - - 2 70,b2b3,-361,black
3,141,6k1/6p1/8/8/R5PP/1r4K1/5P2/8 w - - 3 71,f2f3,425,white
3,142,6k1/6p1/8/8/R5PP/1r3PK1/8/8 b - - 0 71,b3b1,-430,black
3,143,6k1/6p1/8/8/R5PP/5PK1/8/1r6 w - - 1 72,h4h5,434,white
3,144,6k1/6p1/8/7P/R5P1/5PK1/8/1r6 b - - 0 72,b1g1,-427,black
3,145,6k1/6p1/8/7P/R5P1/5PK1/8/6r1 w - - 1 73,g3f2,442,white
3,146,6k1/6p1/8/7P/R5P1/5P2/5K2/6r1 b - - 2 73,g1b1,-456,black
3,147,6k1/6p1/8/7P/R5P1/5P2/5K2/1r6 w - - 3 74,f2g2,461,white
3,148,6k1/6p1/8/7P/R5P1/5P2/6K1/1r6 b - - 4 74,b1d1,-462,black
3,149,6k1/6p1/8/7P/R5P1/5P2/6K1/3r4 w - - 5 75,a4a8,443,white
3,150,R5k1/6p1/8/7P/6P1/5P2/6K1/3r4 b - - 6 75,g8f7,-435,black
4,1,rnbqkbnr/pppppppp/8/8/8/8/PPPPPPPP/RNBQKBNR w KQkq - 0 1,e2e4,39,white
4,2,rnbqkbnr/pppppppp/8/8/4P3/8/PPPP1PPP/RNBQKBNR b KQkq - 0 1,e7e5,-43,black
4,3,rnbqkbnr/pppp1ppp/8/4p3/4P3/8/PPPP1PPP/RNBQKBNR w KQkq - 0 2,g1f3,36,white
4,4,rnbqkbnr/pppp1ppp/8/4p3/4P3/5N2/PPPP1PPP/RNBQKB1R b KQkq - 1 2,b8c6,-38,black
4,5,r1bqkbnr/pppp1ppp/2n5/4p3/4P3/5N2/PPPP1PPP/RNBQKB1R w KQkq - 2 3,d2d4,42,white
4,6,r1bqkbnr/pppp1ppp/2n5/4p3/3PP3/5N2/PPP2PPP/RNBQKB1R b KQkq - 0 3,e5d4,-31,black
4,7,r1bqkbnr/pppp1ppp/2n5/8/3pP3/5N2/PPP2PPP/RNBQKB1R w KQkq - 0 4,f1c4,22,white
4,8,r1bqkbnr/pppp1ppp/2n5/8/2BpP3/5N2/PPP2PPP/RNBQK2R b KQkq - 1 4,g8f6,-6,black
4,9,r1bqkb1r/pppp1ppp/2n2n2/8/2BpP3/5N2/PPP2PPP/RNBQK2R w KQkq - 2 5,e4e5,4,white
4,10,r1bqkb1r/pppp1ppp/2n2n2/4P3/2Bp4/5N2/PPP2PPP/RNBQK2R b KQkq - 0 5,f6g4,-7,black
4,11,r1bqkb1r/pppp1ppp/2n5/4P3/2Bp2n1/5N2/PPP2PPP/RNBQK2R w KQkq - 1 6,e1g1,13,white
4,12,r1bqkb1r/pppp1ppp/2n5/4P3/2Bp2n1/5N2/PPP2PPP/RNBQ1RK1 b kq - 2 6,f8e7,-16,black
4,13,r1bqk2r/ppppbppp/2n5/4P3/2Bp2n1/5N2/PPP2PPP/RNBQ1RK1 w kq - 3 7,f1e1,17,white
4,14,r1bqk2r/ppppbppp/2n5/4P3/2Bp2n1/5N2/PPP2PPP/RNBQR1K1 b kq - 4 7,d7d6,-16,black
4,15,r1bqk2r/ppp1bppp/2np4/4P3/2Bp2n1/5N2/PPP2PPP/RNBQR1K1 w kq - 0 8,e5d6,24,white
4,16,r1bqk2r/ppp1bppp/2nP4/8/2Bp2n1/5N2/PPP2PPP/RNBQR1K1 b kq - 0 8,c7d6,-24,black
4,17,r1bqk2r/pp2bppp/2np4/8/2Bp2n1/5N2/PPP2PPP/RNBQR1K1 w kq - 0 9,c1g5,24,white
4,18,r1bqk2r/pp2bppp/2np4/6B1/2Bp2n1/5N2/PPP2PPP/RN1QR1K1 b kq - 1 9,g4e5,-27,black
4,19,r1bqk2r/pp2bppp/2np4/4n1B1/2Bp4/5N2/PPP2PPP/RN1QR1K1 w kq - 2 10,g5e7,32,white
4,20,r1bqk2r/pp2Bppp/2np4/4n3/2Bp4/5N2/PPP2PPP/RN1QR1K1 b kq - 0 10,d8e7,-28,black
4,21,r1b1k2r/pp2qppp/2np4/4n3/2Bp4/5N2/PPP2PPP/RN1QR1K1 w kq - 0 11,c4e2,22,white
4,22,r1b1k2r/pp2qppp/2np4/4n3/3p4/5N2/PPP1BPPP/RN1QR1K1 b kq - 1 11,e8g8,-28,black
4,23,r1b2rk1/pp2qppp/2np4/4n3/3p4/5N2/PPP1BPPP/RN1QR1K1 w - - 2 12,f3d4,29,white
4,24,r1b2rk1/pp2qppp/2np4/4n3/3N4/8/PPP1BPPP/RN1QR1K1 b - - 0 12,d6d5,-27,black
4,25,r1b2rk1/pp2qppp/2n5/3pn3/3N4/8/PPP1BPPP/RN1QR1K1 w - - 0 13,c2c3,21,white
4,26,r1b2rk1/pp2qppp/2n5/3pn3/3N4/2P5/PP2BPPP/RN1QR1K1 b - - 0 13,f8d8,-22,black
4,27,r1br2k1/pp2qppp/2n5/3pn3/3N4/2P5/PP2BPPP/RN1QR1K1 w - - 1 14,b1a3,16,white
4,28,r1br2k1/pp2qppp/2n5/3pn3/3N4/N1P5/PP2BPPP/R2QR1K1 b - - 2 14,c6d4,-20,black
4,29,r1br2k1/pp2qppp/8/3pn3/3n4/N1P5/PP2BPPP/R2QR1K1 w - - 0 15,d1d4,23,white
4,30,r1br2k1/pp2qppp/8/3pn3/3Q4/N1P5/PP2BPPP/R3R1K1 b - - 0 15,e5c6,-19,black
4,31,r1br2k1/pp2qppp/2n5/3p4/3Q4/N1P5/PP2BPPP/R3R1K1 w - - 1 16,d4f4,18,white
4,32,r1br2k1/pp2qppp/2n5/3p4/5Q2/N1P5/PP2BPPP/R3R1K1 b - - 2 16,d5d4,-19,black
4,33,r1br2k1/pp2qppp/2n5/8/3p1Q2/N1P5/PP2BPPP/R3R1K1 w - - 0 17,a3b5,19,white
4,34,r1br2k1/pp2qppp/2n5/1N6/3p1Q2/2P5/PP2BPPP/R3R1K1 b - - 1 17,d4c3,-17,black
4,35,r1br2k1/pp2qppp/2n5/1N6/5Q2/2p5/PP2BPPP/R3R1K1 w - - 0 18,b2c3,17,white
4,36,r1br2k1/pp2qppp/2n5/1N6/5Q2/2P5/P3BPPP/R3R1K1 b - - 0 18,e7e5,-15,black
4,37,r1br2k1/pp3ppp/2n5/1N2q3/5Q2/2P5/P3BPPP/R3R1K1 w - - 1 19,f4e5,18,white
4,38,r1br2k1/pp3ppp/2n5/1N2Q3/8/2P5/P3BPPP/R3R1K1 b - - 0 19,c6e5,-14,black
4,39,r1br2k1/pp3ppp/8/1N2n3/8/2P5/P3BPPP/R3R1K1 w - - 0 20,a1d1,13,white
4,40,r1br2k1/pp3ppp/8/1N2n3/8/2P5/P3BPPP/3RR1K1 b - - 1 20,c8d7,-19,black
4,41,r2r2k1/pp1b1ppp/8/1N2n3/8/2P5/P3BPPP/3RR1K1 w - - 2 21,b5d6,18,white
4,42,r2r2k1/pp1b1ppp/3N4/4n3/8/2P5/P3BPPP/3RR1K1 b - - 3 21,d7a4,-14,black
4,43,r2r2k1/pp3ppp/3N4/4n3/b7/2P5/P3BPPP/3RR1K1 w - - 4 22,d1d2,23,white
4,44,r2r2k1/pp3ppp/3N4/4n3/b7/2P5/P2RBPPP/4R1K1 b - - 5 22,g8f8,-25,black
4,45,r2r1k2/pp3ppp/3N4/4n3/b7/2P5/P2RBPPP/4R1K1 w - - 6 23,f2f4,17,white
4,46,r2r1k2/pp3ppp/3N4/4n3/b4P2/2P5/P2RB1PP/4R1K1 b - - 0 23,e5c6,-21,black
4,47,r2r1k2/pp3ppp/2nN4/8/b4P2/2P5/P2RB1PP/4R1K1 w - - 1 24,e2f3,19,white
4,48,r2r1k2/pp3ppp/2nN4/8/b4P2/2P2B2/P2R2PP/4R1K1 b - - 2 24,c6e7,-21,black
4,49,r2r1k2/pp2nppp/3N4/8/b4P2/2P2B2/P2R2PP/4R1K1 w - - 3 25,e1b1,23,white
4,50,r2r1k2/pp2nppp/3N4/8/b4P2/2P2B2/P2R2PP/1R4K1 b - - 4 25,a4c6,-17,black
4,51,r2r1k2/pp2nppp/2bN4/8/5P2/2P2B2/P2R2PP/1R4K1 w - - 5 26,f3c6,18,white
4,52,r2r1k2/pp2nppp/2BN4/8/5P2/2P5/P2R2PP/1R4K1 b - - 0 26,b7c6,-19,black
4,53,r2r1k2/p3nppp/2pN4/8/5P2/2P5/P2R2PP/1R4K1 w - - 0 27,b1b7,25,white
4,54,r2r1k2/pR2nppp/2pN4/8/5P2/2P5/P2R2PP/6K1 b - - 1 27,a8b8,-34,black
4,55,1r1r1k2/pR2nppp/2pN4/8/5P2/2P5/P2R2PP/6K1 w - - 2 28,b7c7,20,white
4,56,1r1r1k2/p1R1nppp/2pN4/8/5P2/2P5/P2R2PP/6K1 b - - 3 28,e7d5,-10,black
4,57,1r1r1k2/p1R2ppp/2pN4/3n4/5P2/2P5/P2R2PP/6K1 w - - 4 29,c7f7,13,white
4,58,1r1r1k2/p4Rpp/2pN4/3n4/5P2/2P5/P2R2PP/6K1 b - - 0 29,f8g8,-11,black
4,59,1r1r2k1/p4Rpp/2pN4/3n4/5P2/2P5/P2R2PP/6K1 w - - 1 30,f7b7,9,white
4,60,1r1r2k1/pR4pp/2pN4/3n4/5P2/2P5/P2R2PP/6K1 b - - 2 30,d5c3,-9,black
4,61,1r1r2k1/pR4pp/2pN4/8/5P2/2n5/P2R2PP/6K1 w - - 0 31,b7b8,11,white
4,62,1R1r2k1/p5pp/2pN4/8/5P2/2n5/P2R2PP/6K1 b - - 0 31,d8b8,-12,black
4,63,1r4k1/p5pp/2pN4/8/5P2/2n5/P2R2PP/6K1 w - - 0 32,d2c2,13,white
4,64,1r4k1/p5pp/2pN4/8/5P2/2n5/P1R3PP/6K1 b - - 1 32,b8b1,-18,black
4,65,6k1/p5pp/2pN4/8/5P2/2n5/P1R3PP/1r4K1 w - - 2 33,g1f2,24,white
4,66,6k1/p5pp/2pN4/8/5P2/2n5/P1R2KPP/1r6 b - - 3 33,c3b5,-22,black
4,67,6k1/p5pp/2pN4/1n6/5P2/8/P1R2KPP/1r6 w - - 4 34,d6c4,18,white
4,68,6k1/p5pp/2p5/1n6/2N2P2/8/P1R2KPP/1r6 b - - 5 34,b1b4,-23,black
4,69,6k1/p5pp/2p5/1n6/1rN2P2/8/P1R2KPP/8 w - - 6 35,f2e3,25,white
4,70,6k1/p5pp/2p5/1n6/1rN2P2/4K3/P1R3PP/8 b - - 7 35,b4a4,-20,black
4,71,6k1/p5pp/2p5/1n6/r1N2P2/4K3/P1R3PP/8 w - - 8 36,c4e5,13,white
4,72,6k1/p5pp/2p5/1n2N3/r4P2/4K3/P1R3PP/8 b - - 9 36,b5c7,-16,black
4,73,6k1/p1n3pp/2p5/4N3/r4P2/4K3/P1R3PP/8 w - - 10 37,e3d3,18,white
4,74,6k1/p1n3pp/2p5/4N3/r4P2/3K4/P1R3PP/8 b - - 11 37,c7d5,-19,black
4,75,6k1/p5pp/2p5/3nN3/r4P2/3K4/P1R3PP/8 w - - 12 38,e5c6,24,white
4,76,6k1/p5pp/2N5/3n4/r4P2/3K4/P1R3PP/8 b - - 0 38,d5f4,-22,black
4,77,6k1/p5pp/2N5/8/r4n2/3K4/P1R3PP/8 w - - 0 39,d3c3,17,white
4,78,6k1/p5pp/2N5/8/r4n2/2K5/P1R3PP/8 b - - 1 39,a7a6,-19,black
4,79,6k1/6pp/p1N5/8/r4n2/2K5/P1R3PP/8 w - - 0 40,c2d2,16,white
4,80,6k1/6pp/p1N5/8/r4n2/2K5/P2R2PP/8 b - - 1 40,f4e6,-15,black
4,81,6k1/6pp/p1N1n3/8/r7/2K5/P2R2PP/8 w - - 2 41,d2e2,14,white
4,82,6k1/6pp/p1N1n3/8/r7/2K5/P3R1PP/8 b - - 3 41,e6c5,-11,black
4,83,6k1/6pp/p1N5/2n5/r7/2K5/P3R1PP/8 w - - 4 42,c6e7,3,white
4,84,6k1/4N1pp/p7/2n5/r7/2K5/P3R1PP/8 b - - 5 42,g8f8,0,black
4,85,5k2/4N1pp/p7/2n5/r7/2K5/P3R1PP/8 w - - 6 43,e7c6,0,white
4,86,5k2/6pp/p1N5/2n5/r7/2K5/P3R1PP/8 b - - 7 43,h7h6,-5,black
4,87,5k2/6p1/p1N4p/2n5/r7/2K5/P3R1PP/8 w - - 0 44,e2c2,9,white
4,88,5k2/6p1/p1N4p/2n5/r7/2K5/P1R3PP/8 b - - 1 44,f8g8,-4,black
4,89,6k1/6p1/p1N4p/2n5/r7/2K5/P1R3PP/8 w - - 2 45,c3b2,4,white
4,90,6k1/6p1/p1N4p/2n5/r7/8/PKR3PP/8 b - - 3 45,c5e6,-2,black
4,91,6k1/6p1/p1N1n2p/8/r7/8/PKR3PP/8 w - - 4 46,c2e2,0,white
4,92,6k1/6p1/p1N1n2p/8/r7/8/PK2R1PP/8 b - - 5 46,e6c5,0,black
4,93,6k1/6p1/p1N4p/2n5/r7/8/PK2R1PP/8 w - - 6 47,e2c2,0,white
4,94,6k1/6p1/p1N4p/2n5/r7/8/PKR3PP/8 b - - 7 47,c5e6,-3,black
4,95,6k1/6p1/p1N1n2p/8/r7/8/PKR3PP/8 w - - 8 48,g2g3,2,white
4,96,6k1/6p1/p1N1n2p/8/r7/6P1/PKR4P/8 b - - 0 48,g8h7,-2,black
4,97,8/6pk/p1N1n2p/8/r7/6P1/PKR4P/8 w - - 1 49,b2c3,3,white
4,98,8/6pk/p1N1n2p/8/r7/2K3P1/P1R4P/8 b - - 2 49,e6c5,-6,black
4,99,8/6pk/p1N4p/2n5/r7/2K3P1/P1R4P/8 w - - 3 50,c6e5,2,white
4,100,8/6pk/p6p/2n1N3/r7/2K3P1/P1R4P/8 b - - 4 50,c5e4,-2,black
4,101,8/6pk/p6p/4N3/r3n3/2K3P1/P1R4P/8 w - - 5 51,c3b3,3,white
4,102,8/6pk/p6p/4N3/r3n3/1K4P1/P1R4P/8 b - - 6 51,a4a5,-2,black
4,103,8/6pk/p6p/r3N3/4n3/1K4P1/P1R4P/8 w - - 7 52,e5c6,3,white
4,104,8/6pk/p1N4p/r7/4n3/1K4P1/P1R4P/8 b - - 8 52,a5b5,0,black
4,105,8/6pk/p1N4p/1r6/4n3/1K4P1/P1R4P/8 w - - 9 53,b3a3,1,white
4,106,8/6pk/p1N4p/1r6/4n3/K5P1/P1R4P/8 b - - 10 53,e4f6,-2,black
4,107,8/6pk/p1N2n1p/1r6/8/K5P1/P1R4P/8 w - - 11 54,c6d4,2,white
4,108,8/6pk/p4n1p/1r6/3N4/K5P1/P1R4P/8 b - - 12 54,b5e5,-5,black
4,109,8/6pk/p4n1p/4r3/3N4/K5P1/P1R4P/8 w - - 13 55,c2e2,8,white
4,110,8/6pk/p4n1p/4r3/3N4/K5P1/P3R2P/8 b - - 14 55,e5d5,-8,black
4,111,8/6pk/p4n1p/3r4/3N4/K5P1/P3R2P/8 w - - 15 56,d4e6,9,white
4,112,8/6pk/p3Nn1p/3r4/8/K5P1/P3R2P/8 b - - 16 56,f6d7,-9,black
4,113,8/3n2pk/p3N2p/3r4/8/K5P1/P3R2P/8 w - - 17 57,a3b3,7,white
4,114,8/3n2pk/p3N2p/3r4/8/1K4P1/P3R2P/8 b - - 18 57,d5b5,-6,black
4,115,8/3n2pk/p3N2p/1r6/8/1K4P1/P3R2P/8 w - - 19 58,b3c3,7,white
4,116,8/3n2pk/p3N2p/1r6/8/2K3P1/P3R2P/8 b - - 20 58,d7b6,-8,black
4,117,8/6pk/pn2N2p/1r6/8/2K3P1/P3R2P/8 w - - 21 59,e2d2,5,white
4,118,8/6pk/pn2N2p/1r6/8/2K3P1/P2R3P/8 b - - 22 59,b6a4,-7,black
4,119,8/6pk/p3N2p/1r6/n7/2K3P1/P2R3P/8 w - - 23 60,c3d4,6,white
4,120,8/6pk/p3N2p/1r6/n2K4/6P1/P2R3P/8 b - - 24 60,b5b4,-8,black
4,121,8/6pk/p3N2p/8/nr1K4/6P1/P2R3P/8 w - - 25 61,d4e5,2,white
4,122,8/6pk/p3N2p/4K3/nr6/6P1/P2R3P/8 b - - 26 61,b4b5,-1,black
4,123,8/6pk/p3N2p/1r2K3/n7/6P1/P2R3P/8 w - - 27 62,e5d6,0,white
4,124,8/6pk/p2KN2p/1r6/n7/6P1/P2R3P/8 b - - 28 62,b5b6,-4,black
4,125,8/6pk/pr1KN2p/8/n7/6P1/P2R3P/8 w - - 29 63,d6e7,7,white
4,126,8/4K1pk/pr2N2p/8/n7/6P1/P2R3P/8 b - - 30 63,b6b7,-5,black
4,127,8/1r2K1pk/p3N2p/8/n7/6P1/P2R3P/8 w - - 31 64,e7d8,4,white
4,128,3K4/1r4pk/p3N2p/8/n7/6P1/P2R3P/8 b - - 32 64,a4c3,-4,black
4,129,3K4/1r4pk/p3N2p/8/8/2n3P1/P2R3P/8 w - - 33 65,e6c5,5,white
4,130,3K4/1r4pk/p6p/2N5/8/2n3P1/P2R3P/8 b - - 34 65,b7b6,-4,black
4,131,3K4/6pk/pr5p/2N5/8/2n3P1/P2R3P/8 w - - 35 66,c5d7,6,white
4,132,3K4/3N2pk/pr5p/8/8/2n3P1/P2R3P/8 b - - 36 66,b6b4,-3,black
4,133,3K4/3N2pk/p6p/8/1r6/2n3P1/P2R3P/8 w - - 37 67,d8e7,7,white
4,134,8/3NK1pk/p6p/8/1r6/2n3P1/P2R3P/8 b - - 38 67,b4b7,0,black
4,135,8/1r1NK1pk/p6p/8/8/2n3P1/P2R3P/8 w - - 39 68,e7d6,5,white
4,136,8/1r1N2pk/p2K3p/8/8/2n3P1/P2R3P/8 b - - 40 68,b7b1,0,black
4,137,8/3N2pk/p2K3p/8/8/2n3P1/P2R3P/1r6 w - - 41 69,d2c2,0,white
4,138,8/3N2pk/p2K3p/8/8/2n3P1/P1R4P/1r6 b - - 42 69,b1d1,0,black
4,139,8/3N2pk/p2K3p/8/8/2n3P1/P1R4P/3r4 w - - 43 70,d6e7,0,white
4,140,8/3NK1pk/p6p/8/8/2n3P1/P1R4P/3r4 b - - 44 70,c3d5,0,black
4,141,8/3NK1pk/p6p/3n4/8/6P1/P1R4P/3r4 w - - 45 71,e7f7,7,white
4,142,8/3N1Kpk/p6p/3n4/8/6P1/P1R4P/3r4 b - - 46 71,d1f1,0,black
4,143,8/3N1Kpk/p6p/3n4/8/6P1/P1R4P/5r2 w - - 47 72,f7e6,0,white
4,144,8/3N2pk/p3K2p/3n4/8/6P1/P1R4P/5r2 b - - 48 72,d5b4,0,black
4,145,8/3N2pk/p3K2p/8/1n6/6P1/P1R4P/5r2 w - - 49 73,c2d2,0,white
4,146,8/3N2pk/p3K2p/8/1n6/6P1/P2R3P/5r2 b - - 50 73,f1e1,0,black
4,147,8/3N2pk/p3K2p/8/1n6/6P1/P2R3P/4r3 w - - 51 74,e6f7,0,white
4,148,8/3N1Kpk/p6p/8/1n6/6P1/P2R3P/4r3 b - - 52 74,e1f1,0,black
4,149,8/3N1Kpk/p6p/8/1n6/6P1/P2R3P/5r2 w - - 53 75,f7e6,0,white
4,150,8/3N2pk/p3K2p/8/1n6/6P1/P2R3P/5r2 b - - 54 75,f1e1,0,black
5,1,rnbqkbnr/pppppppp/8/8/8/8/PPPPPPPP/RNBQKBNR w KQkq - 0 1,e2e4,36,white
5,2,rnbqkbnr/pppppppp/8/8/4P3/8/PPPP1PPP/RNBQKBNR b KQkq - 0 1,e7e5,-36,black
5,3,rnbqkbnr/pppp1ppp/8/4p3/4P3/8/PPPP1PPP/RNBQKBNR w KQkq - 0 2,g1f3,29,white
5,4,rnbqkbnr/pppp1ppp/8/4p3/4P3/5N2/PPPP1PPP/RNBQKB1R b KQkq - 1 2,b8c6,-26,black
5,5,r1bqkbnr/pppp1ppp/2n5/4p3/4P3/5N2/PPPP1PPP/RNBQKB1R w KQkq - 2 3,f1b5,24,white
5,6,r1bqkbnr/pppp1ppp/2n5/1B2p3/4P3/5N2/PPPP1PPP/RNBQK2R b KQkq - 3 3,g8f6,-34,black
5,7,r1bqkb1r/pppp1ppp/2n2n2/1B2p3/4P3/5N2/PPPP1PPP/RNBQK2R w KQkq - 4 4,e1g1,24,white
5,8,r1bqkb1r/pppp1ppp/2n2n2/1B2p3/4P3/5N2/PPPP1PPP/RNBQ1RK1 b kq - 5 4,f6e4,-25,black
5,9,r1bqkb1r/pppp1ppp/2n5/1B2p3/4n3/5N2/PPPP1PPP/RNBQ1RK1 w kq - 0 5,f1e1,23,white
5,10,r1bqkb1r/pppp1ppp/2n5/1B2p3/4n3/5N2/PPPP1PPP/RNBQR1K1 b kq - 1 5,e4d6,-33,black
5,11,r1bqkb1r/pppp1ppp/2nn4/1B2p3/8/5N2/PPPP1PPP/RNBQR1K1 w kq - 2 6,f3e5,27,white
5,12,r1bqkb1r/pppp1ppp/2nn4/1B2N3/8/8/PPPP1PPP/RNBQR1K1 b kq - 0 6,f8e7,-23,black
5,13,r1bqk2r/ppppbppp/2nn4/1B2N3/8/8/PPPP1PPP/RNBQR1K1 w kq - 1 7,b5f1,26,white
5,14,r1bqk2r/ppppbppp/2nn4/4N3/8/8/PPPP1PPP/RNBQRBK1 b kq - 2 7,c6e5,-33,black
5,15,r1bqk2r/ppppbppp/3n4/4n3/8/8/PPPP1PPP/RNBQRBK1 w kq - 0 8,e1e5,28,white
5,16,r1bqk2r/ppppbppp/3n4/4R3/8/8/PPPP1PPP/RNBQ1BK1 b kq - 0 8,e8g8,-32,black
5,17,r1bq1rk1/ppppbppp/3n4/4R3/8/8/PPPP1PPP/RNBQ1BK1 w - - 1 9,d2d4,20,white
5,18,r1bq1rk1/ppppbppp/3n4/4R3/3P4/8/PPP2PPP/RNBQ1BK1 b - - 0 9,e7f6,-25,black
5,19,r1bq1rk1/pppp1ppp/3n1b2/4R3/3P4/8/PPP2PPP/RNBQ1BK1 w - - 1 10,e5e1,19,white
5,20,r1bq1rk1/pppp1ppp/3n1b2/8/3P4/8/PPP2PPP/RNBQRBK1 b - - 2 10,d6f5,-37,black
5,21,r1bq1rk1/pppp1ppp/5b2/5n2/3P4/8/PPP2PPP/RNBQRBK1 w - - 3 11,c2c3,43,white
5,22,r1bq1rk1/pppp1ppp/5b2/5n2/3P4/2P5/PP3PPP/RNBQRBK1 b - - 0 11,d7d5,-30,black
5,23,r1bq1rk1/ppp2ppp/5b2/3p1n2/3P4/2P5/PP3PPP/RNBQRBK1 w - - 0 12,b1d2,34,white
5,24,r1bq1rk1/ppp2ppp/5b2/3p1n2/3P4/2P5/PP1N1PPP/R1BQRBK1 b - - 1 12,f5d6,-30,black
5,25,r1bq1rk1/ppp2ppp/3n1b2/3p4/3P4/2P5/PP1N1PPP/R1BQRBK1 w - - 2 13,a2a4,22,white
5,26,r1bq1rk1/ppp2ppp/3n1b2/3p4/P2P4/2P5/1P1N1PPP/R1BQRBK1 b - - 0 13,a7a5,-23,black
5,27,r1bq1rk1/1pp2ppp/3n1b2/p2p4/P2P4/2P5/1P1N1PPP/R1BQRBK1 w - - 0 14,d2f3,23,white
5,28,r1bq1rk1/1pp2ppp/3n1b2/p2p4/P2P4/2P2N2/1P3PPP/R1BQRBK1 b - - 1 14,c8f5,-24,black
5,29,r2q1rk1/1pp2ppp/3n1b2/p2p1b2/P2P4/2P2N2/1P3PPP/R1BQRBK1 w - - 2 15,c1f4,27,white
5,30,r2q1rk1/1pp2ppp/3n1b2/p2p1b2/P2P1B2/2P2N2/1P3PPP/R2QRBK1 b - - 3 15,c7c6,-20,black
5,31,r2q1rk1/1p3ppp/2pn1b2/p2p1b2/P2P1B2/2P2N2/1P3PPP/R2QRBK1 w - - 0 16,h2h3,27,white
5,32,r2q1rk1/1p3ppp/2pn1b2/p2p1b2/P2P1B2/2P2N1P/1P3PP1/R2QRBK1 b - - 0 16,f5e4,-23,black
5,33,r2q1rk1/1p3ppp/2pn1b2/p2p4/P2PbB2/2P2N1P/1P3PP1/R2QRBK1 w - - 1 17,f4h2,26,white
5,34,r2q1rk1/1p3ppp/2pn1b2/p2p4/P2Pb3/2P2N1P/1P3PPB/R2QRBK1 b - - 2 17,f8e8,-25,black
5,35,r2qr1k1/1p3ppp/2pn1b2/p2p4/P2Pb3/2P2N1P/1P3PPB/R2QRBK1 w - - 3 18,f3d2,31,white
5,36,r2qr1k1/1p3ppp/2pn1b2/p2p4/P2Pb3/2P4P/1P1N1PPB/R2QRBK1 b - - 4 18,e8e6,-17,black
5,37,r2q2k1/1p3ppp/2pnrb2/p2p4/P2Pb3/2P4P/1P1N1PPB/R2QRBK1 w - - 5 19,d2e4,13,white
5,38,r2q2k1/1p3ppp/2pnrb2/p2p4/P2PN3/2P4P/1P3PPB/R2QRBK1 b - - 0 19,d6e4,-22,black
5,39,r2q2k1/1p3ppp/2p1rb2/p2p4/P2Pn3/2P4P/1P3PPB/R2QRBK1 w - - 0 20,f1d3,20,white
5,40,r2q2k1/1p3ppp/2p1rb2/p2p4/P2Pn3/2PB3P/1P3PPB/R2QR1K1 b - - 1 20,d8e7,-25,black
5,41,r5k1/1p2qppp/2p1rb2/p2p4/P2Pn3/2PB3P/1P3PPB/R2QR1K1 w - - 2 21,d1c2,19,white
5,42,r5k1/1p2qppp/2p1rb2/p2p4/P2Pn3/2PB3P/1PQ2PPB/R3R1K1 b - - 3 21,g7g6,-16,black
5,43,r5k1/1p2qp1p/2p1rbp1/p2p4/P2Pn3/2PB3P/1PQ2PPB/R3R1K1 w - - 0 22,e1e2,15,white
5,44,r5k1/1p2qp1p/2p1rbp1/p2p4/P2Pn3/2PB3P/1PQ1RPPB/R5K1 b - - 1 22,e4g5,-21,black
5,45,r5k1/1p2qp1p/2p1rbp1/p2p2n1/P2P4/2PB3P/1PQ1RPPB/R5K1 w - - 2 23,a1e1,18,white
5,46,r5k1/1p2qp1p/2p1rbp1/p2p2n1/P2P4/2PB3P/1PQ1RPPB/4R1K1 b - - 3 23,e6e2,-25,black
5,47,r5k1/1p2qp1p/2p2bp1/p2p2n1/P2P4/2PB3P/1PQ1rPPB/4R1K1 w - - 0 24,e1e2,23,white
5,48,r5k1/1p2qp1p/2p2bp1/p2p2n1/P2P4/2PB3P/1PQ1RPPB/6K1 b - - 0 24,g5e6,-29,black
5,49,r5k1/1p2qp1p/2p1nbp1/p2p4/P2P4/2PB3P/1PQ1RPPB/6K1 w - - 1 25,f2f4,25,white
5,50,r5k1/1p2qp1p/2p1nbp1/p2p4/P2P1P2/2PB3P/1PQ1R1PB/6K1 b - - 0 25,e7d7,-16,black
5,51,r5k1/1p1q1p1p/2p1nbp1/p2p4/P2P1P2/2PB3P/1PQ1R1PB/6K1 w - - 1 26,f4f5,16,white
5,52,r5k1/1p1q1p1p/2p1nbp1/p2p1P2/P2P4/2PB3P/1PQ1R1PB/6K1 b - - 0 26,e6g7,-17,black
5,53,r5k1/1p1q1pnp/2p2bp1/p2p1P2/P2P4/2PB3P/1PQ1R1PB/6K1 w - - 1 27,g2g4,18,white
5,54,r5k1/1p1q1pnp/2p2bp1/p2p1P2/P2P2P1/2PB3P/1PQ1R2B/6K1 b - - 0 27,g6f5,-17,black
5,55,r5k1/1p1q1pnp/2p2b2/p2p1p2/P2P2P1/2PB3P/1PQ1R2B/6K1 w - - 0 28,c2d2,14,white
5,56,r5k1/1p1q1pnp/2p2b2/p2p1p2/P2P2P1/2PB3P/1P1QR2B/6K1 b - - 1 28,a8e8,-22,black
5,57,4r1k1/1p1q1pnp/2p2b2/p2p1p2/P2P2P1/2PB3P/1P1QR2B/6K1 w - - 2 29,e2g2,7,white
5,58,4r1k1/1p1q1pnp/2p2b2/p2p1p2/P2P2P1/2PB3P/1P1Q2RB/6K1 b - - 3 29,d7e6,-7,black
5,59,4r1k1/1p3pnp/2p1qb2/p2p1p2/P2P2P1/2PB3P/1P1Q2RB/6K1 w - - 4 30,g2e2,9,white
5,60,4r1k1/1p3pnp/2p1qb2/p2p1p2/P2P2P1/2PB3P/1P1QR2B/6K1 b - - 5 30,e6d7,-11,black
5,61,4r1k1/1p1q1pnp/2p2b2/p2p1p2/P2P2P1/2PB3P/1P1QR2B/6K1 w - - 6 31,e2g2,8,white
5,62,4r1k1/1p1q1pnp/2p2b2/p2p1p2/P2P2P1/2PB3P/1P1Q2RB/6K1 b - - 7 31,d7e6,-11,black
5,63,4r1k1/1p3pnp/2p1qb2/p2p1p2/P2P2P1/2PB3P/1P1Q2RB/6K1 w - - 8 32,g4f5,1,white
5,64,4r1k1/1p3pnp/2p1qb2/p2p1P2/P2P4/2PB3P/1P1Q2RB/6K1 b - - 0 32,e6e1,4,black
5,65,4r1k1/1p3pnp/2p2b2/p2p1P2/P2P4/2PB3P/1P1Q2RB/4q1K1 w - - 1 33,d2e1,0,white
5,66,4r1k1/1p3pnp/2p2b2/p2p1P2/P2P4/2PB3P/1P4RB/4Q1K1 b - - 0 33,e8e1,-4,black
5,67,6k1/1p3pnp/2p2b2/p2p1P2/P2P4/2PB3P/1P4RB/4r1K1 w - - 0 34,g1f2,0,white
5,68,6k1/1p3pnp/2p2b2/p2p1P2/P2P4/2PB3P/1P3KRB/4r3 b - - 1 34,e1h1,0,black
5,69,6k1/1p3pnp/2p2b2/p2p1P2/P2P4/2PB3P/1P3KRB/7r w - - 2 35,f2g3,0,white
5,70,6k1/1p3pnp/2p2b2/p2p1P2/P2P4/2PB2KP/1P4RB/7r b - - 3 35,f6e7,0,black
5,71,6k1/1p2bpnp/2p5/p2p1P2/P2P4/2PB2KP/1P4RB/7r w - - 4 36,g3f3,0,white
5,72,6k1/1p2bpnp/2p5/p2p1P2/P2P4/2PB1K1P/1P4RB/7r b - - 5 36,h7h6,0,black
5,73,6k1/1p2bpn1/2p4p/p2p1P2/P2P4/2PB1K1P/1P4RB/7r w - - 0 37,d3c2,0,white
5,74,6k1/1p2bpn1/2p4p/p2p1P2/P2P4/2P2K1P/1PB3RB/7r b - - 1 37,g8f8,0,black
5,75,5k2/1p2bpn1/2p4p/p2p1P2/P2P4/2P2K1P/1PB3RB/7r w - - 2 38,g2f2,0,white
5,76,5k2/1p2bpn1/2p4p/p2p1P2/P2P4/2P2K1P/1PB2R1B/7r b - - 3 38,e7g5,0,black
5,77,5k2/1p3pn1/2p4p/p2p1Pb1/P2P4/2P2K1P/1PB2R1B/7r w - - 4 39,f2e2,0,white
5,78,5k2/1p3pn1/2p4p/p2p1Pb1/P2P4/2P2K1P/1PB1R2B/7r b - - 5 39,g7h5,0,black
5,79,5k2/1p3p2/2p4p/p2p1Pbn/P2P4/2P2K1P/1PB1R2B/7r w - - 6 40,f3g4,0,white
5,80,5k2/1p3p2/2p4p/p2p1Pbn/P2P2K1/2P4P/1PB1R2B/7r b - - 7 40,h5f6,0,black
5,81,5k2/1p3p2/2p2n1p/p2p1Pb1/P2P2K1/2P4P/1PB1R2B/7r w - - 8 41,g4g3,0,white
5,82,5k2/1p3p2/2p2n1p/p2p1Pb1/P2P4/2P3KP/1PB1R2B/7r b - - 9 41,f6h5,0,black
5,83,5k2/1p3p2/2p4p/p2p1Pbn/P2P4/2P3KP/1PB1R2B/7r w - - 10 42,g3g4,0,white
5,84,5k2/1p3p2/2p4p/p2p1Pbn/P2P2K1/2P4P/1PB1R2B/7r b - - 11 42,h5f6,0,black
5,85,5k2/1p3p2/2p2n1p/p2p1Pb1/P2P2K1/2P4P/1PB1R2B/7r w - - 12 43,g4f3,0,white
5,86,5k2/1p3p2/2p2n1p/p2p1Pb1/P2P4/2P2K1P/1PB1R2B/7r b - - 13 43,h6h5,0,black
5,87,5k2/1p3p2/2p2n2/p2p1Pbp/P2P4/2P2K1P/1PB1R2B/7r w - - 0 44,f3g2,0,white
5,88,5k2/1p3p2/2p2n2/p2p1Pbp/P2P4/2P4P/1PB1R1KB/7r b - - 1 44,h1c1,0,black
5,89,5k2/1p3p2/2p2n2/p2p1Pbp/P2P4/2P4P/1PB1R1KB/2r5 w - - 2 45,h2c7,0,white
5,90,5k2/1pB2p2/2p2n2/p2p1Pbp/P2P4/2P4P/1PB1R1K1/2r5 b - - 3 45,h5h4,0,black
5,91,5k2/1pB2p2/2p2n2/p2p1Pb1/P2P3p/2P4P/1PB1R1K1/2r5 w - - 0 46,g2f3,0,white
5,92,5k2/1pB2p2/2p2n2/p2p1Pb1/P2P3p/2P2K1P/1PB1R3/2r5 b - - 1 46,c1h1,0,black
5,93,5k2/1pB2p2/2p2n2/p2p1Pb1/P2P3p/2P2K1P/1PB1R3/7r w - - 2 47,f3g2,0,white
5,94,5k2/1pB2p2/2p2n2/p2p1Pb1/P2P3p/2P4P/1PB1R1K1/7r b - - 3 47,h1c1,0,black
5,95,5k2/1pB2p2/2p2n2/p2p1Pb1/P2P3p/2P4P/1PB1R1K1/2r5 w - - 4 48,g2f3,0,white
5,96,5k2/1pB2p2/2p2n2/p2p1Pb1/P2P3p/2P2K1P/1PB1R3/2r5 b - - 5 48,c1f1,0,black
5,97,5k2/1pB2p2/2p2n2/p2p1Pb1/P2P3p/2P2K1P/1PB1R3/5r2 w - - 6 49,f3g2,0,white
5,98,5k2/1pB2p2/2p2n2/p2p1Pb1/P2P3p/2P4P/1PB1R1K1/5r2 b - - 7 49,f1c1,0,black
5,99,5k2/1pB2p2/2p2n2/p2p1Pb1/P2P3p/2P4P/1PB1R1K1/2r5 w - - 8 50,g2f3,0,white
5,100,5k2/1pB2p2/2p2n2/p2p1Pb1/P2P3p/2P2K1P/1PB1R3/2r5 b - - 9 50,c1h1,0,black
5,101,5k2/1pB2p2/2p2n2/p2p1Pb1/P2P3p/2P2K1P/1PB1R3/7r w - - 10 51,f3g2,0,white
5,102,5k2/1pB2p2/2p2n2/p2p1Pb1/P2P3p/2P4P/1PB1R1K1/7r b - - 11 51,h1c1,0,black
5,103,5k2/1pB2p2/2p2n2/p2p1Pb1/P2P3p/2P4P/1PB1R1K1/2r5 w - - 12 52,g2f3,0,white
5,104,5k2/1pB2p2/2p2n2/p2p1Pb1/P2P3p/2P2K1P/1PB1R3/2r5 b - - 13 52,c1f1,0,black
5,105,5k2/1pB2p2/2p2n2/p2p1Pb1/P2P3p/2P2K1P/1PB1R3/5r2 w - - 14 53,e2f2,0,white
5,106,5k2/1pB2p2/2p2n2/p2p1Pb1/P2P3p/2P2K1P/1PB2R2/5r2 b - - 15 53,f1e1,0,black
5,107,5k2/1pB2p2/2p2n2/p2p1Pb1/P2P3p/2P2K1P/1PB2R2/4r3 w - - 16 54,f2e2,0,white
5,108,5k2/1pB2p2/2p2n2/p2p1Pb1/P2P3p/2P2K1P/1PB1R3/4r3 b - - 17 54,e1h1,0,black
5,109,5k2/1pB2p2/2p2n2/p2p1Pb1/P2P3p/2P2K1P/1PB1R3/7r w - - 18 55,f3g2,0,white
5,110,5k2/1pB2p2/2p2n2/p2p1Pb1/P2P3p/2P4P/1PB1R1K1/7r b - - 19 55,h1c1,0,black
6,1,rnbqkbnr/pppppppp/8/8/8/8/PPPPPPPP/RNBQKBNR w KQkq - 0 1,e2e4,19,white
6,2,rnbqkbnr/pppppppp/8/8/4P3/8/PPPP1PPP/RNBQKBNR b KQkq - 0 1,e7e5,-32,black
6,3,rnbqkbnr/pppp1ppp/8/4p3/4P3/8/PPPP1PPP/RNBQKBNR w KQkq - 0 2,g1f3,25,white
6,4,rnbqkbnr/pppp1ppp/8/4p3/4P3/5N2/PPPP1PPP/RNBQKB1R b KQkq - 1 2,b8c6,-31,black
6,5,r1bqkbnr/pppp1ppp/2n5/4p3/4P3/5N2/PPPP1PPP/RNBQKB1R w KQkq - 2 3,f1b5,27,white
6,6,r1bqkbnr/pppp1ppp/2n5/1B2p3/4P3/5N2/PPPP1PPP/RNBQK2R b KQkq - 3 3,g8f6,-24,black
6,7,r1bqkb1r/pppp1ppp/2n2n2/1B2p3/4P3/5N2/PPPP1PPP/RNBQK2R w KQkq - 4 4,e1g1,22,white
6,8,r1bqkb1r/pppp1ppp/2n2n2/1B2p3/4P3/5N2/PPPP1PPP/RNBQ1RK1 b kq - 5 4,f6e4,-29,black
6,9,r1bqkb1r/pppp1ppp/2n5/1B2p3/4n3/5N2/PPPP1PPP/RNBQ1RK1 w kq - 0 5,f1e1,32,white
6,10,r1bqkb1r/pppp1ppp/2n5/1B2p3/4n3/5N2/PPPP1PPP/RNBQR1K1 b kq - 1 5,e4d6,-31,black
6,11,r1bqkb1r/pppp1ppp/2nn4/1B2p3/8/5N2/PPPP1PPP/RNBQR1K1 w kq - 2 6,f3e5,25,white
6,12,r1bqkb1r/pppp1ppp/2nn4/1B2N3/8/8/PPPP1PPP/RNBQR1K1 b kq - 0 6,c6e5,-36,black
6,13,r1bqkb1r/pppp1ppp/3n4/1B2n3/8/8/PPPP1PPP/RNBQR1K1 w kq - 0 7,e1e5,30,white
6,14,r1bqkb1r/pppp1ppp/3n4/1B2R3/8/8/PPPP1PPP/RNBQ2K1 b kq - 0 7,f8e7,-34,black
6,15,r1bqk2r/ppppbppp/3n4/1B2R3/8/8/PPPP1PPP/RNBQ2K1 w kq - 1 8,b5f1,36,white
6,16,r1bqk2r/ppppbppp/3n4/4R3/8/8/PPPP1PPP/RNBQ1BK1 b kq - 2 8,e8g8,-29,black
6,17,r1bq1rk1/ppppbppp/3n4/4R3/8/8/PPPP1PPP/RNBQ1BK1 w - - 3 9,d2d4,42,white
6,18,r1bq1rk1/ppppbppp/3n4/4R3/3P4/8/PPP2PPP/RNBQ1BK1 b - - 0 9,d6e8,-39,black
6,19,r1bqnrk1/ppppbppp/8/4R3/3P4/8/PPP2PPP/RNBQ1BK1 w - - 1 10,d4d5,43,white
6,20,r1bqnrk1/ppppbppp/8/3PR3/8/8/PPP2PPP/RNBQ1BK1 b - - 0 10,e7c5,-39,black
6,21,r1bqnrk1/pppp1ppp/8/2bPR3/8/8/PPP2PPP/RNBQ1BK1 w - - 1 11,e5e1,40,white
6,22,r1bqnrk1/pppp1ppp/8/2bP4/8/8/PPP2PPP/RNBQRBK1 b - - 2 11,d7d6,-35,black
6,23,r1bqnrk1/ppp2ppp/3p4/2bP4/8/8/PPP2PPP/RNBQRBK1 w - - 0 12,b1c3,32,white
6,24,r1bqnrk1/ppp2ppp/3p4/2bP4/8/2N5/PPP2PPP/R1BQRBK1 b - - 1 12,c8f5,-29,black
6,25,r2qnrk1/ppp2ppp/3p4/2bP1b2/8/2N5/PPP2PPP/R1BQRBK1 w - - 2 13,f1d3,36,white
6,26,r2qnrk1/ppp2ppp/3p4/2bP1b2/8/2NB4/PPP2PPP/R1BQR1K1 b - - 3 13,f5g6,-43,black
6,27,r2qnrk1/ppp2ppp/3p2b1/2bP4/8/2NB4/PPP2PPP/R1BQR1K1 w - - 4 14,d3g6,39,white
6,28,r2qnrk1/ppp2ppp/3p2B1/2bP4/8/2N5/PPP2PPP/R1BQR1K1 b - - 0 14,h7g6,-34,black
6,29,r2qnrk1/ppp2pp1/3p2p1/2bP4/8/2N5/PPP2PPP/R1BQR1K1 w - - 0 15,h2h3,35,white
6,30,r2qnrk1/ppp2pp1/3p2p1/2bP4/8/2N4P/PPP2PP1/R1BQR1K1 b - - 0 15,d8h4,-38,black
6,31,r3nrk1/ppp2pp1/3p2p1/2bP4/7q/2N4P/PPP2PP1/R1BQR1K1 w - - 1 16,c3e4,27,white
6,32,r3nrk1/ppp2pp1/3p2p1/2bP4/4N2q/7P/PPP2PP1/R1BQR1K1 b - - 2 16,e8f6,-14,black
6,33,r4rk1/ppp2pp1/3p1np1/2bP4/4N2q/7P/PPP2PP1/R1BQR1K1 w - - 3 17,d1f3,17,white
6,34,r4rk1/ppp2pp1/3p1np1/2bP4/4N2q/5Q1P/PPP2PP1/R1B1R1K1 b - - 4 17,f6e4,-16,black
6,35,r4rk1/ppp2pp1/3p2p1/2bP4/4n2q/5Q1P/PPP2PP1/R1B1R1K1 w - - 0 18,e1e4,26,white
6,36,r4rk1/ppp2pp1/3p2p1/2bP4/4R2q/5Q1P/PPP2PP1/R1B3K1 b - - 0 18,h4h5,-21,black
6,37,r4rk1/ppp2pp1/3p2p1/2bP3q/4R3/5Q1P/PPP2PP1/R1B3K1 w - - 1 19,f3h5,27,white
6,38,r4rk1/ppp2pp1/3p2p1/2bP3Q/4R3/7P/PPP2PP1/R1B3K1 b - - 0 19,g6h5,-15,black
6,39,r4rk1/ppp2pp1/3p4/2bP3p/4R3/7P/PPP2PP1/R1B3K1 w - - 0 20,c1d2,15,white
6,40,r4rk1/ppp2pp1/3p4/2bP3p/4R3/7P/PPPB1PP1/R5K1 b - - 1 20,f7f5,-19,black
6,41,r4rk1/ppp3p1/3p4/2bP1p1p/4R3/7P/PPPB1PP1/R5K1 w - - 0 21,e4h4,47,white
6,42,r4rk1/ppp3p1/3p4/2bP1p1p/7R/7P/PPPB1PP1/R5K1 b - - 1 21,f8e8,-16,black
6,43,r3r1k1/ppp3p1/3p4/2bP1p1p/7R/7P/PPPB1PP1/R5K1 w - - 2 22,g1f1,26,white
6,44,r3r1k1/ppp3p1/3p4/2bP1p1p/7R/7P/PPPB1PP1/R4K2 b - - 3 22,g7g6,-31,black
6,45,r3r1k1/ppp5/3p2p1/2bP1p1p/7R/7P/PPPB1PP1/R4K2 w - - 0 23,a2a4,24,white
6,46,r3r1k1/ppp5/3p2p1/2bP1p1p/P6R/7P/1PPB1PP1/R4K2 b - - 0 23,a7a5,-23,black
6,47,r3r1k1/1pp5/3p2p1/p1bP1p1p/P6R/7P/1PPB1PP1/R4K2 w - - 0 24,a1e1,27,white
6,48,r3r1k1/1pp5/3p2p1/p1bP1p1p/P6R/7P/1PPB1PP1/4RK2 b - - 1 24,c5b6,-24,black
6,49,r3r1k1/1pp5/1b1p2p1/p2P1p1p/P6R/7P/1PPB1PP1/4RK2 w - - 2 25,g2g4,19,white
6,50,r3r1k1/1pp5/1b1p2p1/p2P1p1p/P5PR/7P/1PPB1P2/4RK2 b - - 0 25,e8e1,-14,black
6,51,r5k1/1pp5/1b1p2p1/p2P1p1p/P5PR/7P/1PPB1P2/4rK2 w - - 0 26,d2e1,14,white
6,52,r5k1/1pp5/1b1p2p1/p2P1p1p/P5PR/7P/1PP2P2/4BK2 b - - 0 26,h5g4,-15,black
6,53,r5k1/1pp5/1b1p2p1/p2P1p2/P5pR/7P/1PP2P2/4BK2 w - - 0 27,h3g4,19,white
6,54,r5k1/1pp5/1b1p2p1/p2P1p2/P5PR/8/1PP2P2/4BK2 b - - 0 27,f5g4,-20,black
6,55,r5k1/1pp5/1b1p2p1/p2P4/P5pR/8/1PP2P2/4BK2 w - - 0 28,h4g4,21,white
6,56,r5k1/1pp5/1b1p2p1/p2P4/P5R1/8/1PP2P2/4BK2 b - - 0 28,g8f7,-21,black
6,57,r7/1pp2k2/1b1p2p1/p2P4/P5R1/8/1PP2P2/4BK2 w - - 1 29,e1c3,35,white
6,58,r7/1pp2k2/1b1p2p1/p2P4/P5R1/2B5/1PP2P2/5K2 b - - 2 29,a8g8,-37,black
6,59,6r1/1pp2k2/1b1p2p1/p2P4/P5R1/2B5/1PP2P2/5K2 w - - 3 30,f1g2,46,white
6,60,6r1/1pp2k2/1b1p2p1/p2P4/P5R1/2B5/1PP2PK1/8 b - - 4 30,f7e8,-35,black
6,61,4k1r1/1pp5/1b1p2p1/p2P4/P5R1/2B5/1PP2PK1/8 w - - 5 31,c3f6,27,white
6,62,4k1r1/1pp5/1b1p1Bp1/p2P4/P5R1/8/1PP2PK1/8 b - - 6 31,c7c6,-27,black
6,63,4k1r1/1p6/1bpp1Bp1/p2P4/P5R1/8/1PP2PK1/8 w - - 0 32,c2c4,39,white
6,64,4k1r1/1p6/1bpp1Bp1/p2P4/P1P3R1/8/1P3PK1/8 b - - 0 32,e8d7,-23,black
6,65,6r1/1p1k4/1bpp1Bp1/p2P4/P1P3R1/8/1P3PK1/8 w - - 1 33,g2g3,35,white
6,66,6r1/1p1k4/1bpp1Bp1/p2P4/P1P3R1/6K1/1P3P2/8 b - - 2 33,b6d8,-32,black
6,67,3b2r1/1p1k4/2pp1Bp1/p2P4/P1P3R1/6K1/1P3P2/8 w - - 3 34,f6c3,26,white
6,68,3b2r1/1p1k4/2pp2p1/p2P4/P1P3R1/2B3K1/1P3P2/8 b - - 4 34,g6g5,-36,black
6,69,3b2r1/1p1k4/2pp4/p2P2p1/P1P3R1/2B3K1/1P3P2/8 w - - 0 35,c3d2,34,white
6,70,3b2r1/1p1k4/2pp4/p2P2p1/P1P3R1/6K1/1P1B1P2/8 b - - 1 35,d8f6,-24,black
6,71,6r1/1p1k4/2pp1b2/p2P2p1/P1P3R1/6K1/1P1B1P2/8 w - - 2 36,b2b3,20,white
6,72,6r1/1p1k4/2pp1b2/p2P2p1/P1P3R1/1P4K1/3B1P2/8 b - - 0 36,c6d5,-20,black
6,73,6r1/1p1k4/3p1b2/p2p2p1/P1P3R1/1P4K1/3B1P2/8 w - - 0 37,c4d5,19,white
6,74,6r1/1p1k4/3p1b2/p2P2p1/P5R1/1P4K1/3B1P2/8 b - - 0 37,b7b6,-15,black
6,75,6r1/3k4/1p1p1b2/p2P2p1/P5R1/1P4K1/3B1P2/8 w - - 0 38,g3f3,11,white
6,76,6r1/3k4/1p1p1b2/p2P2p1/P5R1/1P3K2/3B1P2/8 b - - 1 38,g8c8,-12,black
6,77,2r5/3k4/1p1p1b2/p2P2p1/P5R1/1P3K2/3B1P2/8 w - - 2 39,f3e4,8,white
6,78,2r5/3k4/1p1p1b2/p2P2p1/P3K1R1/1P6/3B1P2/8 b - - 3 39,c8c2,-5,black
6,79,8/3k4/1p1p1b2/p2P2p1/P3K1R1/1P6/2rB1P2/8 w - - 4 40,d2e3,3,white
6,80,8/3k4/1p1p1b2/p2P2p1/P3K1R1/1P2B3/2r2P2/8 b - - 5 40,b6b5,-10,black
6,81,8/3k4/3p1b2/pp1P2p1/P3K1R1/1P2B3/2r2P2/8 w - - 0 41,e4f5,9,white
6,82,8/3k4/3p1b2/pp1P1Kp1/P5R1/1P2B3/2r2P2/8 b - - 1 41,f6d8,-8,black
6,83,3b4/3k4/3p4/pp1P1Kp1/P5R1/1P2B3/2r2P2/8 w - - 2 42,b3b4,8,white
6,84,3b4/3k4/3p4/pp1P1Kp1/PP4R1/4B3/2r2P2/8 b - - 0 42,c2b2,-1,black
6,85,3b4/3k4/3p4/pp1P1Kp1/PP4R1/4B3/1r3P2/8 w - - 1 43,b4a5,0,white
6,86,3b4/3k4/3p4/Pp1P1Kp1/P5R1/4B3/1r3P2/8 b - - 0 43,d8a5,-2,black
6,87,8/3k4/3p4/bp1P1Kp1/P5R1/4B3/1r3P2/8 w - - 0 44,a4b5,1,white
6,88,8/3k4/3p4/bP1P1Kp1/6R1/4B3/1r3P2/8 b - - 0 44,b2b5,-2,black
6,89,8/3k4/3p4/br1P1Kp1/6R1/4B3/5P2/8 w - - 0 45,f5e4,5,white
6,90,8/3k4/3p4/br1P2p1/4K1R1/4B3/5P2/8 b - - 1 45,a5d8,-2,black
6,91,3b4/3k4/3p4/1r1P2p1/4K1R1/4B3/5P2/8 w - - 2 46,g4g1,5,white
6,92,3b4/3k4/3p4/1r1P2p1/4K3/4B3/5P2/6R1 b - - 3 46,d7e8,-10,black
6,93,3bk3/8/3p4/1r1P2p1/4K3/4B3/5P2/6R1 w - - 4 47,g1h1,5,white
6,94,3bk3/8/3p4/1r1P2p1/4K3/4B3/5P2/7R b - - 5 47,e8f7,-2,black
6,95,3b4/5k2/3p4/1r1P2p1/4K3/4B3/5P2/7R w - - 6 48,h1h7,0,white
6,96,3b4/5k1R/3p4/1r1P2p1/4K3/4B3/5P2/8 b - - 7 48,f7e8,0,black
6,97,3bk3/7R/3p4/1r1P2p1/4K3/4B3/5P2/8 w - - 8 49,h7h8,2,white
6,98,3bk2R/8/3p4/1r1P2p1/4K3/4B3/5P2/8 b - - 9 49,e8d7,-3,black
6,99,3b3R/3k4/3p4/1r1P2p1/4K3/4B3/5P2/8 w - - 10 50,h8h7,6,white
6,100,3b4/3k3R/3p4/1r1P2p1/4K3/4B3/5P2/8 b - - 11 50,d7e8,0,black
6,101,3bk3/7R/3p4/1r1P2p1/4K3/4B3/5P2/8 w - - 12 51,h7h8,2,white
6,102,3bk2R/8/3p4/1r1P2p1/4K3/4B3/5P2/8 b - - 13 51,e8d7,-5,black
6,103,3b3R/3k4/3p4/1r1P2p1/4K3/4B3/5P2/8 w - - 14 52,h8h1,0,white
6,104,3b4/3k4/3p4/1r1P2p1/4K3/4B3/5P2/7R b - - 15 52,d7e8,0,black
6,105,3bk3/8/3p4/1r1P2p1/4K3/4B3/5P2/7R w - - 16 53,h1a1,0,white
6,106,3bk3/8/3p4/1r1P2p1/4K3/4B3/5P2/R7 b - - 17 53,e8f7,0,black
6,107,3b4/5k2/3p4/1r1P2p1/4K3/4B3/5P2/R7 w - - 18 54,a1a7,4,white
6,108,3b4/R4k2/3p4/1r1P2p1/4K3/4B3/5P2/8 b - - 19 54,f7e8,0,black
6,109,3bk3/R7/3p4/1r1P2p1/4K3/4B3/5P2/8 w - - 20 55,a7a8,0,white
6,110,R2bk3/8/3p4/1r1P2p1/4K3/4B3/5P2/8 b - - 21 55,e8d7,0,black
6,111,R2b4/3k4/3p4/1r1P2p1/4K3/4B3/5P2/8 w - - 22 56,a8a1,0,white
6,112,3b4/3k4/3p4/1r1P2p1/4K3/4B3/5P2/R7 b - - 23 56,d7e8,0,black
6,113,3bk3/8/3p4/1r1P2p1/4K3/4B3/5P2/R7 w - - 24 57,a1a8,0,white
6,114,R2bk3/8/3p4/1r1P2p1/4K3/4B3/5P2/8 b - - 25 57,e8d7,0,black
6,115,R2b4/3k4/3p4/1r1P2p1/4K3/4B3/5P2/8 w - - 26 58,a8a2,0,white
6,116,3b4/3k4/3p4/1r1P2p1/4K3/4B3/R4P2/8 b - - 27 58,d7e8,0,black
6,117,3bk3/8/3p4/1r1P2p1/4K3/4B3/R4P2/8 w - - 28 59,a2a1,0,white
6,118,3bk3/8/3p4/1r1P2p1/4K3/4B3/5P2/R7 b - - 29 59,e8f7,0,black
6,119,3b4/5k2/3p4/1r1P2p1/4K3/4B3/5P2/R7 w - - 30 60,a1a7,0,white
6,120,3b4/R4k2/3p4/1r1P2p1/4K3/4B3/5P2/8 b - - 31 60,f7e8,0,black
6,121,3bk3/R7/3p4/1r1P2p1/4K3/4B3/5P2/8 w - - 32 61,a7a2,0,white
6,122,3bk3/8/3p4/1r1P2p1/4K3/4B3/R4P2/8 b - - 33 61,e8f7,0,black
6,123,3b4/5k2/3p4/1r1P2p1/4K3/4B3/R4P2/8 w - - 34 62,a2a7,0,white
6,124,3b4/R4k2/3p4/1r1P2p1/4K3/4B3/5P2/8 b - - 35 62,f7e8,0,black
6,125,3bk3/R7/3p4/1r1P2p1/4K3/4B3/5P2/8 w - - 36 63,a7a2,0,white
6,126,3bk3/8/3p4/1r1P2p1/4K3/4B3/R4P2/8 b - - 37 63,e8f7,0,black
6,127,3b4/5k2/3p4/1r1P2p1/4K3/4B3/R4P2/8 w - - 38 64,a2a8,0,white
6,128,R2b4/5k2/3p4/1r1P2p1/4K3/4B3/5P2/8 b - - 39 64,d8e7,0,black
6,129,R7/4bk2/3p4/1r1P2p1/4K3/4B3/5P2/8 w - - 40 65,a8a7,0,white
6,130,8/R3bk2/3p4/1r1P2p1/4K3/4B3/5P2/8 b - - 41 65,b5b4,0,black
6,131,8/R3bk2/3p4/3P2p1/1r2K3/4B3/5P2/8 w - - 42 66,e4f5,0,white
6,132,8/R3bk2/3p4/3P1Kp1/1r6/4B3/5P2/8 b - - 43 66,b4b5,0,black
6,133,8/R3bk2/3p4/1r1P1Kp1/8/4B3/5P2/8 w - - 44 67,f5e4,0,white
6,134,8/R3bk2/3p4/1r1P2p1/4K3/4B3/5P2/8 b - - 45 67,b5b4,0,black
6,135,8/R3bk2/3p4/3P2p1/1r2K3/4B3/5P2/8 w - - 46 68,e4f5,0,white
6,136,8/R3bk2/3p4/3P1Kp1/1r6/4B3/5P2/8 b - - 47 68,b4b5,0,black
6,137,8/R3bk2/3p4/1r1P1Kp1/8/4B3/5P2/8 w - - 48 69,f5e4,0,white
6,138,8/R3bk2/3p4/1r1P2p1/4K3/4B3/5P2/8 b - - 49 69,b5b4,0,black
6,139,8/R3bk2/3p4/3P2p1/1r2K3/4B3/5P2/8 w - - 50 70,e4f5,0,white
6,140,8/R3bk2/3p4/3P1Kp1/1r6/4B3/5P2/8 b - - 51 70,b4b5,0,black
6,141,8/R3bk2/3p4/1r1P1Kp1/8/4B3/5P2/8 w - - 52 71,f5e4,0,white
6,142,8/R3bk2/3p4/1r1P2p1/4K3/4B3/5P2/8 b - - 53 71,b5b4,0,black
6,143,8/R3bk2/3p4/3P2p1/1r2K3/4B3/5P2/8 w - - 54 72,e4f5,0,white
6,144,8/R3bk2/3p4/3P1Kp1/1r6/4B3/5P2/8 b - - 55 72,b4b5,0,black
6,145,8/R3bk2/3p4/1r1P1Kp1/8/4B3/5P2/8 w - - 56 73,f5e4,0,white
7,1,rnbqkbnr/pppppppp/8/8/8/8/PPPPPPPP/RNBQKBNR w KQkq - 0 1,e2e4,25,white
7,2,rnbqkbnr/pppppppp/8/8/4P3/8/PPPP1PPP/RNBQKBNR b KQkq - 0 1,e7e5,-22,black
7,3,rnbqkbnr/pppp1ppp/8/4p3/4P3/8/PPPP1PPP/RNBQKBNR w KQkq - 0 2,g1f3,30,white
7,4,rnbqkbnr/pppp1ppp/8/4p3/4P3/5N2/PPPP1PPP/RNBQKB1R b KQkq - 1 2,b8c6,-36,black
7,5,r1bqkbnr/pppp1ppp/2n5/4p3/4P3/5N2/PPPP1PPP/RNBQKB1R w KQkq - 2 3,f1b5,29,white
7,6,r1bqkbnr/pppp1ppp/2n5/1B2p3/4P3/5N2/PPPP1PPP/RNBQK2R b KQkq - 3 3,a7a6,-24,black
7,7,r1bqkbnr/1ppp1ppp/p1n5/1B2p3/4P3/5N2/PPPP1PPP/RNBQK2R w KQkq - 0 4,b5a4,35,white
7,8,r1bqkbnr/1ppp1ppp/p1n5/4p3/B3P3/5N2/PPPP1PPP/RNBQK2R b KQkq - 1 4,g8f6,-35,black
7,9,r1bqkb1r/1ppp1ppp/p1n2n2/4p3/B3P3/5N2/PPPP1PPP/RNBQK2R w KQkq - 2 5,e1g1,27,white
7,10,r1bqkb1r/1ppp1ppp/p1n2n2/4p3/B3P3/5N2/PPPP1PPP/RNBQ1RK1 b kq - 3 5,f6e4,-27,black
7,11,r1bqkb1r/1ppp1ppp/p1n5/4p3/B3n3/5N2/PPPP1PPP/RNBQ1RK1 w kq - 0 6,d2d4,27,white
7,12,r1bqkb1r/1ppp1ppp/p1n5/4p3/B2Pn3/5N2/PPP2PPP/RNBQ1RK1 b kq - 0 6,b7b5,-28,black
7,13,r1bqkb1r/2pp1ppp/p1n5/1p2p3/B2Pn3/5N2/PPP2PPP/RNBQ1RK1 w kq - 0 7,a4b3,28,white
7,14,r1bqkb1r/2pp1ppp/p1n5/1p2p3/3Pn3/1B3N2/PPP2PPP/RNBQ1RK1 b kq - 1 7,d7d5,-31,black
7,15,r1bqkb1r/2p2ppp/p1n5/1p1pp3/3Pn3/1B3N2/PPP2PPP/RNBQ1RK1 w kq - 0 8,d4e5,36,white
7,16,r1bqkb1r/2p2ppp/p1n5/1p1pP3/4n3/1B3N2/PPP2PPP/RNBQ1RK1 b kq - 0 8,c8e6,-41,black
7,17,r2qkb1r/2p2ppp/p1n1b3/1p1pP3/4n3/1B3N2/PPP2PPP/RNBQ1RK1 w kq - 1 9,c2c3,30,white
7,18,r2qkb1r/2p2ppp/p1n1b3/1p1pP3/4n3/1BP2N2/PP3PPP/RNBQ1RK1 b kq - 0 9,f8e7,-39,black
7,19,r2qk2r/2p1bppp/p1n1b3/1p1pP3/4n3/1BP2N2/PP3PPP/RNBQ1RK1 w kq - 1 10,b1d2,41,white
7,20,r2qk2r/2p1bppp/p1n1b3/1p1pP3/4n3/1BP2N2/PP1N1PPP/R1BQ1RK1 b kq - 2 10,e4c5,-35,black
7,21,r2qk2r/2p1bppp/p1n1b3/1pnpP3/8/1BP2N2/PP1N1PPP/R1BQ1RK1 w kq - 3 11,b3c2,48,white
7,22,r2qk2r/2p1bppp/p1n1b3/1pnpP3/8/2P2N2/PPBN1PPP/R1BQ1RK1 b kq - 4 11,d5d4,-37,black
7,23,r2qk2r/2p1bppp/p1n1b3/1pn1P3/3p4/2P2N2/PPBN1PPP/R1BQ1RK1 w kq - 0 12,d2b3,42,white
7,24,r2qk2r/2p1bppp/p1n1b3/1pn1P3/3p4/1NP2N2/PPB2PPP/R1BQ1RK1 b kq - 1 12,d4d3,-38,black
7,25,r2qk2r/2p1bppp/p1n1b3/1pn1P3/8/1NPp1N2/PPB2PPP/R1BQ1RK1 w kq - 0 13,c2b1,38,white
7,26,r2qk2r/2p1bppp/p1n1b3/1pn1P3/8/1NPp1N2/PP3PPP/RBBQ1RK1 b kq - 1 13,c5b3,-35,black
7,27,r2qk2r/2p1bppp/p1n1b3/1p2P3/8/1nPp1N2/PP3PPP/RBBQ1RK1 w kq - 0 14,a2b3,31,white
7,28,r2qk2r/2p1bppp/p1n1b3/1p2P3/8/1PPp1N2/1P3PPP/RBBQ1RK1 b kq - 0 14,e6f5,-32,black
7,29,r2qk2r/2p1bppp/p1n5/1p2Pb2/8/1PPp1N2/1P3PPP/RBBQ1RK1 w kq - 1 15,b3b4,31,white
7,30,r2qk2r/2p1bppp/p1n5/1p2Pb2/1P6/2Pp1N2/1P3PPP/RBBQ1RK1 b kq - 0 15,e8g8,-37,black
7,31,r2q1rk1/2p1bppp/p1n5/1p2Pb2/1P6/2Pp1N2/1P3PPP/RBBQ1RK1 w - - 1 16,c1f4,32,white
7,32,r2q1rk1/2p1bppp/p1n5/1p2Pb2/1P3B2/2Pp1N2/1P3PPP/RB1Q1RK1 b - - 2 16,d8d5,-33,black
7,33,r4rk1/2p1bppp/p1n5/1p1qPb2/1P3B2/2Pp1N2/1P3PPP/RB1Q1RK1 w - - 3 17,f1e1,38,white
7,34,r4rk1/2p1bppp/p1n5/1p1qPb2/1P3B2/2Pp1N2/1P3PPP/RB1QR1K1 b - - 4 17,a6a5,-36,black
7,35,r4rk1/2p1bppp/2n5/pp1qPb2/1P3B2/2Pp1N2/1P3PPP/RB1QR1K1 w - - 0 18,b4a5,37,white
7,36,r4rk1/2p1bppp/2n5/Pp1qPb2/5B2/2Pp1N2/1P3PPP/RB1QR1K1 b - - 0 18,d5c4,-31,black
7,37,r4rk1/2p1bppp/2n5/Pp2Pb2/2q2B2/2Pp1N2/1P3PPP/RB1QR1K1 w - - 1 19,f4g3,41,white
7,38,r4rk1/2p1bppp/2n5/Pp2Pb2/2q5/2Pp1NB1/1P3PPP/RB1QR1K1 b - - 2 19,a8a5,-41,black
7,39,5rk1/2p1bppp/2n5/rp2Pb2/2q5/2Pp1NB1/1P3PPP/RB1QR1K1 w - - 0 20,a1a5,40,white
7,40,5rk1/2p1bppp/2n5/Rp2Pb2/2q5/2Pp1NB1/1P3PPP/1B1QR1K1 b - - 0 20,c6a5,-35,black
7,41,5rk1/2p1bppp/8/np2Pb2/2q5/2Pp1NB1/1P3PPP/1B1QR1K1 w - - 0 21,e5e6,43,white
7,42,5rk1/2p1bppp/4P3/np3b2/2q5/2Pp1NB1/1P3PPP/1B1QR1K1 b - - 0 21,f7e6,-42,black
7,43,5rk1/2p1b1pp/4p3/np3b2/2q5/2Pp1NB1/1P3PPP/1B1QR1K1 w - - 0 22,f3d4,37,white
7,44,5rk1/2p1b1pp/4p3/np3b2/2qN4/2Pp2B1/1P3PPP/1B1QR1K1 b - - 1 22,d3d2,-42,black
7,45,5rk1/2p1b1pp/4p3/np3b2/2qN4/2P3B1/1P1p1PPP/1B1QR1K1 w - - 0 23,d1d2,40,white
7,46,5rk1/2p1b1pp/4p3/np3b2/2qN4/2P3B1/1P1Q1PPP/1B2R1K1 b - - 0 23,f5b1,-42,black
7,47,5rk1/2p1b1pp/4p3/np6/2qN4/2P3B1/1P1Q1PPP/1b2R1K1 w - - 0 24,e1b1,40,white
7,48,5rk1/2p1b1pp/4p3/np6/2qN4/2P3B1/1P1Q1PPP/1R4K1 b - - 0 24,c7c5,-39,black
7,49,5rk1/4b1pp/4p3/npp5/2qN4/2P3B1/1P1Q1PPP/1R4K1 w - - 0 25,d4f3,37,white
7,50,5rk1/4b1pp/4p3/npp5/2q5/2P2NB1/1P1Q1PPP/1R4K1 b - - 1 25,f8d8,-37,black
7,51,3r2k1/4b1pp/4p3/npp5/2q5/2P2NB1/1P1Q1PPP/1R4K1 w - - 2 26,d2e3,34,white
7,52,3r2k1/4b1pp/4p3/npp5/2q5/2P1QNB1/1P3PPP/1R4K1 b - - 3 26,c4d5,-38,black
7,53,3r2k1/4b1pp/4p3/nppq4/8/2P1QNB1/1P3PPP/1R4K1 w - - 4 27,e3e2,29,white
7,54,3r2k1/4b1pp/4p3/nppq4/8/2P2NB1/1P2QPPP/1R4K1 b - - 5 27,a5c4,-34,black
7,55,3r2k1/4b1pp/4p3/1ppq4/2n5/2P2NB1/1P2QPPP/1R4K1 w - - 6 28,b1e1,32,white
7,56,3r2k1/4b1pp/4p3/1ppq4/2n5/2P2NB1/1P2QPPP/4R1K1 b - - 7 28,e7f6,-26,black
7,57,3r2k1/6pp/4pb2/1ppq4/2n5/2P2NB1/1P2QPPP/4R1K1 w - - 8 29,g3c7,20,white
7,58,3r2k1/2B3pp/4pb2/1ppq4/2n5/2P2N2/1P2QPPP/4R1K1 b - - 9 29,d8d7,-2,black
7,59,6k1/2Br2pp/4pb2/1ppq4/2n5/2P2N2/1P2QPPP/4R1K1 w - - 10 30,c7g3,6,white
7,60,6k1/3r2pp/4pb2/1ppq4/2n5/2P2NB1/1P2QPPP/4R1K1 b - - 11 30,b5b4,0,black
7,61,6k1/3r2pp/4pb2/2pq4/1pn5/2P2NB1/1P2QPPP/4R1K1 w - - 0 31,b2b3,0,white
7,62,6k1/3r2pp/4pb2/2pq4/1pn5/1PP2NB1/4QPPP/4R1K1 b - - 0 31,c4b2,0,black
7,63,6k1/3r2pp/4pb2/2pq4/1p6/1PP2NB1/1n2QPPP/4R1K1 w - - 1 32,c3c4,0,white
7,64,6k1/3r2pp/4pb2/2pq4/1pP5/1P3NB1/1n2QPPP/4R1K1 b - - 0 32,d5f5,0,black
7,65,6k1/3r2pp/4pb2/2p2q2/1pP5/1P3NB1/1n2QPPP/4R1K1 w - - 1 33,f3h4,-10,white
7,66,6k1/3r2pp/4pb2/2p2q2/1pP4N/1P4B1/1n2QPPP/4R1K1 b - - 2 33,f6h4,0,black
7,67,6k1/3r2pp/4p3/2p2q2/1pP4b/1P4B1/1n2QPPP/4R1K1 w - - 0 34,g3h4,-12,white
7,68,6k1/3r2pp/4p3/2p2q2/1pP4B/1P6/1n2QPPP/4R1K1 b - - 0 34,b2d3,10,black
7,69,6k1/3r2pp/4p3/2p2q2/1pP4B/1P1n4/4QPPP/4R1K1 w - - 1 35,g2g4,-11,white
7,70,6k1/3r2pp/4p3/2p2q2/1pP3PB/1P1n4/4QP1P/4R1K1 b - - 0 35,f5g6,10,black
7,71,6k1/3r2pp/4p1q1/2p5/1pP3PB/1P1n4/4QP1P/4R1K1 w - - 1 36,e2e6,-4,white
7,72,6k1/3r2pp/4Q1q1/2p5/1pP3PB/1P1n4/5P1P/4R1K1 b - - 0 36,g6e6,2,black
7,73,6k1/3r2pp/4q3/2p5/1pP3PB/1P1n4/5P1P/4R1K1 w - - 0 37,e1e6,-1,white
7,74,6k1/3r2pp/4R3/2p5/1pP3PB/1P1n4/5P1P/6K1 b - - 0 37,d7a7,3,black
7,75,6k1/r5pp/4R3/2p5/1pP3PB/1P1n4/5P1P/6K1 w - - 1 38,e6e8,0,white
7,76,4R1k1/r5pp/8/2p5/1pP3PB/1P1n4/5P1P/6K1 b - - 2 38,g8f7,1,black
7,77,4R3/r4kpp/8/2p5/1pP3PB/1P1n4/5P1P/6K1 w - - 3 39,e8e3,-2,white
7,78,8/r4kpp/8/2p5/1pP3PB/1P1nR3/5P1P/6K1 b - - 4 39,d3c1,2,black
7,79,8/r4kpp/8/2p5/1pP3PB/1P2R3/5P1P/2n3K1 w - - 5 40,g1g2,-5,white
7,80,8/r4kpp/8/2p5/1pP3PB/1P2R3/5PKP/2n5 b - - 6 40,h7h6,4,black
7,81,8/r4kp1/7p/2p5/1pP3PB/1P2R3/5PKP/2n5 w - - 0 41,e3f3,0,white
7,82,8/r4kp1/7p/2p5/1pP3PB/1P3R2/5PKP/2n5 b - - 1 41,f7g6,0,black
7,83,8/r5p1/6kp/2p5/1pP3PB/1P3R2/5PKP/2n5 w - - 2 42,f3e3,0,white
7,84,8/r5p1/6kp/2p5/1pP3PB/1P2R3/5PKP/2n5 b - - 3 42,g6f7,0,black
7,85,8/r4kp1/7p/2p5/1pP3PB/1P2R3/5PKP/2n5 w - - 4 43,e3f3,0,white
7,86,8/r4kp1/7p/2p5/1pP3PB/1P3R2/5PKP/2n5 b - - 5 43,f7g6,0,black
7,87,8/r5p1/6kp/2p5/1pP3PB/1P3R2/5PKP/2n5 w - - 6 44,f3e3,0,white
7,88,8/r5p1/6kp/2p5/1pP3PB/1P2R3/5PKP/2n5 b - - 7 44,g6f7,0,black
7,89,8/r4kp1/7p/2p5/1pP3PB/1P2R3/5PKP/2n5 w - - 8 45,e3f3,0,white
7,90,8/r4kp1/7p/2p5/1pP3PB/1P3R2/5PKP/2n5 b - - 9 45,f7g8,0,black
7,91,6k1/r5p1/7p/2p5/1pP3PB/1P3R2/5PKP/2n5 w - - 10 46,g4g5,0,white
7,92,6k1/r5p1/7p/2p3P1/1pP4B/1P3R2/5PKP/2n5 b - - 0 46,a7a3,1,black
7,93,6k1/6p1/7p/2p3P1/1pP4B/rP3R2/5PKP/2n5 w - - 1 47,g5g6,0,white
7,94,6k1/6p1/6Pp/2p5/1pP4B/rP3R2/5PKP/2n5 b - - 0 47,a3a6,0,black
7,95,6k1/6p1/r5Pp/2p5/1pP4B/1P3R2/5PKP/2n5 w - - 1 48,g2h3,0,white
7,96,6k1/6p1/r5Pp/2p5/1pP4B/1P3R1K/5P1P/2n5 b - - 2 48,a6g6,0,black
7,97,6k1/6p1/6rp/2p5/1pP4B/1P3R1K/5P1P/2n5 w - - 0 49,h4e7,0,white
7,98,6k1/4B1p1/6rp/2p5/1pP5/1P3R1K/5P1P/2n5 b - - 1 49,g6c6,0,black
7,99,6k1/4B1p1/2r4p/2p5/1pP5/1P3R1K/5P1P/2n5 w - - 2 50,h3g4,0,white
7,100,6k1/4B1p1/2r4p/2p5/1pP3K1/1P3R2/5P1P/2n5 b - - 3 50,g7g6,0,black
7,101,6k1/4B3/2r3pp/2p5/1pP3K1/1P3R2/5P1P/2n5 w - - 0 51,h2h4,0,white
7,102,6k1/4B3/2r3pp/2p5/1pP3KP/1P3R2/5P2/2n5 b - - 0 51,c1e2,0,black
7,103,6k1/4B3/2r3pp/2p5/1pP3KP/1P3R2/4nP2/8 w - - 1 52,f3d3,0,white
7,104,6k1/4B3/2r3pp/2p5/1pP3KP/1P1R4/4nP2/8 b - - 2 52,e2c1,0,black
7,105,6k1/4B3/2r3pp/2p5/1pP3KP/1P1R4/5P2/2n5 w - - 3 53,d3f3,0,white
7,106,6k1/4B3/2r3pp/2p5/1pP3KP/1P3R2/5P2/2n5 b - - 4 53,c1e2,0,black
7,107,6k1/4B3/2r3pp/2p5/1pP3KP/1P3R2/4nP2/8 w - - 5 54,f3d3,0,white
7,108,6k1/4B3/2r3pp/2p5/1pP3KP/1P1R4/4nP2/8 b - - 6 54,e2c1,0,black
7,109,6k1/4B3/2r3pp/2p5/1pP3KP/1P1R4/5P2/2n5 w - - 7 55,d3f3,0,white
7,110,6k1/4B3/2r3pp/2p5/1pP3KP/1P3R2/5P2/2n5 b - - 8 55,c1e2,0,black
7,111,6k1/4B3/2r3pp/2p5/1pP3KP/1P3R2/4nP2/8 w - - 9 56,f3d3,0,white
7,112,6k1/4B3/2r3pp/2p5/1pP3KP/1P1R4/4nP2/8 b - - 10 56,e2c1,0,black
7,113,6k1/4B3/2r3pp/2p5/1pP3KP/1P1R4/5P2/2n5 w - - 11 57,d3f3,0,white
7,114,6k1/4B3/2r3pp/2p5/1pP3KP/1P3R2/5P2/2n5 b - - 12 57,c1e2,0,black
7,115,6k1/4B3/2r3pp/2p5/1pP3KP/1P3R2/4nP2/8 w - - 13 58,f3d3,0,white
7,116,6k1/4B3/2r3pp/2p5/1pP3KP/1P1R4/4nP2/8 b - - 14 58,e2c1,0,black
7,117,6k1/4B3/2r3pp/2p5/1pP3KP/1P1R4/5P2/2n5 w - - 15 59,d3f3,0,white
8,1,rnbqkbnr/pppppppp/8/8/8/8/PPPPPPPP/RNBQKBNR w KQkq - 0 1,e2e4,36,white
8,2,rnbqkbnr/pppppppp/8/8/4P3/8/PPPP1PPP/RNBQKBNR b KQkq - 0 1,e7e5,-36,black
8,3,rnbqkbnr/pppp1ppp/8/4p3/4P3/8/PPPP1PPP/RNBQKBNR w KQkq - 0 2,g1f3,34,white
8,4,rnbqkbnr/pppp1ppp/8/4p3/4P3/5N2/PPPP1PPP/RNBQKB1R b KQkq - 1 2,b8c6,-34,black
8,5,r1bqkbnr/pppp1ppp/2n5/4p3/4P3/5N2/PPPP1PPP/RNBQKB1R w KQkq - 2 3,f1b5,34,white
8,6,r1bqkbnr/pppp1ppp/2n5/1B2p3/4P3/5N2/PPPP1PPP/RNBQK2R b KQkq - 3 3,g8f6,-37,black
8,7,r1bqkb1r/pppp1ppp/2n2n2/1B2p3/4P3/5N2/PPPP1PPP/RNBQK2R w KQkq - 4 4,e1g1,35,white
8,8,r1bqkb1r/pppp1ppp/2n2n2/1B2p3/4P3/5N2/PPPP1PPP/RNBQ1RK1 b kq - 5 4,f6e4,-32,black
8,9,r1bqkb1r/pppp1ppp/2n5/1B2p3/4n3/5N2/PPPP1PPP/RNBQ1RK1 w kq - 0 5,f1e1,30,white
8,10,r1bqkb1r/pppp1ppp/2n5/1B2p3/4n3/5N2/PPPP1PPP/RNBQR1K1 b kq - 1 5,e4d6,-20,black
8,11,r1bqkb1r/pppp1ppp/2nn4/1B2p3/8/5N2/PPPP1PPP/RNBQR1K1 w kq - 2 6,f3e5,19,white
8,12,r1bqkb1r/pppp1ppp/2nn4/1B2N3/8/8/PPPP1PPP/RNBQR1K1 b kq - 0 6,f8e7,-34,black
8,13,r1bqk2r/ppppbppp/2nn4/1B2N3/8/8/PPPP1PPP/RNBQR1K1 w kq - 1 7,b5f1,33,white
8,14,r1bqk2r/ppppbppp/2nn4/4N3/8/8/PPPP1PPP/RNBQRBK1 b kq - 2 7,c6e5,-27,black
8,15,r1bqk2r/ppppbppp/3n4/4n3/8/8/PPPP1PPP/RNBQRBK1 w kq - 0 8,e1e5,27,white
8,16,r1bqk2r/ppppbppp/3n4/4R3/8/8/PPPP1PPP/RNBQ1BK1 b kq - 0 8,e8g8,-24,black
8,17,r1bq1rk1/ppppbppp/3n4/4R3/8/8/PPPP1PPP/RNBQ1BK1 w - - 1 9,d2d4,18,white
8,18,r1bq1rk1/ppppbppp/3n4/4R3/3P4/8/PPP2PPP/RNBQ1BK1 b - - 0 9,e7f6,-19,black
8,19,r1bq1rk1/pppp1ppp/3n1b2/4R3/3P4/8/PPP2PPP/RNBQ1BK1 w - - 1 10,e5e1,15,white
8,20,r1bq1rk1/pppp1ppp/3n1b2/8/3P4/8/PPP2PPP/RNBQRBK1 b - - 2 10,d6f5,-29,black
8,21,r1bq1rk1/pppp1ppp/5b2/5n2/3P4/8/PPP2PPP/RNBQRBK1 w - - 3 11,c2c3,25,white
8,22,r1bq1rk1/pppp1ppp/5b2/5n2/3P4/2P5/PP3PPP/RNBQRBK1 b - - 0 11,d7d5,-28,black
8,23,r1bq1rk1/ppp2ppp/5b2/3p1n2/3P4/2P5/PP3PPP/RNBQRBK1 w - - 0 12,b1d2,26,white
8,24,r1bq1rk1/ppp2ppp/5b2/3p1n2/3P4/2P5/PP1N1PPP/R1BQRBK1 b - - 1 12,f5d6,-21,black
8,25,r1bq1rk1/ppp2ppp/3n1b2/3p4/3P4/2P5/PP1N1PPP/R1BQRBK1 w - - 2 13,d2b3,26,white
8,26,r1bq1rk1/ppp2ppp/3n1b2/3p4/3P4/1NP5/PP3PPP/R1BQRBK1 b - - 3 13,c7c6,-23,black
8,27,r1bq1rk1/pp3ppp/2pn1b2/3p4/3P4/1NP5/PP3PPP/R1BQRBK1 w - - 0 14,b3c5,19,white
8,28,r1bq1rk1/pp3ppp/2pn1b2/2Np4/3P4/2P5/PP3PPP/R1BQRBK1 b - - 1 14,f6g5,-16,black
8,29,r1bq1rk1/pp3ppp/2pn4/2Np2b1/3P4/2P5/PP3PPP/R1BQRBK1 w - - 2 15,a2a4,18,white
8,30,r1bq1rk1/pp3ppp/2pn4/2Np2b1/P2P4/2P5/1P3PPP/R1BQRBK1 b - - 0 15,a7a5,-10,black
8,31,r1bq1rk1/1p3ppp/2pn4/p1Np2b1/P2P4/2P5/1P3PPP/R1BQRBK1 w - - 0 16,c1g5,13,white
8,32,r1bq1rk1/1p3ppp/2pn4/p1Np2B1/P2P4/2P5/1P3PPP/R2QRBK1 b - - 0 16,d8g5,-7,black
8,33,r1b2rk1/1p3ppp/2pn4/p1Np2q1/P2P4/2P5/1P3PPP/R2QRBK1 w - - 0 17,b2b4,3,white
8,34,r1b2rk1/1p3ppp/2pn4/p1Np2q1/PP1P4/2P5/5PPP/R2QRBK1 b - - 0 17,c8f5,-10,black
8,35,r4rk1/1p3ppp/2pn4/p1Np1bq1/PP1P4/2P5/5PPP/R2QRBK1 w - - 1 18,e1e5,13,white
8,36,r4rk1/1p3ppp/2pn4/p1NpRbq1/PP1P4/2P5/5PPP/R2Q1BK1 b - - 2 18,g5f6,-25,black
8,37,r4rk1/1p3ppp/2pn1q2/p1NpRb2/PP1P4/2P5/5PPP/R2Q1BK1 w - - 3 19,c5b3,35,white
8,38,r4rk1/1p3ppp/2pn1q2/p2pRb2/PP1P4/1NP5/5PPP/R2Q1BK1 b - - 4 19,a5b4,-31,black
8,39,r4rk1/1p3ppp/2pn1q2/3pRb2/Pp1P4/1NP5/5PPP/R2Q1BK1 w - - 0 20,c3b4,18,white
8,40,r4rk1/1p3ppp/2pn1q2/3pRb2/PP1P4/1N6/5PPP/R2Q1BK1 b - - 0 20,d6c4,-28,black
8,41,r4rk1/1p3ppp/2p2q2/3pRb2/PPnP4/1N6/5PPP/R2Q1BK1 w - - 1 21,f1c4,24,white
8,42,r4rk1/1p3ppp/2p2q2/3pRb2/PPBP4/1N6/5PPP/R2Q2K1 b - - 0 21,d5c4,-13,black
8,43,r4rk1/1p3ppp/2p2q2/4Rb2/PPpP4/1N6/5PPP/R2Q2K1 w - - 0 22,b3a5,22,white
8,44,r4rk1/1p3ppp/2p2q2/N3Rb2/PPpP4/8/5PPP/R2Q2K1 b - - 1 22,b7b5,-31,black
8,45,r4rk1/5ppp/2p2q2/Np2Rb2/PPpP4/8/5PPP/R2Q2K1 w - - 0 23,d1f3,22,white
8,46,r4rk1/5ppp/2p2q2/Np2Rb2/PPpP4/5Q2/5PPP/R5K1 b - - 1 23,f5d7,-18,black
8,47,r4rk1/3b1ppp/2p2q2/Np2R3/PPpP4/5Q2/5PPP/R5K1 w - - 2 24,f3f6,22,white
8,48,r4rk1/3b1ppp/2p2Q2/Np2R3/PPpP4/8/5PPP/R5K1 b - - 0 24,g7f6,-15,black
8,49,r4rk1/3b1p1p/2p2p2/Np2R3/PPpP4/8/5PPP/R5K1 w - - 0 25,e5c5,10,white
8,50,r4rk1/3b1p1p/2p2p2/NpR5/PPpP4/8/5PPP/R5K1 b - - 1 25,f8b8,-7,black
8,51,rr4k1/3b1p1p/2p2p2/NpR5/PPpP4/8/5PPP/R5K1 w - - 2 26,g1f1,9,white
8,52,rr4k1/3b1p1p/2p2p2/NpR5/PPpP4/8/5PPP/R4K2 b - - 3 26,g8f8,-10,black
8,53,rr3k2/3b1p1p/2p2p2/NpR5/PPpP4/8/5PPP/R4K2 w - - 4 27,h2h3,8,white
8,54,rr3k2/3b1p1p/2p2p2/NpR5/PPpP4/7P/5PP1/R4K2 b - - 0 27,b5a4,-9,black
8,55,rr3k2/3b1p1p/2p2p2/N1R5/pPpP4/7P/5PP1/R4K2 w - - 0 28,a1a4,8,white
8,56,rr3k2/3b1p1p/2p2p2/N1R5/RPpP4/7P/5PP1/5K2 b - - 0 28,d7e6,-4,black
8,57,rr3k2/5p1p/2p1bp2/N1R5/RPpP4/7P/5PP1/5K2 w - - 1 29,a5c6,1,white
8,58,rr3k2/5p1p/2N1bp2/2R5/RPpP4/7P/5PP1/5K2 b - - 0 29,a8a4,-2,black
8,59,1r3k2/5p1p/2N1bp2/2R5/rPpP4/7P/5PP1/5K2 w - - 0 30,c6b8,2,white
8,60,1N3k2/5p1p/4bp2/2R5/rPpP4/7P/5PP1/5K2 b - - 0 30,a4b4,-7,black
8,61,1N3k2/5p1p/4bp2/2R5/1rpP4/7P/5PP1/5K2 w - - 0 31,b8c6,4,white
8,62,5k2/5p1p/2N1bp2/2R5/1rpP4/7P/5PP1/5K2 b - - 1 31,b4b6,-1,black
8,63,5k2/5p1p/1rN1bp2/2R5/2pP4/7P/5PP1/5K2 w - - 2 32,c6a7,0,white
8,64,5k2/N4p1p/1r2bp2/2R5/2pP4/7P/5PP1/5K2 b - - 3 32,c4c3,7,black
8,65,5k2/N4p1p/1r2bp2/2R5/3P4/2p4P/5PP1/5K2 w - - 0 33,c5c3,-6,white
8,66,5k2/N4p1p/1r2bp2/8/3P4/2R4P/5PP1/5K2 b - - 0 33,b6d6,0,black
8,67,5k2/N4p1p/3rbp2/8/3P4/2R4P/5PP1/5K2 w - - 1 34,a7c6,-3,white
8,68,5k2/5p1p/2Nrbp2/8/3P4/2R4P/5PP1/5K2 b - - 2 34,e6d7,2,black
8,69,5k2/3b1p1p/2Nr1p2/8/3P4/2R4P/5PP1/5K2 w - - 3 35,c6b4,0,white
8,70,5k2/3b1p1p/3r1p2/8/1N1P4/2R4P/5PP1/5K2 b - - 4 35,d6d4,-2,black
8,71,5k2/3b1p1p/5p2/8/1N1r4/2R4P/5PP1/5K2 w - - 0 36,b4c2,0,white
8,72,5k2/3b1p1p/5p2/8/3r4/2R4P/2N2PP1/5K2 b - - 1 36,d4a4,5,black
8,73,5k2/3b1p1p/5p2/8/r7/2R4P/2N2PP1/5K2 w - - 2 37,c3a3,1,white
8,74,5k2/3b1p1p/5p2/8/r7/R6P/2N2PP1/5K2 b - - 3 37,a4c4,-7,black
8,75,5k2/3b1p1p/5p2/8/2r5/R6P/2N2PP1/5K2 w - - 4 38,c2e3,-1,white
8,76,5k2/3b1p1p/5p2/8/2r5/R3N2P/5PP1/5K2 b - - 5 38,c4f4,-3,black
8,77,5k2/3b1p1p/5p2/8/5r2/R3N2P/5PP1/5K2 w - - 6 39,e3d5,13,white
8,78,5k2/3b1p1p/5p2/3N4/5r2/R6P/5PP1/5K2 b - - 7 39,f4f5,-6,black
8,79,5k2/3b1p1p/5p2/3N1r2/8/R6P/5PP1/5K2 w - - 8 40,d5c3,5,white
8,80,5k2/3b1p1p/5p2/5r2/8/R1N4P/5PP1/5K2 b - - 9 40,f5c5,-6,black
8,81,5k2/3b1p1p/5p2/2r5/8/R1N4P/5PP1/5K2 w - - 10 41,f1g1,7,white
8,82,5k2/3b1p1p/5p2/2r5/8/R1N4P/5PP1/6K1 b - - 11 41,f6f5,-5,black
8,83,5k2/3b1p1p/8/2r2p2/8/R1N4P/5PP1/6K1 w - - 0 42,f2f3,1,white
8,84,5k2/3b1p1p/8/2r2p2/8/R1N2P1P/6P1/6K1 b - - 0 42,f8g7,-3,black
8,85,8/3b1pkp/8/2r2p2/8/R1N2P1P/6P1/6K1 w - - 1 43,c3e2,1,white
8,86,8/3b1pkp/8/2r2p2/8/R4P1P/4N1P1/6K1 b - - 2 43,c5c2,-1,black
8,87,8/3b1pkp/8/5p2/8/R4P1P/2r1N1P1/6K1 w - - 3 44,e2f4,1,white
8,88,8/3b1pkp/8/5p2/5N2/R4P1P/2r3P1/6K1 b - - 4 44,c2c4,-5,black
8,89,8/3b1pkp/8/5p2/2r2N2/R4P1P/6P1/6K1 w - - 5 45,g2g3,0,white
8,90,8/3b1pkp/8/5p2/2r2N2/R4PPP/8/6K1 b - - 0 45,c4c2,-2,black
8,91,8/3b1pkp/8/5p2/5N2/R4PPP/2r5/6K1 w - - 1 46,a3e3,7,white
8,92,8/3b1pkp/8/5p2/5N2/4RPPP/2r5/6K1 b - - 2 46,d7b5,-9,black
8,93,8/5pkp/8/1b3p2/5N2/4RPPP/2r5/6K1 w - - 3 47,e3a3,5,white
8,94,8/5pkp/8/1b3p2/5N2/R4PPP/2r5/6K1 b - - 4 47,g7f6,-5,black
8,95,8/5p1p/5k2/1b3p2/5N2/R4PPP/2r5/6K1 w - - 5 48,a3a7,1,white
8,96,8/R4p1p/5k2/1b3p2/5N2/5PPP/2r5/6K1 b - - 6 48,b5c4,0,black
8,97,8/R4p1p/5k2/5p2/2b2N2/5PPP/2r5/6K1 w - - 7 49,a7a5,2,white
8,98,8/5p1p/5k2/R4p2/2b2N2/5PPP/2r5/6K1 b - - 8 49,c2b2,-1,black
8,99,8/5p1p/5k2/R4p2/2b2N2/5PPP/1r6/6K1 w - - 9 50,a5c5,0,white
8,100,8/5p1p/5k2/2R2p2/2b2N2/5PPP/1r6/6K1 b - - 10 50,c4e2,-3,black
8,101,8/5p1p/5k2/2R2p2/5N2/5PPP/1r2b3/6K1 w - - 11 51,c5c3,0,white
8,102,8/5p1p/5k2/5p2/5N2/2R2PPP/1r2b3/6K1 b - - 12 51,e2b5,0,black
8,103,8/5p1p/5k2/1b3p2/5N2/2R2PPP/1r6/6K1 w - - 13 52,c3e3,0,white
8,104,8/5p1p/5k2/1b3p2/5N2/4RPPP/1r6/6K1 b - - 14 52,f6g7,0,black
8,105,8/5pkp/8/1b3p2/5N2/4RPPP/1r6/6K1 w - - 15 53,h3h4,0,white
8,106,8/5pkp/8/1b3p2/5N1P/4RPP1/1r6/6K1 b - - 0 53,b2b1,0,black
8,107,8/5pkp/8/1b3p2/5N1P/4RPP1/8/1r4K1 w - - 1 54,g1f2,0,white
8,108,8/5pkp/8/1b3p2/5N1P/4RPP1/5K2/1r6 b - - 2 54,b1f1,0,black
8,109,8/5pkp/8/1b3p2/5N1P/4RPP1/5K2/5r2 w - - 3 55,f2g2,0,white
8,110,8/5pkp/8/1b3p2/5N1P/4RPP1/6K1/5r2 b - - 4 55,f1b1,0,black
8,111,8/5pkp/8/1b3p2/5N1P/4RPP1/6K1/1r6 w - - 5 56,f4h5,0,white
8,112,8/5pkp/8/1b3p1N/7P/4RPP1/6K1/1r6 b - - 6 56,g7g6,0,black
8,113,8/5p1p/6k1/1b3p1N/7P/4RPP1/6K1/1r6 w - - 7 57,h5f4,0,white
8,114,8/5p1p/6k1/1b3p2/5N1P/4RPP1/6K1/1r6 b - - 8 57,g6g7,0,black
8,115,8/5pkp/8/1b3p2/5N1P/4RPP1/6K1/1r6 w - - 9 58,g2h2,0,white
8,116,8/5pkp/8/1b3p2/5N1P/4RPP1/7K/1r6 b - - 10 58,b1b2,0,black
8,117,8/5pkp/8/1b3p2/5N1P/4RPP1/1r5K/8 w - - 11 59,h2g1,0,white
8,118,8/5pkp/8/1b3p2/5N1P/4RPP1/1r6/6K1 b - - 12 59,b2b1,0,black
8,119,8/5pkp/8/1b3p2/5N1P/4RPP1/8/1r4K1 w - - 13 60,g1h2,0,white
8,120,8/5pkp/8/1b3p2/5N1P/4RPP1/7K/1r6 b - - 14 60,b1b2,0,black
8,121,8/5pkp/8/1b3p2/5N1P/4RPP1/1r5K/8 w - - 15 61,h2h1,0,white
8,122,8/5pkp/8/1b3p2/5N1P/4RPP1/1r6/7K b - - 16 61,b2b1,0,black
8,123,8/5pkp/8/1b3p2/5N1P/4RPP1/8/1r5K w - - 17 62,h1g2,0,white
8,124,8/5pkp/8/1b3p2/5N1P/4RPP1/6K1/1r6 b - - 18 62,b1b2,0,black
8,125,8/5pkp/8/1b3p2/5N1P/4RPP1/1r4K1/8 w - - 19 63,g2h1,0,white
8,126,8/5pkp/8/1b3p2/5N1P/4RPP1/1r6/7K b - - 20 63,b2b1,0,black
8,127,8/5pkp/8/1b3p2/5N1P/4RPP1/8/1r5K w - - 21 64,h1g2,0,white
8,128,8/5pkp/8/1b3p2/5N1P/4RPP1/6K1/1r6 b - - 22 64,b1b2,0,black
8,129,8/5pkp/8/1b3p2/5N1P/4RPP1/1r4K1/8 w - - 23 65,g2g1,0,white
8,130,8/5pkp/8/1b3p2/5N1P/4RPP1/1r6/6K1 b - - 24 65,b2b1,0,black
8,131,8/5pkp/8/1b3p2/5N1P/4RPP1/8/1r4K1 w - - 25 66,g1h2,0,white
8,132,8/5pkp/8/1b3p2/5N1P/4RPP1/7K/1r6 b - - 26 66,b1b2,0,black
8,133,8/5pkp/8/1b3p2/5N1P/4RPP1/1r5K/8 w - - 27 67,h2h1,0,white
8,134,8/5pkp/8/1b3p2/5N1P/4RPP1/1r6/7K b - - 28 67,b2b1,0,black
8,135,8/5pkp/8/1b3p2/5N1P/4RPP1/8/1r5K w - - 29 68,h1g2,0,white
8,136,8/5pkp/8/1b3p2/5N1P/4RPP1/6K1/1r6 b - - 30 68,b1b2,0,black
8,137,8/5pkp/8/1b3p2/5N1P/4RPP1/1r4K1/8 w - - 31 69,g2g1,0,white
8,138,8/5pkp/8/1b3p2/5N1P/4RPP1/1r6/6K1 b - - 32 69,b2b1,0,black
8,139,8/5pkp/8/1b3p2/5N1P/4RPP1/8/1r4K1 w - - 33 70,g1f2,0,white
8,140,8/5pkp/8/1b3p2/5N1P/4RPP1/5K2/1r6 b - - 34 70,b1f1,0,black
8,141,8/5pkp/8/1b3p2/5N1P/4RPP1/5K2/5r2 w - - 35 71,f2g2,0,white
8,142,8/5pkp/8/1b3p2/5N1P/4RPP1/6K1/5r2 b - - 36 71,f1b1,0,black
8,143,8/5pkp/8/1b3p2/5N1P/4RPP1/6K1/1r6 w - - 37 72,e3a3,20,white
8,144,8/5pkp/8/1b3p2/5N1P/R4PP1/6K1/1r6 b - - 38 72,b1b2,-8,black
8,145,8/5pkp/8/1b3p2/5N1P/R4PP1/1r4K1/8 w - - 39 73,g2g1,4,white
8,146,8/5pkp/8/1b3p2/5N1P/R4PP1/1r6/6K1 b - - 40 73,g7f6,-1,black
8,147,8/5p1p/5k2/1b3p2/5N1P/R4PP1/1r6/6K1 w - - 41 74,a3c3,0,white
8,148,8/5p1p/5k2/1b3p2/5N1P/2R2PP1/1r6/6K1 b - - 42 74,f6e5,0,black
8,149,8/5p1p/8/1b2kp2/5N1P/2R2PP1/1r6/6K1 w - - 43 75,c3c7,0,white
8,150,8/2R2p1p/8/1b2kp2/5N1P/5PP1/1r6/6K1 b - - 44 75,e5d4,0,black
9,1,rnbqkbnr/pppppppp/8/8/8/8/PPPPPPPP/RNBQKBNR w KQkq - 0 1,e2e4,31,white
9,2,rnbqkbnr/pppppppp/8/8/4P3/8/PPPP1PPP/RNBQKBNR b KQkq - 0 1,e7e5,-28,black
9,3,rnbqkbnr/pppp1ppp/8/4p3/4P3/8/PPPP1PPP/RNBQKBNR w KQkq - 0 2,g1f3,28,white
9,4,rnbqkbnr/pppp1ppp/8/4p3/4P3/5N2/PPPP1PPP/RNBQKB1R b KQkq - 1 2,b8c6,-33,black
9,5,r1bqkbnr/pppp1ppp/2n5/4p3/4P3/5N2/PPPP1PPP/RNBQKB1R w KQkq - 2 3,f1b5,34,white
9,6,r1bqkbnr/pppp1ppp/2n5/1B2p3/4P3/5N2/PPPP1PPP/RNBQK2R b KQkq - 3 3,g8f6,-29,black
9,7,r1bqkb1r/pppp1ppp/2n2n2/1B2p3/4P3/5N2/PPPP1PPP/RNBQK2R w KQkq - 4 4,e1g1,27,white
9,8,r1bqkb1r/pppp1ppp/2n2n2/1B2p3/4P3/5N2/PPPP1PPP/RNBQ1RK1 b kq - 5 4,f6e4,-29,black
9,9,r1bqkb1r/pppp1ppp/2n5/1B2p3/4n3/5N2/PPPP1PPP/RNBQ1RK1 w kq - 0 5,f1e1,36,white
9,10,r1bqkb1r/pppp1ppp/2n5/1B2p3/4n3/5N2/PPPP1PPP/RNBQR1K1 b kq - 1 5,e4d6,-27,black
9,11,r1bqkb1r/pppp1ppp/2nn4/1B2p3/8/5N2/PPPP1PPP/RNBQR1K1 w kq - 2 6,f3e5,28,white
9,12,r1bqkb1r/pppp1ppp/2nn4/1B2N3/8/8/PPPP1PPP/RNBQR1K1 b kq - 0 6,f8e7,-26,black
9,13,r1bqk2r/ppppbppp/2nn4/1B2N3/8/8/PPPP1PPP/RNBQR1K1 w kq - 1 7,b5f1,34,white
9,14,r1bqk2r/ppppbppp/2nn4/4N3/8/8/PPPP1PPP/RNBQRBK1 b kq - 2 7,c6e5,-26,black
9,15,r1bqk2r/ppppbppp/3n4/4n3/8/8/PPPP1PPP/RNBQRBK1 w kq - 0 8,e1e5,36,white
9,16,r1bqk2r/ppppbppp/3n4/4R3/8/8/PPPP1PPP/RNBQ1BK1 b kq - 0 8,e8g8,-28,black
9,17,r1bq1rk1/ppppbppp/3n4/4R3/8/8/PPPP1PPP/RNBQ1BK1 w - - 1 9,d2d4,24,white
9,18,r1bq1rk1/ppppbppp/3n4/4R3/3P4/8/PPP2PPP/RNBQ1BK1 b - - 0 9,e7f6,-23,black
9,19,r1bq1rk1/pppp1ppp/3n1b2/4R3/3P4/8/PPP2PPP/RNBQ1BK1 w - - 1 10,e5e1,28,white
9,20,r1bq1rk1/pppp1ppp/3n1b2/8/3P4/8/PPP2PPP/RNBQRBK1 b - - 2 10,d6f5,-23,black
9,21,r1bq1rk1/pppp1ppp/5b2/5n2/3P4/8/PPP2PPP/RNBQRBK1 w - - 3 11,d4d5,19,white
9,22,r1bq1rk1/pppp1ppp/5b2/3P1n2/8/8/PPP2PPP/RNBQRBK1 b - - 0 11,d7d6,-19,black
9,23,r1bq1rk1/ppp2ppp/3p1b2/3P1n2/8/8/PPP2PPP/RNBQRBK1 w - - 0 12,b1d2,15,white
9,24,r1bq1rk1/ppp2ppp/3p1b2/3P1n2/8/8/PPPN1PPP/R1BQRBK1 b - - 1 12,h7h6,-17,black
9,25,r1bq1rk1/ppp2pp1/3p1b1p/3P1n2/8/8/PPPN1PPP/R1BQRBK1 w - - 0 13,a2a4,13,white
9,26,r1bq1rk1/ppp2pp1/3p1b1p/3P1n2/P7/8/1PPN1PPP/R1BQRBK1 b - - 0 13,f8e8,-19,black
9,27,r1bqr1k1/ppp2pp1/3p1b1p/3P1n2/P7/8/1PPN1PPP/R1BQRBK1 w - - 1 14,e1e8,14,white
9,28,r1bqR1k1/ppp2pp1/3p1b1p/3P1n2/P7/8/1PPN1PPP/R1BQ1BK1 b - - 0 14,d8e8,-4,black
9,29,r1b1q1k1/ppp2pp1/3p1b1p/3P1n2/P7/8/1PPN1PPP/R1BQ1BK1 w - - 0 15,c2c3,20,white
9,30,r1b1q1k1/ppp2pp1/3p1b1p/3P1n2/P7/2P5/1P1N1PPP/R1BQ1BK1 b - - 0 15,c8d7,-21,black
9,31,r3q1k1/pppb1pp1/3p1b1p/3P1n2/P7/2P5/1P1N1PPP/R1BQ1BK1 w - - 1 16,a4a5,16,white
9,32,r3q1k1/pppb1pp1/3p1b1p/P2P1n2/8/2P5/1P1N1PPP/R1BQ1BK1 b - - 0 16,f5h4,-20,black
9,33,r3q1k1/pppb1pp1/3p1b1p/P2P4/7n/2P5/1P1N1PPP/R1BQ1BK1 w - - 1 17,h2h3,22,white
9,34,r3q1k1/pppb1pp1/3p1b1p/P2P4/7n/2P4P/1P1N1PP1/R1BQ1BK1 b - - 0 17,f6g5,-24,black
9,35,r3q1k1/pppb1pp1/3p3p/P2P2b1/7n/2P4P/1P1N1PP1/R1BQ1BK1 w - - 1 18,g2g3,25,white
9,36,r3q1k1/pppb1pp1/3p3p/P2P2b1/7n/2P3PP/1P1N1P2/R1BQ1BK1 b - - 0 18,h4g6,-30,black
9,37,r3q1k1/pppb1pp1/3p2np/P2P2b1/8/2P3PP/1P1N1P2/R1BQ1BK1 w - - 1 19,d2f3,29,white
9,38,r3q1k1/pppb1pp1/3p2np/P2P2b1/8/2P2NPP/1P3P2/R1BQ1BK1 b - - 2 19,g5c1,-31,black
9,39,r3q1k1/pppb1pp1/3p2np/P2P4/8/2P2NPP/1P3P2/R1bQ1BK1 w - - 0 20,a1c1,22,white
9,40,r3q1k1/pppb1pp1/3p2np/P2P4/8/2P2NPP/1P3P2/2RQ1BK1 b - - 0 20,g6e5,-23,black
9,41,r3q1k1/pppb1pp1/3p3p/P2Pn3/8/2P2NPP/1P3P2/2RQ1BK1 w - - 1 21,f3d4,27,white
9,42,r3q1k1/pppb1pp1/3p3p/P2Pn3/3N4/2P3PP/1P3P2/2RQ1BK1 b - - 2 21,e8d8,-27,black
9,43,r2q2k1/pppb1pp1/3p3p/P2Pn3/3N4/2P3PP/1P3P2/2RQ1BK1 w - - 3 22,b2b4,22,white
9,44,r2q2k1/pppb1pp1/3p3p/P2Pn3/1P1N4/2P3PP/5P2/2RQ1BK1 b - - 0 22,d8f6,-22,black
9,45,r5k1/pppb1pp1/3p1q1p/P2Pn3/1P1N4/2P3PP/5P2/2RQ1BK1 w - - 1 23,c3c4,18,white
9,46,r5k1/pppb1pp1/3p1q1p/P2Pn3/1PPN4/6PP/5P2/2RQ1BK1 b - - 0 23,b7b6,-17,black
9,47,r5k1/p1pb1pp1/1p1p1q1p/P2Pn3/1PPN4/6PP/5P2/2RQ1BK1 w - - 0 24,a5a6,19,white
9,48,r5k1/p1pb1pp1/Pp1p1q1p/3Pn3/1PPN4/6PP/5P2/2RQ1BK1 b - - 0 24,a8e8,-19,black
9,49,4r1k1/p1pb1pp1/Pp1p1q1p/3Pn3/1PPN4/6PP/5P2/2RQ1BK1 w - - 1 25,d1d2,23,white
9,50,4r1k1/p1pb1pp1/Pp1p1q1p/3Pn3/1PPN4/6PP/3Q1P2/2R2BK1 b - - 2 25,f6f3,-22,black
9,51,4r1k1/p1pb1pp1/Pp1p3p/3Pn3/1PPN4/5qPP/3Q1P2/2R2BK1 w - - 3 26,c4c5,61,white
9,52,4r1k1/p1pb1pp1/Pp1p3p/2PPn3/1P1N4/5qPP/3Q1P2/2R2BK1 b - - 0 26,b6c5,-85,black
9,53,4r1k1/p1pb1pp1/P2p3p/2pPn3/1P1N4/5qPP/3Q1P2/2R2BK1 w - - 0 27,b4c5,65,white
9,54,4r1k1/p1pb1pp1/P2p3p/2PPn3/3N4/5qPP/3Q1P2/2R2BK1 b - - 0 27,f3e4,-61,black
9,55,4r1k1/p1pb1pp1/P2p3p/2PPn3/3Nq3/6PP/3Q1P2/2R2BK1 w - - 1 28,c5c6,58,white
9,56,4r1k1/p1pb1pp1/P1Pp3p/3Pn3/3Nq3/6PP/3Q1P2/2R2BK1 b - - 0 28,d7c8,-52,black
9,57,2b1r1k1/p1p2pp1/P1Pp3p/3Pn3/3Nq3/6PP/3Q1P2/2R2BK1 w - - 1 29,f1g2,57,white
9,58,2b1r1k1/p1p2pp1/P1Pp3p/3Pn3/3Nq3/6PP/3Q1PB1/2R3K1 b - - 2 29,e4d3,-65,black
9,59,2b1r1k1/p1p2pp1/P1Pp3p/3Pn3/3N4/3q2PP/3Q1PB1/2R3K1 w - - 3 30,d2d3,52,white
9,60,2b1r1k1/p1p2pp1/P1Pp3p/3Pn3/3N4/3Q2PP/5PB1/2R3K1 b - - 0 30,e5d3,-72,black
9,61,2b1r1k1/p1p2pp1/P1Pp3p/3P4/3N4/3n2PP/5PB1/2R3K1 w - - 0 31,c1a1,73,white
9,62,2b1r1k1/p1p2pp1/P1Pp3p/3P4/3N4/3n2PP/5PB1/R5K1 b - - 1 31,d3c5,-75,black
9,63,2b1r1k1/p1p2pp1/P1Pp3p/2nP4/3N4/6PP/5PB1/R5K1 w - - 2 32,g2f1,80,white
9,64,2b1r1k1/p1p2pp1/P1Pp3p/2nP4/3N4/6PP/5P2/R4BK1 b - - 3 32,e8e7,-87,black
9,65,2b3k1/p1p1rpp1/P1Pp3p/2nP4/3N4/6PP/5P2/R4BK1 w - - 4 33,f2f3,86,white
9,66,2b3k1/p1p1rpp1/P1Pp3p/2nP4/3N4/5PPP/8/R4BK1 b - - 0 33,g8h7,-70,black
9,67,2b5/p1p1rppk/P1Pp3p/2nP4/3N4/5PPP/8/R4BK1 w - - 1 34,g1f2,65,white
9,68,2b5/p1p1rppk/P1Pp3p/2nP4/3N4/5PPP/5K2/R4B2 b - - 2 34,h7g6,-64,black
9,69,2b5/p1p1rpp1/P1Pp2kp/2nP4/3N4/5PPP/5K2/R4B2 w - - 3 35,a1a3,57,white
9,70,2b5/p1p1rpp1/P1Pp2kp/2nP4/3N4/R4PPP/5K2/5B2 b - - 4 35,g6f6,-52,black
9,71,2b5/p1p1rpp1/P1Pp1k1p/2nP4/3N4/R4PPP/5K2/5B2 w - - 5 36,d4b5,65,white
9,72,2b5/p1p1rpp1/P1Pp1k1p/1NnP4/8/R4PPP/5K2/5B2 b - - 6 36,c8a6,-61,black
9,73,8/p1p1rpp1/b1Pp1k1p/1NnP4/8/R4PPP/5K2/5B2 w - - 0 37,b5a7,47,white
9,74,8/N1p1rpp1/b1Pp1k1p/2nP4/8/R4PPP/5K2/5B2 b - - 0 37,a6f1,-41,black
9,75,8/N1p1rpp1/2Pp1k1p/2nP4/8/R4PPP/5K2/5b2 w - - 0 38,f2f1,72,white
9,76,8/N1p1rpp1/2Pp1k1p/2nP4/8/R4PPP/8/5K2 b - - 0 38,g7g5,-53,black
9,77,8/N1p1rp2/2Pp1k1p/2nP2p1/8/R4PPP/8/5K2 w - - 0 39,a7b5,84,white
9,78,8/2p1rp2/2Pp1k1p/1NnP2p1/8/R4PPP/8/5K2 b - - 1 39,h6h5,-61,black
9,79,8/2p1rp2/2Pp1k2/1NnP2pp/8/R4PPP/8/5K2 w - - 0 40,f1g2,70,white
9,80,8/2p1rp2/2Pp1k2/1NnP2pp/8/R4PPP/6K1/8 b - - 1 40,e7e2,-85,black
9,81,8/2p2p2/2Pp1k2/1NnP2pp/8/R4PPP/4r1K1/8 w - - 2 41,g2g1,80,white
9,82,8/2p2p2/2Pp1k2/1NnP2pp/8/R4PPP/4r3/6K1 b - - 3 41,e2e7,-76,black
9,83,8/2p1rp2/2Pp1k2/1NnP2pp/8/R4PPP/8/6K1 w - - 4 42,g1f1,96,white
9,84,8/2p1rp2/2Pp1k2/1NnP2pp/8/R4PPP/8/5K2 b - - 5 42,f6g6,-95,black
9,85,8/2p1rp2/2Pp2k1/1NnP2pp/8/R4PPP/8/5K2 w - - 6 43,f1f2,95,white
9,86,8/2p1rp2/2Pp2k1/1NnP2pp/8/R4PPP/5K2/8 b - - 7 43,g6f6,-98,black
9,87,8/2p1rp2/2Pp1k2/1NnP2pp/8/R4PPP/5K2/8 w - - 8 44,h3h4,138,white
9,88,8/2p1rp2/2Pp1k2/1NnP2pp/7P/R4PP1/5K2/8 b - - 0 44,f6g6,-148,black
9,89,8/2p1rp2/2Pp2k1/1NnP2pp/7P/R4PP1/5K2/8 w - - 1 45,h4g5,180,white
9,90,8/2p1rp2/2Pp2k1/1NnP2Pp/8/R4PP1/5K2/8 b - - 0 45,g6g5,-180,black
9,91,8/2p1rp2/2Pp4/1NnP2kp/8/R4PP1/5K2/8 w - - 0 46,f2g2,166,white
9,92,8/2p1rp2/2Pp4/1NnP2kp/8/R4PP1/6K1/8 b - - 1 46,f7f5,-194,black
9,93,8/2p1r3/2Pp4/1NnP1pkp/8/R4PP1/6K1/8 w - - 0 47,g2h3,195,white
9,94,8/2p1r3/2Pp4/1NnP1pkp/8/R4PPK/8/8 b - - 1 47,g5f6,-199,black
9,95,8/2p1r3/2Pp1k2/1NnP1p1p/8/R4PPK/8/8 w - - 2 48,a3a7,214,white
9,96,8/R1p1r3/2Pp1k2/1NnP1p1p/8/5PPK/8/8 b - - 3 48,c5d3,-206,black
9,97,8/R1p1r3/2Pp1k2/1N1P1p1p/8/3n1PPK/8/8 w - - 4 49,b5c7,223,white
9,98,8/R1N1r3/2Pp1k2/3P1p1p/8/3n1PPK/8/8 b - - 0 49,e7e2,-237,black
9,99,8/R1N5/2Pp1k2/3P1p1p/8/3n1PPK/4r3/8 w - - 1 50,f3f4,238,white
9,100,8/R1N5/2Pp1k2/3P1p1p/5P2/3n2PK/4r3/8 b - - 0 50,h5h4,-244,black
9,101,8/R1N5/2Pp1k2/3P1p2/5P1p/3n2PK/4r3/8 w - - 0 51,g3h4,237,white
9,102,8/R1N5/2Pp1k2/3P1p2/5P1P/3n3K/4r3/8 b - - 0 51,e2e3,-239,black
9,103,8/R1N5/2Pp1k2/3P1p2/5P1P/3nr2K/8/8 w - - 1 52,h3g2,255,white
9,104,8/R1N5/2Pp1k2/3P1p2/5P1P/3nr3/6K1/8 b - - 2 52,d3f4,-253,black
9,105,8/R1N5/2Pp1k2/3P1p2/5n1P/4r3/6K1/8 w - - 0 53,g2f2,258,white
9,106,8/R1N5/2Pp1k2/3P1p2/5n1P/4r3/5K2/8 b - - 1 53,e3c3,-258,black
9,107,8/R1N5/2Pp1k2/3P1p2/5n1P/2r5/5K2/8 w - - 2 54,a7a8,268,white
9,108,R7/2N5/2Pp1k2/3P1p2/5n1P/2r5/5K2/8 b - - 3 54,c3c2,-277,black
9,109,R7/2N5/2Pp1k2/3P1p2/5n1P/8/2r2K2/8 w - - 4 55,f2f3,269,white
9,110,R7/2N5/2Pp1k2/3P1p2/5n1P/5K2/2r5/8 b - - 5 55,f4g6,-269,black
9,111,R7/2N5/2Pp1kn1/3P1p2/7P/5K2/2r5/8 w - - 6 56,c7e8,271,white
9,112,R3N3/8/2Pp1kn1/3P1p2/7P/5K2/2r5/8 b - - 7 56,f6e5,-268,black
9,113,R3N3/8/2Pp2n1/3Pkp2/7P/5K2/2r5/8 w - - 8 57,c6c7,274,white
9,114,R3N3/2P5/3p2n1/3Pkp2/7P/5K2/2r5/8 b - - 0 57,g6h4,-280,black
9,115,R3N3/2P5/3p4/3Pkp2/7n/5K2/2r5/8 w - - 0 58,f3g3,277,white
9,116,R3N3/2P5/3p4/3Pkp2/7n/6K1/2r5/8 b - - 1 58,h4g2,-282,black
9,117,R3N3/2P5/3p4/3Pkp2/8/6K1/2r3n1/8 w - - 2 59,c7c8q,282,white
9,118,R1Q1N3/8/3p4/3Pkp2/8/6K1/2r3n1/8 b - - 0 59,f5f4,-287,black
9,119,R1Q1N3/8/3p4/3Pk3/5p2/6K1/2r3n1/8 w - - 0 60,g3g4,306,white
9,120,R1Q1N3/8/3p4/3Pk3/5pK1/8/2r3n1/8 b - - 1 60,c2c8,-304,black
9,121,R1r1N3/8/3p4/3Pk3/5pK1/8/6n1/8 w - - 0 61,a8c8,310,white
9,122,2R1N3/8/3p4/3Pk3/5pK1/8/6n1/8 b - - 0 61,e5d5,-315,black
9,123,2R1N3/8/3p4/3k4/5pK1/8/6n1/8 w - - 0 62,c8d8,323,white
9,124,3RN3/8/3p4/3k4/5pK1/8/6n1/8 b - - 1 62,g2e3,-332,black
9,125,3RN3/8/3p4/3k4/5pK1/4n3/8/8 w - - 2 63,g4f4,332,white
9,126,3RN3/8/3p4/3k4/5K2/4n3/8/8 b - - 0 63,d5d4,-338,black
9,127,3RN3/8/3p4/8/3k1K2/4n3/8/8 w - - 1 64,e8d6,346,white
9,128,3R4/8/3N4/8/3k1K2/4n3/8/8 b - - 0 64,e3d5,-349,black
9,129,3R4/8/3N4/3n4/3k1K2/8/8/8 w - - 1 65,f4f3,361,white
9,130,3R4/8/3N4/3n4/3k4/5K2/8/8 b - - 2 65,d4c5,-375,black
9,131,3R4/8/3N4/2kn4/8/5K2/8/8 w - - 3 66,f3e4,400,white
9,132,3R4/8/3N4/2kn4/4K3/8/8/8 b - - 4 66,d5b6,-412,black
9,133,3R4/8/1n1N4/2k5/4K3/8/8/8 w - - 5 67,d6f5,487,white
9,134,3R4/8/1n6/2k2N2/4K3/8/8/8 b - - 6 67,c5c6,-495,black
9,135,3R4/8/1nk5/5N2/4K3/8/8/8 w - - 7 68,e4d4,488,white
9,136,3R4/8/1nk5/5N2/3K4/8/8/8 b - - 8 68,c6c7,-514,black
9,137,3R4/2k5/1n6/5N2/3K4/8/8/8 w - - 9 69,d8h8,697,white
9,138,7R/2k5/1n6/5N2/3K4/8/8/8 b - - 10 69,b6a4,-996,black
9,139,7R/2k5/8/5N2/n2K4/8/8/8 w - - 11 70,f5e3,5224,white
9,140,7R/2k5/8/8/n2K4/4N3/8/8 b - - 12 70,c7b7,-1464,black
9,141,7R/1k6/8/8/n2K4/4N3/8/8 w - - 13 71,e3d5,3479,white
9,142,7R/1k6/8/3N4/n2K4/8/8/8 b - - 14 71,b7c6,-10000,black
9,143,7R/8/2k5/3N4/n2K4/8/8/8 w - - 15 72,h8a8,10000,white
9,144,R7/8/2k5/3N4/n2K4/8/8/8 b - - 16 72,a4b2,-10000,black
9,145,R7/8/2k5/3N4/3K4/8/1n6/8 w - - 17 73,a8a2,10000,white
9,146,8/8/2k5/3N4/3K4/8/Rn6/8 b - - 18 73,b2d1,-10000,black
9,147,8/8/2k5/3N4/3K4/8/R7/3n4 w - - 19 74,a2d2,10000,white
9,148,8/8/2k5/3N4/3K4/8/3R4/3n4 b - - 20 74,d1e3,-10000,black
9,149,8/8/2k5/3N4/3K4/4n3/3R4/8 w - - 21 75,d5e3,10000,white
9,150,8/8/2k5/8/3K4/4N3/3R4/8 b - - 0 75,c6d7,-10000,black
10,1,rnbqkbnr/pppppppp/8/8/8/8/PPPPPPPP/RNBQKBNR w KQkq - 0 1,e2e4,29,white
10,2,rnbqkbnr/pppppppp/8/8/4P3/8/PPPP1PPP/RNBQKBNR b KQkq - 0 1,e7e5,-39,black
10,3,rnbqkbnr/pppp1ppp/8/4p3/4P3/8/PPPP1PPP/RNBQKBNR w KQkq - 0 2,g1f3,31,white
10,4,rnbqkbnr/pppp1ppp/8/4p3/4P3/5N2/PPPP1PPP/RNBQKB1R b KQkq - 1 2,b8c6,-28,black
10,5,r1bqkbnr/pppp1ppp/2n5/4p3/4P3/5N2/PPPP1PPP/RNBQKB1R w KQkq - 2 3,d2d4,22,white
10,6,r1bqkbnr/pppp1ppp/2n5/4p3/3PP3/5N2/PPP2PPP/RNBQKB1R b KQkq - 0 3,e5d4,-15,black
10,7,r1bqkbnr/pppp1ppp/2n5/8/3pP3/5N2/PPP2PPP/RNBQKB1R w KQkq - 0 4,f3d4,8,white
10,8,r1bqkbnr/pppp1ppp/2n5/8/3NP3/8/PPP2PPP/RNBQKB1R b KQkq - 0 4,g8f6,-12,black
10,9,r1bqkb1r/pppp1ppp/2n2n2/8/3NP3/8/PPP2PPP/RNBQKB1R w KQkq - 1 5,b1c3,10,white
10,10,r1bqkb1r/pppp1ppp/2n2n2/8/3NP3/2N5/PPP2PPP/R1BQKB1R b KQkq - 2 5,f8b4,2,black
10,11,r1bqk2r/pppp1ppp/2n2n2/8/1b1NP3/2N5/PPP2PPP/R1BQKB1R w KQkq - 3 6,d4c6,3,white
10,12,r1bqk2r/pppp1ppp/2N2n2/8/1b2P3/2N5/PPP2PPP/R1BQKB1R b KQkq - 0 6,b7c6,-11,black
10,13,r1bqk2r/p1pp1ppp/2p2n2/8/1b2P3/2N5/PPP2PPP/R1BQKB1R w KQkq - 0 7,f1d3,10,white
10,14,r1bqk2r/p1pp1ppp/2p2n2/8/1b2P3/2NB4/PPP2PPP/R1BQK2R b KQkq - 1 7,d7d5,-17,black
10,15,r1bqk2r/p1p2ppp/2p2n2/3p4/1b2P3/2NB4/PPP2PPP/R1BQK2R w KQkq - 0 8,e4d5,16,white
10,16,r1bqk2r/p1p2ppp/2p2n2/3P4/1b6/2NB4/PPP2PPP/R1BQK2R b KQkq - 0 8,e8g8,-17,black
10,17,r1bq1rk1/p1p2ppp/2p2n2/3P4/1b6/2NB4/PPP2PPP/R1BQK2R w KQ - 1 9,e1g1,16,white
10,18,r1bq1rk1/p1p2ppp/2p2n2/3P4/1b6/2NB4/PPP2PPP/R1BQ1RK1 b - - 2 9,c6d5,-15,black
10,19,r1bq1rk1/p1p2ppp/5n2/3p4/1b6/2NB4/PPP2PPP/R1BQ1RK1 w - - 0 10,h2h3,12,white
10,20,r1bq1rk1/p1p2ppp/5n2/3p4/1b6/2NB3P/PPP2PP1/R1BQ1RK1 b - - 0 10,c7c6,-9,black
10,21,r1bq1rk1/p4ppp/2p2n2/3p4/1b6/2NB3P/PPP2PP1/R1BQ1RK1 w - - 0 11,c1f4,10,white
10,22,r1bq1rk1/p4ppp/2p2n2/3p4/1b3B2/2NB3P/PPP2PP1/R2Q1RK1 b - - 1 11,b4d6,1,black
10,23,r1bq1rk1/p4ppp/2pb1n2/3p4/5B2/2NB3P/PPP2PP1/R2Q1RK1 w - - 2 12,d1f3,-4,white
10,24,r1bq1rk1/p4ppp/2pb1n2/3p4/5B2/2NB1Q1P/PPP2PP1/R4RK1 b - - 3 12,d8c7,0,black
10,25,r1b2rk1/p1q2ppp/2pb1n2/3p4/5B2/2NB1Q1P/PPP2PP1/R4RK1 w - - 4 13,c3e2,5,white
10,26,r1b2rk1/p1q2ppp/2pb1n2/3p4/5B2/3B1Q1P/PPP1NPP1/R4RK1 b - - 5 13,a8b8,-4,black
10,27,1rb2rk1/p1q2ppp/2pb1n2/3p4/5B2/3B1Q1P/PPP1NPP1/R4RK1 w - - 6 14,b2b3,9,white
10,28,1rb2rk1/p1q2ppp/2pb1n2/3p4/5B2/1P1B1Q1P/P1P1NPP1/R4RK1 b - - 0 14,c6c5,-2,black
10,29,1rb2rk1/p1q2ppp/3b1n2/2pp4/5B2/1P1B1Q1P/P1P1NPP1/R4RK1 w - - 0 15,f4d6,1,white
10,30,1rb2rk1/p1q2ppp/3B1n2/2pp4/8/1P1B1Q1P/P1P1NPP1/R4RK1 b - - 0 15,c7d6,0,black
10,31,1rb2rk1/p4ppp/3q1n2/2pp4/8/1P1B1Q1P/P1P1NPP1/R4RK1 w - - 0 16,f1e1,0,white
10,32,1rb2rk1/p4ppp/3q1n2/2pp4/8/1P1B1Q1P/P1P1NPP1/R3R1K1 b - - 1 16,f8e8,-1,black
10,33,1rb1r1k1/p4ppp/3q1n2/2pp4/8/1P1B1Q1P/P1P1NPP1/R3R1K1 w - - 2 17,e2f4,0,white
10,34,1rb1r1k1/p4ppp/3q1n2/2pp4/5N2/1P1B1Q1P/P1P2PP1/R3R1K1 b - - 3 17,c8b7,0,black
10,35,1r2r1k1/pb3ppp/3q1n2/2pp4/5N2/1P1B1Q1P/P1P2PP1/R3R1K1 w - - 4 18,f4h5,4,white
10,36,1r2r1k1/pb3ppp/3q1n2/2pp3N/8/1P1B1Q1P/P1P2PP1/R3R1K1 b - - 5 18,f6h5,-2,black
10,37,1r2r1k1/pb3ppp/3q4/2pp3n/8/1P1B1Q1P/P1P2PP1/R3R1K1 w - - 0 19,f3h5,1,white
10,38,1r2r1k1/pb3ppp/3q4/2pp3Q/8/1P1B3P/P1P2PP1/R3R1K1 b - - 0 19,g7g6,-1,black
10,39,1r2r1k1/pb3p1p/3q2p1/2pp3Q/8/1P1B3P/P1P2PP1/R3R1K1 w - - 0 20,h5h6,-1,white
10,40,1r2r1k1/pb3p1p/3q2pQ/2pp4/8/1P1B3P/P1P2PP1/R3R1K1 b - - 1 20,d5d4,5,black
10,41,1r2r1k1/pb3p1p/3q2pQ/2p5/3p4/1P1B3P/P1P2PP1/R3R1K1 w - - 0 21,a1d1,-5,white
10,42,1r2r1k1/pb3p1p/3q2pQ/2p5/3p4/1P1B3P/P1P2PP1/3RR1K1 b - - 1 21,b7c6,1,black
10,43,1r2r1k1/p4p1p/2bq2pQ/2p5/3p4/1P1B3P/P1P2PP1/3RR1K1 w - - 2 22,a2a3,-1,white
10,44,1r2r1k1/p4p1p/2bq2pQ/2p5/3p4/PP1B3P/2P2PP1/3RR1K1 b - - 0 22,e8e1,0,black
10,45,1r4k1/p4p1p/2bq2pQ/2p5/3p4/PP1B3P/2P2PP1/3Rr1K1 w - - 0 23,d1e1,0,white
10,46,1r4k1/p4p1p/2bq2pQ/2p5/3p4/PP1B3P/2P2PP1/4R1K1 b - - 0 23,b8e8,0,black
10,47,4r1k1/p4p1p/2bq2pQ/2p5/3p4/PP1B3P/2P2PP1/4R1K1 w - - 1 24,e1e8,0,white
10,48,4R1k1/p4p1p/2bq2pQ/2p5/3p4/PP1B3P/2P2PP1/6K1 b - - 0 24,c6e8,0,black
10,49,4b1k1/p4p1p/3q2pQ/2p5/3p4/PP1B3P/2P2PP1/6K1 w - - 0 25,h6g5,0,white
10,50,4b1k1/p4p1p/3q2p1/2p3Q1/3p4/PP1B3P/2P2PP1/6K1 b - - 1 25,g8g7,0,black
10,51,4b3/p4pkp/3q2p1/2p3Q1/3p4/PP1B3P/2P2PP1/6K1 w - - 2 26,g5d2,0,white
10,52,4b3/p4pkp/3q2p1/2p5/3p4/PP1B3P/2PQ1PP1/6K1 b - - 3 26,e8c6,0,black
10,53,8/p4pkp/2bq2p1/2p5/3p4/PP1B3P/2PQ1PP1/6K1 w - - 4 27,d2a5,-7,white
10,54,8/p4pkp/2bq2p1/Q1p5/3p4/PP1B3P/2P2PP1/6K1 b - - 5 27,d6e7,1,black
10,55,8/p3qpkp/2b3p1/Q1p5/3p4/PP1B3P/2P2PP1/6K1 w - - 6 28,h3h4,0,white
10,56,8/p3qpkp/2b3p1/Q1p5/3p3P/PP1B4/2P2PP1/6K1 b - - 0 28,h7h5,0,black
10,57,8/p3qpk1/2b3p1/Q1p4p/3p3P/PP1B4/2P2PP1/6K1 w - - 0 29,b3b4,0,white
10,58,8/p3qpk1/2b3p1/Q1p4p/1P1p3P/P2B4/2P2PP1/6K1 b - - 0 29,c5b4,0,black
10,59,8/p3qpk1/2b3p1/Q6p/1p1p3P/P2B4/2P2PP1/6K1 w - - 0 30,a3b4,0,white
10,60,8/p3qpk1/2b3p1/Q6p/1P1p3P/3B4/2P2PP1/6K1 b - - 0 30,c6b7,0,black
10,61,8/pb2qpk1/6p1/Q6p/1P1p3P/3B4/2P2PP1/6K1 w - - 1 31,b4b5,0,white
10,62,8/pb2qpk1/6p1/QP5p/3p3P/3B4/2P2PP1/6K1 b - - 0 31,e7c5,0,black
10,63,8/pb3pk1/6p1/QPq4p/3p3P/3B4/2P2PP1/6K1 w - - 1 32,a5e1,0,white
10,64,8/pb3pk1/6p1/1Pq4p/3p3P/3B4/2P2PP1/4Q1K1 b - - 2 32,c5d5,0,black
10,65,8/pb3pk1/6p1/1P1q3p/3p3P/3B4/2P2PP1/4Q1K1 w - - 3 33,d3f1,0,white
10,66,8/pb3pk1/6p1/1P1q3p/3p3P/8/2P2PP1/4QBK1 b - - 4 33,d5c5,0,black
10,67,8/pb3pk1/6p1/1Pq4p/3p3P/8/2P2PP1/4QBK1 w - - 5 34,e1d2,0,white
10,68,8/pb3pk1/6p1/1Pq4p/3p3P/8/2PQ1PP1/5BK1 b - - 6 34,b7e4,0,black
10,69,8/p4pk1/6p1/1Pq4p/3pb2P/8/2PQ1PP1/5BK1 w - - 7 35,f1d3,0,white
10,70,8/p4pk1/6p1/1Pq4p/3pb2P/3B4/2PQ1PP1/6K1 b - - 8 35,e4b7,0,black
10,71,8/pb3pk1/6p1/1Pq4p/3p3P/3B4/2PQ1PP1/6K1 w - - 9 36,d2c1,0,white
10,72,8/pb3pk1/6p1/1Pq4p/3p3P/3B4/2P2PP1/2Q3K1 b - - 10 36,c5d5,0,black
10,73,8/pb3pk1/6p1/1P1q3p/3p3P/3B4/2P2PP1/2Q3K1 w - - 11 37,d3f1,0,white
10,74,8/pb3pk1/6p1/1P1q3p/3p3P/8/2P2PP1/2Q2BK1 b - - 12 37,d5c5,0,black
10,75,8/pb3pk1/6p1/1Pq4p/3p3P/8/2P2PP1/2Q2BK1 w - - 13 38,c1e1,0,white
10,76,8/pb3pk1/6p1/1Pq4p/3p3P/8/2P2PP1/4QBK1 b - - 14 38,b7c8,0,black
10,77,2b5/p4pk1/6p1/1Pq4p/3p3P/8/2P2PP1/4QBK1 w - - 15 39,f1d3,0,white
10,78,2b5/p4pk1/6p1/1Pq4p/3p3P/3B4/2P2PP1/4Q1K1 b - - 16 39,c8g4,0,black
10,79,8/p4pk1/6p1/1Pq4p/3p2bP/3B4/2P2PP1/4Q1K1 w - - 17 40,e1b1,0,white
10,80,8/p4pk1/6p1/1Pq4p/3p2bP/3B4/2P2PP1/1Q4K1 b - - 18 40,g4d7,0,black
10,81,8/p2b1pk1/6p1/1Pq4p/3p3P/3B4/2P2PP1/1Q4K1 w - - 19 41,b1b3,0,white
10,82,8/p2b1pk1/6p1/1Pq4p/3p3P/1Q1B4/2P2PP1/6K1 b - - 20 41,d7e6,0,black
10,83,8/p4pk1/4b1p1/1Pq4p/3p3P/1Q1B4/2P2PP1/6K1 w - - 21 42,b3a4,0,white
10,84,8/p4pk1/4b1p1/1Pq4p/Q2p3P/3B4/2P2PP1/6K1 b - - 22 42,e6c8,0,black
10,85,2b5/p4pk1/6p1/1Pq4p/Q2p3P/3B4/2P2PP1/6K1 w - - 23 43,a4a2,0,white
10,86,2b5/p4pk1/6p1/1Pq4p/3p3P/3B4/Q1P2PP1/6K1 b - - 24 43,c8d7,0,black
10,87,8/p2b1pk1/6p1/1Pq4p/3p3P/3B4/Q1P2PP1/6K1 w - - 25 44,a2a5,0,white
10,88,8/p2b1pk1/6p1/QPq4p/3p3P/3B4/2P2PP1/6K1 b - - 26 44,d7g4,0,black
10,89,8/p4pk1/6p1/QPq4p/3p2bP/3B4/2P2PP1/6K1 w - - 27 45,a5a1,0,white
10,90,8/p4pk1/6p1/1Pq4p/3p2bP/3B4/2P2PP1/Q5K1 b - - 28 45,g4e6,0,black
10,91,8/p4pk1/4b1p1/1Pq4p/3p3P/3B4/2P2PP1/Q5K1 w - - 29 46,a1a6,0,white
10,92,8/p4pk1/Q3b1p1/1Pq4p/3p3P/3B4/2P2PP1/6K1 b - - 30 46,e6c8,0,black
10,93,2b5/p4pk1/Q5p1/1Pq4p/3p3P/3B4/2P2PP1/6K1 w - - 31 47,a6a1,0,white
10,94,2b5/p4pk1/6p1/1Pq4p/3p3P/3B4/2P2PP1/Q5K1 b - - 32 47,g7f8,0,black
10,95,2b2k2/p4p2/6p1/1Pq4p/3p3P/3B4/2P2PP1/Q5K1 w - - 33 48,a1a2,0,white
10,96,2b2k2/p4p2/6p1/1Pq4p/3p3P/3B4/Q1P2PP1/6K1 b - - 34 48,c8g4,0,black
10,97,5k2/p4p2/6p1/1Pq4p/3p2bP/3B4/Q1P2PP1/6K1 w - - 35 49,a2a1,0,white
10,98,5k2/p4p2/6p1/1Pq4p/3p2bP/3B4/2P2PP1/Q5K1 b - - 36 49,f8g8,0,black
10,99,6k1/p4p2/6p1/1Pq4p/3p2bP/3B4/2P2PP1/Q5K1 w - - 37 50,a1a6,0,white
10,100,6k1/p4p2/Q5p1/1Pq4p/3p2bP/3B4/2P2PP1/6K1 b - - 38 50,g4d7,0,black
10,101,6k1/p2b1p2/Q5p1/1Pq4p/3p3P/3B4/2P2PP1/6K1 w - - 39 51,a6a5,0,white
10,102,6k1/p2b1p2/6p1/QPq4p/3p3P/3B4/2P2PP1/6K1 b - - 40 51,d7e6,0,black
10,103,6k1/p4p2/4b1p1/QPq4p/3p3P/3B4/2P2PP1/6K1 w - - 41 52,a5a6,0,white
10,104,6k1/p4p2/Q3b1p1/1Pq4p/3p3P/3B4/2P2PP1/6K1 b - - 42 52,e6d7,0,black
10,105,6k1/p2b1p2/Q5p1/1Pq4p/3p3P/3B4/2P2PP1/6K1 w - - 43 53,a6a5,0,white
10,106,6k1/p2b1p2/6p1/QPq4p/3p3P/3B4/2P2PP1/6K1 b - - 44 53,d7c8,0,black
10,107,2b3k1/p4p2/6p1/QPq4p/3p3P/3B4/2P2PP1/6K1 w - - 45 54,a5a4,0,white
10,108,2b3k1/p4p2/6p1/1Pq4p/Q2p3P/3B4/2P2PP1/6K1 b - - 46 54,g8g7,0,black
10,109,2b5/p4pk1/6p1/1Pq4p/Q2p3P/3B4/2P2PP1/6K1 w - - 47 55,a4a1,0,white
10,110,2b5/p4pk1/6p1/1Pq4p/3p3P/3B4/2P2PP1/Q5K1 b - - 48 55,c8d7,0,black
10,111,8/p2b1pk1/6p1/1Pq4p/3p3P/3B4/2P2PP1/Q5K1 w - - 49 56,a1a5,0,white
10,112,8/p2b1pk1/6p1/QPq4p/3p3P/3B4/2P2PP1/6K1 b - - 50 56,d7e6,0,black
10,113,8/p4pk1/4b1p1/QPq4p/3p3P/3B4/2P2PP1/6K1 w - - 51 57,a5a1,0,white
10,114,8/p4pk1/4b1p1/1Pq4p/3p3P/3B4/2P2PP1/Q5K1 b - - 52 57,e6d5,0,black
10,115,8/p4pk1/6p1/1Pqb3p/3p3P/3B4/2P2PP1/Q5K1 w - - 53 58,a1a6,0,white
10,116,8/p4pk1/Q5p1/1Pqb3p/3p3P/3B4/2P2PP1/6K1 b - - 54 58,d5e6,0,black
10,117,8/p4pk1/Q3b1p1/1Pq4p/3p3P/3B4/2P2PP1/6K1 w - - 55 59,a6a1,0,white
10,118,8/p4pk1/4b1p1/1Pq4p/3p3P/3B4/2P2PP1/Q5K1 b - - 56 59,g7f6,0,black
10,119,8/p4p2/4bkp1/1Pq4p/3p3P/3B4/2P2PP1/Q5K1 w - - 57 60,a1a6,0,white
10,120,8/p4p2/Q3bkp1/1Pq4p/3p3P/3B4/2P2PP1/6K1 b - - 58 60,f6e7,0,black
10,121,8/p3kp2/Q3b1p1/1Pq4p/3p3P/3B4/2P2PP1/6K1 w - - 59 61,a6b7,0,white
10,122,8/pQ2kp2/4b1p1/1Pq4p/3p3P/3B4/2P2PP1/6K1 b - - 60 61,e7f6,0,black
10,123,8/pQ3p2/4bkp1/1Pq4p/3p3P/3B4/2P2PP1/6K1 w - - 61 62,b7a6,0,white
10,124,8/p4p2/Q3bkp1/1Pq4p/3p3P/3B4/2P2PP1/6K1 b - - 62 62,f6e7,0,black
10,125,8/p3kp2/Q3b1p1/1Pq4p/3p3P/3B4/2P2PP1/6K1 w - - 63 63,a6a1,0,white
10,126,8/p3kp2/4b1p1/1Pq4p/3p3P/3B4/2P2PP1/Q5K1 b - - 64 63,e6c8,0,black
10,127,2b5/p3kp2/6p1/1Pq4p/3p3P/3B4/2P2PP1/Q5K1 w - - 65 64,a1c1,0,white
10,128,2b5/p3kp2/6p1/1Pq4p/3p3P/3B4/2P2PP1/2Q3K1 b - - 66 64,e7f8,0,black
10,129,2b2k2/p4p2/6p1/1Pq4p/3p3P/3B4/2P2PP1/2Q3K1 w - - 67 65,c1h6,0,white
10,130,2b2k2/p4p2/6pQ/1Pq4p/3p3P/3B4/2P2PP1/6K1 b - - 68 65,f8g8,0,black
10,131,2b3k1/p4p2/6pQ/1Pq4p/3p3P/3B4/2P2PP1/6K1 w - - 69 66,h6f4,0,white
10,132,2b3k1/p4p2/6p1/1Pq4p/3p1Q1P/3B4/2P2PP1/6K1 b - - 70 66,g8g7,0,black
10,133,2b5/p4pk1/6p1/1Pq4p/3p1Q1P/3B4/2P2PP1/6K1 w - - 71 67,f4f3,0,white
10,134,2b5/p4pk1/6p1/1Pq4p/3p3P/3B1Q2/2P2PP1/6K1 b - - 72 67,c8d7,0,black
10,135,8/p2b1pk1/6p1/1Pq4p/3p3P/3B1Q2/2P2PP1/6K1 w - - 73 68,f3b7,0,white
10,136,8/pQ1b1pk1/6p1/1Pq4p/3p3P/3B4/2P2PP1/6K1 b - - 74 68,d7c8,0,black
10,137,2b5/pQ3pk1/6p1/1Pq4p/3p3P/3B4/2P2PP1/6K1 w - - 75 69,b7b8,0,white
10,138,1Qb5/p4pk1/6p1/1Pq4p/3p3P/3B4/2P2PP1/6K1 b - - 76 69,c8g4,0,black
10,139,1Q6/p4pk1/6p1/1Pq4p/3p2bP/3B4/2P2PP1/6K1 w - - 77 70,b8b7,0,white
10,140,8/pQ3pk1/6p1/1Pq4p/3p2bP/3B4/2P2PP1/6K1 b - - 78 70,g4c8,0,black
10,141,2b5/pQ3pk1/6p1/1Pq4p/3p3P/3B4/2P2PP1/6K1 w - - 79 71,b7e4,0,white
10,142,2b5/p4pk1/6p1/1Pq4p/3pQ2P/3B4/2P2PP1/6K1 b - - 80 71,c8d7,0,black
10,143,8/p2b1pk1/6p1/1Pq4p/3pQ2P/3B4/2P2PP1/6K1 w - - 81 72,e4e2,0,white
10,144,8/p2b1pk1/6p1/1Pq4p/3p3P/3B4/2P1QPP1/6K1 b - - 82 72,g7f8,0,black
10,145,5k2/p2b1p2/6p1/1Pq4p/3p3P/3B4/2P1QPP1/6K1 w - - 83 73,e2f1,0,white
10,146,5k2/p2b1p2/6p1/1Pq4p/3p3P/3B4/2P2PP1/5QK1 b - - 84 73,d7c8,0,black
10,147,2b2k2/p4p2/6p1/1Pq4p/3p3P/3B4/2P2PP1/5QK1 w - - 85 74,f1a1,0,white
10,148,2b2k2/p4p2/6p1/1Pq4p/3p3P/3B4/2P2PP1/Q5K1 b - - 86 74,f8g7,0,black
10,149,2b5/p4pk1/6p1/1Pq4p/3p3P/3B4/2P2PP1/Q5K1 w - - 87 75,a1e1,0,white
10,150,2b5/p4pk1/6p1/1Pq4p/3p3P/3B4/2P2PP1/4Q1K1 b - - 88 75,c8d7,0,black
11,1,rnbqkbnr/pppppppp/8/8/8/8/PPPPPPPP/RNBQKBNR w KQkq - 0 1,e2e4,34,white
11,2,rnbqkbnr/pppppppp/8/8/4P3/8/PPPP1PPP/RNBQKBNR b KQkq - 0 1,e7e5,-18,black
11,3,rnbqkbnr/pppp1ppp/8/4p3/4P3/8/PPPP1PPP/RNBQKBNR w KQkq - 0 2,g1f3,19,white
11,4,rnbqkbnr/pppp1ppp/8/4p3/4P3/5N2/PPPP1PPP/RNBQKB1R b KQkq - 1 2,b8c6,-15,black
11,5,r1bqkbnr/pppp1ppp/2n5/4p3/4P3/5N2/PPPP1PPP/RNBQKB1R w KQkq - 2 3,f1b5,15,white
11,6,r1bqkbnr/pppp1ppp/2n5/1B2p3/4P3/5N2/PPPP1PPP/RNBQK2R b KQkq - 3 3,g8f6,-13,black
11,7,r1bqkb1r/pppp1ppp/2n2n2/1B2p3/4P3/5N2/PPPP1PPP/RNBQK2R w KQkq - 4 4,d2d3,14,white
11,8,r1bqkb1r/pppp1ppp/2n2n2/1B2p3/4P3/3P1N2/PPP2PPP/RNBQK2R b KQkq - 0 4,f8c5,-10,black
11,9,r1bqk2r/pppp1ppp/2n2n2/1Bb1p3/4P3/3P1N2/PPP2PPP/RNBQK2R w KQkq - 1 5,b5c6,11,white
11,10,r1bqk2r/pppp1ppp/2B2n2/2b1p3/4P3/3P1N2/PPP2PPP/RNBQK2R b KQkq - 0 5,d7c6,-9,black
11,11,r1bqk2r/ppp2ppp/2p2n2/2b1p3/4P3/3P1N2/PPP2PPP/RNBQK2R w KQkq - 0 6,e1g1,10,white
11,12,r1bqk2r/ppp2ppp/2p2n2/2b1p3/4P3/3P1N2/PPP2PPP/RNBQ1RK1 b kq - 1 6,f6d7,-12,black
11,13,r1bqk2r/pppn1ppp/2p5/2b1p3/4P3/3P1N2/PPP2PPP/RNBQ1RK1 w kq - 2 7,b1d2,19,white
11,14,r1bqk2r/pppn1ppp/2p5/2b1p3/4P3/3P1N2/PPPN1PPP/R1BQ1RK1 b kq - 3 7,f7f6,-24,black
11,15,r1bqk2r/pppn2pp/2p2p2/2b1p3/4P3/3P1N2/PPPN1PPP/R1BQ1RK1 w kq - 0 8,c2c3,26,white
11,16,r1bqk2r/pppn2pp/2p2p2/2b1p3/4P3/2PP1N2/PP1N1PPP/R1BQ1RK1 b kq - 0 8,c5e7,-17,black
11,17,r1bqk2r/pppnb1pp/2p2p2/4p3/4P3/2PP1N2/PP1N1PPP/R1BQ1RK1 w kq - 1 9,d1c2,16,white
11,18,r1bqk2r/pppnb1pp/2p2p2/4p3/4P3/2PP1N2/PPQN1PPP/R1B2RK1 b kq - 2 9,e8g8,-12,black
11,19,r1bq1rk1/pppnb1pp/2p2p2/4p3/4P3/2PP1N2/PPQN1PPP/R1B2RK1 w - - 3 10,d2c4,8,white
11,20,r1bq1rk1/pppnb1pp/2p2p2/4p3/2N1P3/2PP1N2/PPQ2PPP/R1B2RK1 b - - 4 10,d8e8,-6,black
11,21,r1b1qrk1/pppnb1pp/2p2p2/4p3/2N1P3/2PP1N2/PPQ2PPP/R1B2RK1 w - - 5 11,c4e3,12,white
11,22,r1b1qrk1/pppnb1pp/2p2p2/4p3/4P3/2PPNN2/PPQ2PPP/R1B2RK1 b - - 6 11,a7a5,-14,black
11,23,r1b1qrk1/1ppnb1pp/2p2p2/p3p3/4P3/2PPNN2/PPQ2PPP/R1B2RK1 w - - 0 12,d3d4,21,white
11,24,r1b1qrk1/1ppnb1pp/2p2p2/p3p3/3PP3/2P1NN2/PPQ2PPP/R1B2RK1 b - - 0 12,e5d4,-13,black
11,25,r1b1qrk1/1ppnb1pp/2p2p2/p7/3pP3/2P1NN2/PPQ2PPP/R1B2RK1 w - - 0 13,c3d4,12,white
11,26,r1b1qrk1/1ppnb1pp/2p2p2/p7/3PP3/4NN2/PPQ2PPP/R1B2RK1 b - - 0 13,d7b6,-10,black
11,27,r1b1qrk1/1pp1b1pp/1np2p2/p7/3PP3/4NN2/PPQ2PPP/R1B2RK1 w - - 1 14,f3h4,7,white
11,28,r1b1qrk1/1pp1b1pp/1np2p2/p7/3PP2N/4N3/PPQ2PPP/R1B2RK1 b - - 2 14,e8d7,-23,black
11,29,r1b2rk1/1ppqb1pp/1np2p2/p7/3PP2N/4N3/PPQ2PPP/R1B2RK1 w - - 3 15,h4f5,12,white
11,30,r1b2rk1/1ppqb1pp/1np2p2/p4N2/3PP3/4N3/PPQ2PPP/R1B2RK1 b - - 4 15,f8e8,-8,black
11,31,r1b1r1k1/1ppqb1pp/1np2p2/p4N2/3PP3/4N3/PPQ2PPP/R1B2RK1 w - - 5 16,f5e7,5,white
11,32,r1b1r1k1/1ppqN1pp/1np2p2/p7/3PP3/4N3/PPQ2PPP/R1B2RK1 b - - 0 16,d7e7,-8,black
11,33,r1b1r1k1/1pp1q1pp/1np2p2/p7/3PP3/4N3/PPQ2PPP/R1B2RK1 w - - 0 17,f2f3,6,white
11,34,r1b1r1k1/1pp1q1pp/1np2p2/p7/3PP3/4NP2/PPQ3PP/R1B2RK1 b - - 0 17,e8d8,-4,black
11,35,r1br2k1/1pp1q1pp/1np2p2/p7/3PP3/4NP2/PPQ3PP/R1B2RK1 w - - 1 18,c2c3,9,white
11,36,r1br2k1/1pp1q1pp/1np2p2/p7/3PP3/2Q1NP2/PP4PP/R1B2RK1 b - - 2 18,e7b4,-9,black
11,37,r1br2k1/1pp3pp/1np2p2/p7/1q1PP3/2Q1NP2/PP4PP/R1B2RK1 w - - 3 19,c3b4,0,white
11,38,r1br2k1/1pp3pp/1np2p2/p7/1Q1PP3/4NP2/PP4PP/R1B2RK1 b - - 0 19,a5b4,-4,black
11,39,r1br2k1/1pp3pp/1np2p2/8/1p1PP3/4NP2/PP4PP/R1B2RK1 w - - 0 20,e3c2,-6,white
11,40,r1br2k1/1pp3pp/1np2p2/8/1p1PP3/5P2/PPN3PP/R1B2RK1 b - - 1 20,b4b3,3,black
11,41,r1br2k1/1pp3pp/1np2p2/8/3PP3/1p3P2/PPN3PP/R1B2RK1 w - - 0 21,a2b3,0,white
11,42,r1br2k1/1pp3pp/1np2p2/8/3PP3/1P3P2/1PN3PP/R1B2RK1 b - - 0 21,a8a1,0,black
11,43,2br2k1/1pp3pp/1np2p2/8/3PP3/1P3P2/1PN3PP/r1B2RK1 w - - 0 22,c2a1,0,white
11,44,2br2k1/1pp3pp/1np2p2/8/3PP3/1P3P2/1P4PP/N1B2RK1 b - - 0 22,d8d4,0,black
11,45,2b3k1/1pp3pp/1np2p2/8/3rP3/1P3P2/1P4PP/N1B2RK1 w - - 0 23,c1f4,0,white
11,46,2b3k1/1pp3pp/1np2p2/8/3rPB2/1P3P2/1P4PP/N4RK1 b - - 1 23,c8e6,0,black
11,47,6k1/1pp3pp/1np1bp2/8/3rPB2/1P3P2/1P4PP/N4RK1 w - - 2 24,f4c7,0,white
11,48,6k1/1pB3pp/1np1bp2/8/3rP3/1P3P2/1P4PP/N4RK1 b - - 0 24,b6d7,0,black
11,49,6k1/1pBn2pp/2p1bp2/8/3rP3/1P3P2/1P4PP/N4RK1 w - - 1 25,a1c2,0,white
11,50,6k1/1pBn2pp/2p1bp2/8/3rP3/1P3P2/1PN3PP/5RK1 b - - 2 25,d4d2,0,black
11,51,6k1/1pBn2pp/2p1bp2/8/4P3/1P3P2/1PNr2PP/5RK1 w - - 3 26,f1f2,0,white
11,52,6k1/1pBn2pp/2p1bp2/8/4P3/1P3P2/1PNr1RPP/6K1 b - - 4 26,d2d1,0,black
11,53,6k1/1pBn2pp/2p1bp2/8/4P3/1P3P2/1PN2RPP/3r2K1 w - - 5 27,f2f1,0,white
11,54,6k1/1pBn2pp/2p1bp2/8/4P3/1P3P2/1PN3PP/3r1RK1 b - - 6 27,d1d2,0,black
11,55,6k1/1pBn2pp/2p1bp2/8/4P3/1P3P2/1PNr2PP/5RK1 w - - 7 28,f1f2,0,white
11,56,6k1/1pBn2pp/2p1bp2/8/4P3/1P3P2/1PNr1RPP/6K1 b - - 8 28,d2d1,0,black
11,57,6k1/1pBn2pp/2p1bp2/8/4P3/1P3P2/1PN2RPP/3r2K1 w - - 9 29,f2f1,0,white
11,58,6k1/1pBn2pp/2p1bp2/8/4P3/1P3P2/1PN3PP/3r1RK1 b - - 10 29,d1d2,0,black
11,59,6k1/1pBn2pp/2p1bp2/8/4P3/1P3P2/1PNr2PP/5RK1 w - - 11 30,f1f2,0,white
11,60,6k1/1pBn2pp/2p1bp2/8/4P3/1P3P2/1PNr1RPP/6K1 b - - 12 30,d2d1,0,black
11,61,6k1/1pBn2pp/2p1bp2/8/4P3/1P3P2/1PN2RPP/3r2K1 w - - 13 31,f2f1,0,white
11,62,6k1/1pBn2pp/2p1bp2/8/4P3/1P3P2/1PN3PP/3r1RK1 b - - 14 31,d1d2,0,black
11,63,6k1/1pBn2pp/2p1bp2/8/4P3/1P3P2/1PNr2PP/5RK1 w - - 15 32,f1f2,0,white
11,64,6k1/1pBn2pp/2p1bp2/8/4P3/1P3P2/1PNr1RPP/6K1 b - - 16 32,d2d1,0,black
11,65,6k1/1pBn2pp/2p1bp2/8/4P3/1P3P2/1PN2RPP/3r2K1 w - - 17 33,f2f1,0,white
11,66,6k1/1pBn2pp/2p1bp2/8/4P3/1P3P2/1PN3PP/3r1RK1 b - - 18 33,d1d2,0,black
12,1,rnbqkbnr/pppppppp/8/8/8/8/PPPPPPPP/RNBQKBNR w KQkq - 0 1,d2d4,30,white
12,2,rnbqkbnr/pppppppp/8/8/3P4/8/PPP1PPPP/RNBQKBNR b KQkq - 0 1,d7d5,-26,black
12,3,rnbqkbnr/ppp1pppp/8/3p4/3P4/8/PPP1PPPP/RNBQKBNR w KQkq - 0 2,c2c4,18,white
12,4,rnbqkbnr/ppp1pppp/8/3p4/2PP4/8/PP2PPPP/RNBQKBNR b KQkq - 0 2,c7c6,-30,black
12,5,rnbqkbnr/pp2pppp/2p5/3p4/2PP4/8/PP2PPPP/RNBQKBNR w KQkq - 0 3,g1f3,41,white
12,6,rnbqkbnr/pp2pppp/2p5/3p4/2PP4/5N2/PP2PPPP/RNBQKB1R b KQkq - 1 3,g8f6,-34,black
12,7,rnbqkb1r/pp2pppp/2p2n2/3p4/2PP4/5N2/PP2PPPP/RNBQKB1R w KQkq - 2 4,e2e3,35,white
12,8,rnbqkb1r/pp2pppp/2p2n2/3p4/2PP4/4PN2/PP3PPP/RNBQKB1R b KQkq - 0 4,c8f5,-30,black
12,9,rn1qkb1r/pp2pppp/2p2n2/3p1b2/2PP4/4PN2/PP3PPP/RNBQKB1R w KQkq - 1 5,b1c3,27,white
12,10,rn1qkb1r/pp2pppp/2p2n2/3p1b2/2PP4/2N1PN2/PP3PPP/R1BQKB1R b KQkq - 2 5,e7e6,-33,black
12,11,rn1qkb1r/pp3ppp/2p1pn2/3p1b2/2PP4/2N1PN2/PP3PPP/R1BQKB1R w KQkq - 0 6,f3h4,26,white
12,12,rn1qkb1r/pp3ppp/2p1pn2/3p1b2/2PP3N/2N1P3/PP3PPP/R1BQKB1R b KQkq - 1 6,f5g6,-31,black
12,13,rn1qkb1r/pp3ppp/2p1pnb1/3p4/2PP3N/2N1P3/PP3PPP/R1BQKB1R w KQkq - 2 7,c1d2,28,white
12,14,rn1qkb1r/pp3ppp/2p1pnb1/3p4/2PP3N/2N1P3/PP1B1PPP/R2QKB1R b KQkq - 3 7,b8d7,-29,black
12,15,r2qkb1r/pp1n1ppp/2p1pnb1/3p4/2PP3N/2N1P3/PP1B1PPP/R2QKB1R w KQkq - 4 8,h4g6,25,white
12,16,r2qkb1r/pp1n1ppp/2p1pnN1/3p4/2PP4/2N1P3/PP1B1PPP/R2QKB1R b KQkq - 0 8,h7g6,-28,black
12,17,r2qkb1r/pp1n1pp1/2p1pnp1/3p4/2PP4/2N1P3/PP1B1PPP/R2QKB1R w KQkq - 0 9,d1b3,32,white
12,18,r2qkb1r/pp1n1pp1/2p1pnp1/3p4/2PP4/1QN1P3/PP1B1PPP/R3KB1R b KQkq - 1 9,d8b6,-31,black
12,19,r3kb1r/pp1n1pp1/1qp1pnp1/3p4/2PP4/1QN1P3/PP1B1PPP/R3KB1R w KQkq - 2 10,f1e2,29,white
12,20,r3kb1r/pp1n1pp1/1qp1pnp1/3p4/2PP4/1QN1P3/PP1BBPPP/R3K2R b KQkq - 3 10,b6b3,-31,black
12,21,r3kb1r/pp1n1pp1/2p1pnp1/3p4/2PP4/1qN1P3/PP1BBPPP/R3K2R w KQkq - 0 11,a2b3,33,white
12,22,r3kb1r/pp1n1pp1/2p1pnp1/3p4/2PP4/1PN1P3/1P1BBPPP/R3K2R b KQkq - 0 11,a7a6,-31,black
12,23,r3kb1r/1p1n1pp1/p1p1pnp1/3p4/2PP4/1PN1P3/1P1BBPPP/R3K2R w KQkq - 0 12,f2f4,33,white
12,24,r3kb1r/1p1n1pp1/p1p1pnp1/3p4/2PP1P2/1PN1P3/1P1BB1PP/R3K2R b KQkq - 0 12,f8e7,-27,black
12,25,r3k2r/1p1nbpp1/p1p1pnp1/3p4/2PP1P2/1PN1P3/1P1BB1PP/R3K2R w KQkq - 1 13,e1f2,31,white
12,26,r3k2r/1p1nbpp1/p1p1pnp1/3p4/2PP1P2/1PN1P3/1P1BBKPP/R6R b kq - 2 13,f6e4,-28,black
12,27,r3k2r/1p1nbpp1/p1p1p1p1/3p4/2PPnP2/1PN1P3/1P1BBKPP/R6R w kq - 3 14,c3e4,25,white
12,28,r3k2r/1p1nbpp1/p1p1p1p1/3p4/2PPNP2/1P2P3/1P1BBKPP/R6R b kq - 0 14,d5e4,-24,black
12,29,r3k2r/1p1nbpp1/p1p1p1p1/8/2PPpP2/1P2P3/1P1BBKPP/R6R w kq - 0 15,b3b4,15,white
12,30,r3k2r/1p1nbpp1/p1p1p1p1/8/1PPPpP2/4P3/1P1BBKPP/R6R b kq - 0 15,a8d8,-16,black
12,31,3rk2r/1p1nbpp1/p1p1p1p1/8/1PPPpP2/4P3/1P1BBKPP/R6R w k - 1 16,a1a5,19,white
12,32,3rk2r/1p1nbpp1/p1p1p1p1/R7/1PPPpP2/4P3/1P1BBKPP/7R b k - 2 16,d8b8,-17,black
12,33,1r2k2r/1p1nbpp1/p1p1p1p1/R7/1PPPpP2/4P3/1P1BBKPP/7R w k - 3 17,g2g4,28,white
12,34,1r2k2r/1p1nbpp1/p1p1p1p1/R7/1PPPpPP1/4P3/1P1BBK1P/7R b k - 0 17,e7h4,-24,black
12,35,1r2k2r/1p1n1pp1/p1p1p1p1/R7/1PPPpPPb/4P3/1P1BBK1P/7R w k - 1 18,f2g2,22,white
12,36,1r2k2r/1p1n1pp1/p1p1p1p1/R7/1PPPpPPb/4P3/1P1BB1KP/7R b k - 2 18,h4d8,-38,black
12,37,1r1bk2r/1p1n1pp1/p1p1p1p1/R7/1PPPpPP1/4P3/1P1BB1KP/7R w k - 3 19,a5a3,40,white
12,38,1r1bk2r/1p1n1pp1/p1p1p1p1/8/1PPPpPP1/R3P3/1P1BB1KP/7R b k - 4 19,g6g5,-48,black
12,39,1r1bk2r/1p1n1pp1/p1p1p3/6p1/1PPPpPP1/R3P3/1P1BB1KP/7R w k - 0 20,f4g5,39,white
12,40,1r1bk2r/1p1n1pp1/p1p1p3/6P1/1PPPp1P1/R3P3/1P1BB1KP/7R b k - 0 20,d8g5,-11,black
12,41,1r2k2r/1p1n1pp1/p1p1p3/6b1/1PPPp1P1/R3P3/1P1BB1KP/7R w k - 0 21,d2e1,5,white
12,42,1r2k2r/1p1n1pp1/p1p1p3/6b1/1PPPp1P1/R3P3/1P2B1KP/4B2R b k - 1 21,g5h4,-5,black
12,43,1r2k2r/1p1n1pp1/p1p1p3/8/1PPPp1Pb/R3P3/1P2B1KP/4B2R w k - 2 22,e1g3,1,white
12,44,1r2k2r/1p1n1pp1/p1p1p3/8/1PPPp1Pb/R3P1B1/1P2B1KP/7R b k - 3 22,h4g3,0,black
12,45,1r2k2r/1p1n1pp1/p1p1p3/8/1PPPp1P1/R3P1b1/1P2B1KP/7R w k - 0 23,g2g3,0,white
12,46,1r2k2r/1p1n1pp1/p1p1p3/8/1PPPp1P1/R3P1K1/1P2B2P/7R b k - 0 23,f7f5,-38,black
12,47,1r2k2r/1p1n2p1/p1p1p3/5p2/1PPPp1P1/R3P1K1/1P2B2P/7R w k - 0 24,h2h4,25,white
12,48,1r2k2r/1p1n2p1/p1p1p3/5p2/1PPPp1PP/R3P1K1/1P2B3/7R b k - 0 24,e8e7,-16,black
12,49,1r5r/1p1nk1p1/p1p1p3/5p2/1PPPp1PP/R3P1K1/1P2B3/7R w - - 1 25,g4g5,20,white
12,50,1r5r/1p1nk1p1/p1p1p3/5pP1/1PPPp2P/R3P1K1/1P2B3/7R b - - 0 25,g7g6,-13,black
12,51,1r5r/1p1nk3/p1p1p1p1/5pP1/1PPPp2P/R3P1K1/1P2B3/7R w - - 0 26,a3a1,16,white
12,52,1r5r/1p1nk3/p1p1p1p1/5pP1/1PPPp2P/4P1K1/1P2B3/R6R b - - 1 26,b8g8,-5,black
12,53,6rr/1p1nk3/p1p1p1p1/5pP1/1PPPp2P/4P1K1/1P2B3/R6R w - - 2 27,h1h2,10,white
12,54,6rr/1p1nk3/p1p1p1p1/5pP1/1PPPp2P/4P1K1/1P2B2R/R7 b - - 3 27,e7d6,0,black
12,55,6rr/1p1n4/p1pkp1p1/5pP1/1PPPp2P/4P1K1/1P2B2R/R7 w - - 4 28,a1d1,0,white
12,56,6rr/1p1n4/p1pkp1p1/5pP1/1PPPp2P/4P1K1/1P2B2R/3R4 b - - 5 28,d7f8,0,black
12,57,5nrr/1p6/p1pkp1p1/5pP1/1PPPp2P/4P1K1/1P2B2R/3R4 w - - 6 29,d1a1,0,white
12,58,5nrr/1p6/p1pkp1p1/5pP1/1PPPp2P/4P1K1/1P2B2R/R7 b - - 7 29,f8d7,0,black
12,59,6rr/1p1n4/p1pkp1p1/5pP1/1PPPp2P/4P1K1/1P2B2R/R7 w - - 8 30,b2b3,0,white
12,60,6rr/1p1n4/p1pkp1p1/5pP1/1PPPp2P/1P2P1K1/4B2R/R7 b - - 0 30,h8h7,0,black
12,61,6r1/1p1n3r/p1pkp1p1/5pP1/1PPPp2P/1P2P1K1/4B2R/R7 w - - 1 31,g3f4,0,white
12,62,6r1/1p1n3r/p1pkp1p1/5pP1/1PPPpK1P/1P2P3/4B2R/R7 b - - 2 31,h7g7,0,black
12,63,6r1/1p1n2r1/p1pkp1p1/5pP1/1PPPpK1P/1P2P3/4B2R/R7 w - - 3 32,a1h1,0,white
12,64,6r1/1p1n2r1/p1pkp1p1/5pP1/1PPPpK1P/1P2P3/4B2R/7R b - - 4 32,d6e7,0,black
12,65,6r1/1p1nk1r1/p1p1p1p1/5pP1/1PPPpK1P/1P2P3/4B2R/7R w - - 5 33,h1a1,0,white
12,66,6r1/1p1nk1r1/p1p1p1p1/5pP1/1PPPpK1P/1P2P3/4B2R/R7 b - - 6 33,e7d6,0,black
12,67,6r1/1p1n2r1/p1pkp1p1/5pP1/1PPPpK1P/1P2P3/4B2R/R7 w - - 7 34,c4c5,0,white
12,68,6r1/1p1n2r1/p1pkp1p1/2P2pP1/1P1PpK1P/1P2P3/4B2R/R7 b - - 0 34,d6e7,0,black
12,69,6r1/1p1nk1r1/p1p1p1p1/2P2pP1/1P1PpK1P/1P2P3/4B2R/R7 w - - 1 35,f4g3,0,white
12,70,6r1/1p1nk1r1/p1p1p1p1/2P2pP1/1P1Pp2P/1P2P1K1/4B2R/R7 b - - 2 35,g8d8,0,black
12,71,3r4/1p1nk1r1/p1p1p1p1/2P2pP1/1P1Pp2P/1P2P1K1/4B2R/R7 w - - 3 36,g3f4,0,white
12,72,3r4/1p1nk1r1/p1p1p1p1/2P2pP1/1P1PpK1P/1P2P3/4B2R/R7 b - - 4 36,d8h8,0,black
12,73,7r/1p1nk1r1/p1p1p1p1/2P2pP1/1P1PpK1P/1P2P3/4B2R/R7 w - - 5 37,f4g3,0,white
12,74,7r/1p1nk1r1/p1p1p1p1/2P2pP1/1P1Pp2P/1P2P1K1/4B2R/R7 b - - 6 37,g7h7,0,black
12,75,7r/1p1nk2r/p1p1p1p1/2P2pP1/1P1Pp2P/1P2P1K1/4B2R/R7 w - - 7 38,e2c4,0,white
12,76,7r/1p1nk2r/p1p1p1p1/2P2pP1/1PBPp2P/1P2P1K1/7R/R7 b - - 8 38,h7f7,0,black
12,77,7r/1p1nkr2/p1p1p1p1/2P2pP1/1PBPp2P/1P2P1K1/7R/R7 w - - 9 39,c4e2,0,white
12,78,7r/1p1nkr2/p1p1p1p1/2P2pP1/1P1Pp2P/1P2P1K1/4B2R/R7 b - - 10 39,h8g8,0,black
12,79,6r1/1p1nkr2/p1p1p1p1/2P2pP1/1P1Pp2P/1P2P1K1/4B2R/R7 w - - 11 40,a1h1,0,white
12,80,6r1/1p1nkr2/p1p1p1p1/2P2pP1/1P1Pp2P/1P2P1K1/4B2R/7R b - - 12 40,g8f8,0,black
12,81,5r2/1p1nkr2/p1p1p1p1/2P2pP1/1P1Pp2P/1P2P1K1/4B2R/7R w - - 13 41,g3f4,0,white
12,82,5r2/1p1nkr2/p1p1p1p1/2P2pP1/1P1PpK1P/1P2P3/4B2R/7R b - - 14 41,f8g8,0,black
12,83,6r1/1p1nkr2/p1p1p1p1/2P2pP1/1P1PpK1P/1P2P3/4B2R/7R w - - 15 42,e2c4,0,white
12,84,6r1/1p1nkr2/p1p1p1p1/2P2pP1/1PBPpK1P/1P2P3/7R/7R b - - 16 42,f7g7,0,black
12,85,6r1/1p1nk1r1/p1p1p1p1/2P2pP1/1PBPpK1P/1P2P3/7R/7R w - - 17 43,c4e2,0,white
12,86,6r1/1p1nk1r1/p1p1p1p1/2P2pP1/1P1PpK1P/1P2P3/4B2R/7R b - - 18 43,g7f7,0,black
12,87,6r1/1p1nkr2/p1p1p1p1/2P2pP1/1P1PpK1P/1P2P3/4B2R/7R w - - 19 44,f4g3,0,white
12,88,6r1/1p1nkr2/p1p1p1p1/2P2pP1/1P1Pp2P/1P2P1K1/4B2R/7R b - - 20 44,f7h7,0,black
12,89,6r1/1p1nk2r/p1p1p1p1/2P2pP1/1P1Pp2P/1P2P1K1/4B2R/7R w - - 21 45,e2c4,0,white
12,90,6r1/1p1nk2r/p1p1p1p1/2P2pP1/1PBPp2P/1P2P1K1/7R/7R b - - 22 45,h7h8,0,black
12,91,6rr/1p1nk3/p1p1p1p1/2P2pP1/1PBPp2P/1P2P1K1/7R/7R w - - 23 46,g3f4,0,white
12,92,6rr/1p1nk3/p1p1p1p1/2P2pP1/1PBPpK1P/1P2P3/7R/7R b - - 24 46,d7f8,0,black
12,93,5nrr/1p2k3/p1p1p1p1/2P2pP1/1PBPpK1P/1P2P3/7R/7R w - - 25 47,h4h5,0,white
12,94,5nrr/1p2k3/p1p1p1p1/2P2pPP/1PBPpK2/1P2P3/7R/7R b - - 0 47,g6h5,0,black
12,95,5nrr/1p2k3/p1p1p3/2P2pPp/1PBPpK2/1P2P3/7R/7R w - - 0 48,h2h5,0,white
12,96,5nrr/1p2k3/p1p1p3/2P2pPR/1PBPpK2/1P2P3/8/7R b - - 0 48,h8h5,0,black
12,97,5nr1/1p2k3/p1p1p3/2P2pPr/1PBPpK2/1P2P3/8/7R w - - 0 49,h1h5,0,white
12,98,5nr1/1p2k3/p1p1p3/2P2pPR/1PBPpK2/1P2P3/8/8 b - - 0 49,f8g6,0,black
12,99,6r1/1p2k3/p1p1p1n1/2P2pPR/1PBPpK2/1P2P3/8/8 w - - 1 50,f4g3,0,white
12,100,6r1/1p2k3/p1p1p1n1/2P2pPR/1PBPp3/1P2P1K1/8/8 b - - 2 50,g6f8,0,black
12,101,5nr1/1p2k3/p1p1p3/2P2pPR/1PBPp3/1P2P1K1/8/8 w - - 3 51,g3f4,0,white
12,102,5nr1/1p2k3/p1p1p3/2P2pPR/1PBPpK2/1P2P3/8/8 b - - 4 51,f8g6,0,black
12,103,6r1/1p2k3/p1p1p1n1/2P2pPR/1PBPpK2/1P2P3/8/8 w - - 5 52,f4g3,0,white
12,104,6r1/1p2k3/p1p1p1n1/2P2pPR/1PBPp3/1P2P1K1/8/8 b - - 6 52,g6f8,0,black
12,105,5nr1/1p2k3/p1p1p3/2P2pPR/1PBPp3/1P2P1K1/8/8 w - - 7 53,g3f4,0,white
12,106,5nr1/1p2k3/p1p1p3/2P2pPR/1PBPpK2/1P2P3/8/8 b - - 8 53,f8g6,0,black
12,107,6r1/1p2k3/p1p1p1n1/2P2pPR/1PBPpK2/1P2P3/8/8 w - - 9 54,f4g3,0,white
12,108,6r1/1p2k3/p1p1p1n1/2P2pPR/1PBPp3/1P2P1K1/8/8 b - - 10 54,g6f8,0,black
12,109,5nr1/1p2k3/p1p1p3/2P2pPR/1PBPp3/1P2P1K1/8/8 w - - 11 55,g3f4,0,white
12,110,5nr1/1p2k3/p1p1p3/2P2pPR/1PBPpK2/1P2P3/8/8 b - - 12 55,f8g6,0,black
12,111,6r1/1p2k3/p1p1p1n1/2P2pPR/1PBPpK2/1P2P3/8/8 w - - 13 56,f4g3,0,white
12,112,6r1/1p2k3/p1p1p1n1/2P2pPR/1PBPp3/1P2P1K1/8/8 b - - 14 56,g6f8,0,black
12,113,5nr1/1p2k3/p1p1p3/2P2pPR/1PBPp3/1P2P1K1/8/8 w - - 15 57,g3f4,0,white
13,1,rnbqkbnr/pppppppp/8/8/8/8/PPPPPPPP/RNBQKBNR w KQkq - 0 1,e2e4,31,white
13,2,rnbqkbnr/pppppppp/8/8/4P3/8/PPPP1PPP/RNBQKBNR b KQkq - 0 1,e7e5,-24,black
13,3,rnbqkbnr/pppp1ppp/8/4p3/4P3/8/PPPP1PPP/RNBQKBNR w KQkq - 0 2,g1f3,20,white
13,4,rnbqkbnr/pppp1ppp/8/4p3/4P3/5N2/PPPP1PPP/RNBQKB1R b KQkq - 1 2,b8c6,-28,black
13,5,r1bqkbnr/pppp1ppp/2n5/4p3/4P3/5N2/PPPP1PPP/RNBQKB1R w KQkq - 2 3,f1b5,33,white
13,6,r1bqkbnr/pppp1ppp/2n5/1B2p3/4P3/5N2/PPPP1PPP/RNBQK2R b KQkq - 3 3,g8f6,-26,black
13,7,r1bqkb1r/pppp1ppp/2n2n2/1B2p3/4P3/5N2/PPPP1PPP/RNBQK2R w KQkq - 4 4,e1g1,27,white
13,8,r1bqkb1r/pppp1ppp/2n2n2/1B2p3/4P3/5N2/PPPP1PPP/RNBQ1RK1 b kq - 5 4,f6e4,-22,black
13,9,r1bqkb1r/pppp1ppp/2n5/1B2p3/4n3/5N2/PPPP1PPP/RNBQ1RK1 w kq - 0 5,f1e1,28,white
13,10,r1bqkb1r/pppp1ppp/2n5/1B2p3/4n3/5N2/PPPP1PPP/RNBQR1K1 b kq - 1 5,e4d6,-32,black
13,11,r1bqkb1r/pppp1ppp/2nn4/1B2p3/8/5N2/PPPP1PPP/RNBQR1K1 w kq - 2 6,f3e5,21,white
13,12,r1bqkb1r/pppp1ppp/2nn4/1B2N3/8/8/PPPP1PPP/RNBQR1K1 b kq - 0 6,f8e7,-14,black
13,13,r1bqk2r/ppppbppp/2nn4/1B2N3/8/8/PPPP1PPP/RNBQR1K1 w kq - 1 7,b5f1,17,white
13,14,r1bqk2r/ppppbppp/2nn4/4N3/8/8/PPPP1PPP/RNBQRBK1 b kq - 2 7,c6e5,-19,black
13,15,r1bqk2r/ppppbppp/3n4/4n3/8/8/PPPP1PPP/RNBQRBK1 w kq - 0 8,e1e5,20,white
13,16,r1bqk2r/ppppbppp/3n4/4R3/8/8/PPPP1PPP/RNBQ1BK1 b kq - 0 8,e8g8,-27,black
13,17,r1bq1rk1/ppppbppp/3n4/4R3/8/8/PPPP1PPP/RNBQ1BK1 w - - 1 9,d2d4,20,white
13,18,r1bq1rk1/ppppbppp/3n4/4R3/3P4/8/PPP2PPP/RNBQ1BK1 b - - 0 9,e7f6,-20,black
13,19,r1bq1rk1/pppp1ppp/3n1b2/4R3/3P4/8/PPP2PPP/RNBQ1BK1 w - - 1 10,e5e1,25,white
13,20,r1bq1rk1/pppp1ppp/3n1b2/8/3P4/8/PPP2PPP/RNBQRBK1 b - - 2 10,f8e8,-26,black
13,21,r1bqr1k1/pppp1ppp/3n1b2/8/3P4/8/PPP2PPP/RNBQRBK1 w - - 3 11,c2c3,20,white
13,22,r1bqr1k1/pppp1ppp/3n1b2/8/3P4/2P5/PP3PPP/RNBQRBK1 b - - 0 11,e8e1,-19,black
13,23,r1bq2k1/pppp1ppp/3n1b2/8/3P4/2P5/PP3PPP/RNBQrBK1 w - - 0 12,d1e1,17,white
13,24,r1bq2k1/pppp1ppp/3n1b2/8/3P4/2P5/PP3PPP/RNB1QBK1 b - - 0 12,d6e8,-13,black
13,25,r1bqn1k1/pppp1ppp/5b2/8/3P4/2P5/PP3PPP/RNB1QBK1 w - - 1 13,c1f4,19,white
13,26,r1bqn1k1/pppp1ppp/5b2/8/3P1B2/2P5/PP3PPP/RN2QBK1 b - - 2 13,d7d5,-21,black
13,27,r1bqn1k1/ppp2ppp/5b2/3p4/3P1B2/2P5/PP3PPP/RN2QBK1 w - - 0 14,b1d2,23,white
13,28,r1bqn1k1/ppp2ppp/5b2/3p4/3P1B2/2P5/PP1N1PPP/R3QBK1 b - - 1 14,c7c6,-16,black
13,29,r1bqn1k1/pp3ppp/2p2b2/3p4/3P1B2/2P5/PP1N1PPP/R3QBK1 w - - 0 15,a2a4,13,white
13,30,r1bqn1k1/pp3ppp/2p2b2/3p4/P2P1B2/2P5/1P1N1PPP/R3QBK1 b - - 0 15,a7a5,-19,black
13,31,r1bqn1k1/1p3ppp/2p2b2/p2p4/P2P1B2/2P5/1P1N1PPP/R3QBK1 w - - 0 16,f1d3,19,white
13,32,r1bqn1k1/1p3ppp/2p2b2/p2p4/P2P1B2/2PB4/1P1N1PPP/R3Q1K1 b - - 1 16,g7g6,-26,black
13,33,r1bqn1k1/1p3p1p/2p2bp1/p2p4/P2P1B2/2PB4/1P1N1PPP/R3Q1K1 w - - 0 17,d2f3,23,white
13,34,r1bqn1k1/1p3p1p/2p2bp1/p2p4/P2P1B2/2PB1N2/1P3PPP/R3Q1K1 b - - 1 17,e8g7,-15,black
13,35,r1bq2k1/1p3pnp/2p2bp1/p2p4/P2P1B2/2PB1N2/1P3PPP/R3Q1K1 w - - 2 18,h2h3,12,white
13,36,r1bq2k1/1p3pnp/2p2bp1/p2p4/P2P1B2/2PB1N1P/1P3PP1/R3Q1K1 b - - 0 18,c8f5,-19,black
13,37,r2q2k1/1p3pnp/2p2bp1/p2p1b2/P2P1B2/2PB1N1P/1P3PP1/R3Q1K1 w - - 1 19,d3f5,25,white
13,38,r2q2k1/1p3pnp/2p2bp1/p2p1B2/P2P1B2/2P2N1P/1P3PP1/R3Q1K1 b - - 0 19,g7f5,-18,black
13,39,r2q2k1/1p3p1p/2p2bp1/p2p1n2/P2P1B2/2P2N1P/1P3PP1/R3Q1K1 w - - 0 20,e1d2,14,white
13,40,r2q2k1/1p3p1p/2p2bp1/p2p1n2/P2P1B2/2P2N1P/1P1Q1PP1/R5K1 b - - 1 20,f5d6,-13,black
13,41,r2q2k1/1p3p1p/2pn1bp1/p2p4/P2P1B2/2P2N1P/1P1Q1PP1/R5K1 w - - 2 21,a1e1,16,white
13,42,r2q2k1/1p3p1p/2pn1bp1/p2p4/P2P1B2/2P2N1P/1P1Q1PP1/4R1K1 b - - 3 21,d6e4,-20,black
13,43,r2q2k1/1p3p1p/2p2bp1/p2p4/P2PnB2/2P2N1P/1P1Q1PP1/4R1K1 w - - 4 22,d2c2,11,white
13,44,r2q2k1/1p3p1p/2p2bp1/p2p4/P2PnB2/2P2N1P/1PQ2PP1/4R1K1 b - - 5 22,d8d7,-6,black
13,45,r5k1/1p1q1p1p/2p2bp1/p2p4/P2PnB2/2P2N1P/1PQ2PP1/4R1K1 w - - 6 23,e1e2,2,white
13,46,r5k1/1p1q1p1p/2p2bp1/p2p4/P2PnB2/2P2N1P/1PQ1RPP1/6K1 b - - 7 23,a8e8,0,black
13,47,4r1k1/1p1q1p1p/2p2bp1/p2p4/P2PnB2/2P2N1P/1PQ1RPP1/6K1 w - - 8 24,f3e5,7,white
13,48,4r1k1/1p1q1p1p/2p2bp1/p2pN3/P2PnB2/2P4P/1PQ1RPP1/6K1 b - - 9 24,f6e5,0,black
13,49,4r1k1/1p1q1p1p/2p3p1/p2pb3/P2PnB2/2P4P/1PQ1RPP1/6K1 w - - 0 25,f4e5,0,white
13,50,4r1k1/1p1q1p1p/2p3p1/p2pB3/P2Pn3/2P4P/1PQ1RPP1/6K1 b - - 0 25,e4d6,0,black
13,51,4r1k1/1p1q1p1p/2pn2p1/p2pB3/P2P4/2P4P/1PQ1RPP1/6K1 w - - 1 26,e5f4,0,white
13,52,4r1k1/1p1q1p1p/2pn2p1/p2p4/P2P1B2/2P4P/1PQ1RPP1/6K1 b - - 2 26,g8f8,0,black
13,53,4rk2/1p1q1p1p/2pn2p1/p2p4/P2P1B2/2P4P/1PQ1RPP1/6K1 w - - 3 27,f4h6,0,white
13,54,4rk2/1p1q1p1p/2pn2pB/p2p4/P2P4/2P4P/1PQ1RPP1/6K1 b - - 4 27,f8g8,0,black
13,55,4r1k1/1p1q1p1p/2pn2pB/p2p4/P2P4/2P4P/1PQ1RPP1/6K1 w - - 5 28,h6f4,0,white
13,56,4r1k1/1p1q1p1p/2pn2p1/p2p4/P2P1B2/2P4P/1PQ1RPP1/6K1 b - - 6 28,e8e7,0,black
13,57,6k1/1p1qrp1p/2pn2p1/p2p4/P2P1B2/2P4P/1PQ1RPP1/6K1 w - - 7 29,e2e7,0,white
13,58,6k1/1p1qRp1p/2pn2p1/p2p4/P2P1B2/2P4P/1PQ2PP1/6K1 b - - 0 29,d7e7,0,black
13,59,6k1/1p2qp1p/2pn2p1/p2p4/P2P1B2/2P4P/1PQ2PP1/6K1 w - - 0 30,g1f1,0,white
13,60,6k1/1p2qp1p/2pn2p1/p2p4/P2P1B2/2P4P/1PQ2PP1/5K2 b - - 1 30,g8f8,0,black
13,61,5k2/1p2qp1p/2pn2p1/p2p4/P2P1B2/2P4P/1PQ2PP1/5K2 w - - 2 31,b2b3,0,white
13,62,5k2/1p2qp1p/2pn2p1/p2p4/P2P1B2/1PP4P/2Q2PP1/5K2 b - - 0 31,f8e8,0,black
13,63,4k3/1p2qp1p/2pn2p1/p2p4/P2P1B2/1PP4P/2Q2PP1/5K2 w - - 1 32,c2e2,0,white
13,64,4k3/1p2qp1p/2pn2p1/p2p4/P2P1B2/1PP4P/4QPP1/5K2 b - - 2 32,e8d7,0,black
13,65,8/1p1kqp1p/2pn2p1/p2p4/P2P1B2/1PP4P/4QPP1/5K2 w - - 3 33,e2e7,0,white
13,66,8/1p1kQp1p/2pn2p1/p2p4/P2P1B2/1PP4P/5PP1/5K2 b - - 0 33,d7e7,0,black
13,67,8/1p2kp1p/2pn2p1/p2p4/P2P1B2/1PP4P/5PP1/5K2 w - - 0 34,f1e2,0,white
13,68,8/1p2kp1p/2pn2p1/p2p4/P2P1B2/1PP4P/4KPP1/8 b - - 1 34,b7b5,0,black
13,69,8/4kp1p/2pn2p1/pp1p4/P2P1B2/1PP4P/4KPP1/8 w - - 0 35,f4d6,0,white
13,70,8/4kp1p/2pB2p1/pp1p4/P2P4/1PP4P/4KPP1/8 b - - 0 35,e7d6,0,black
13,71,8/5p1p/2pk2p1/pp1p4/P2P4/1PP4P/4KPP1/8 w - - 0 36,e2f3,0,white
13,72,8/5p1p/2pk2p1/pp1p4/P2P4/1PP2K1P/5PP1/8 b - - 1 36,h7h6,0,black
13,73,8/5p2/2pk2pp/pp1p4/P2P4/1PP2K1P/5PP1/8 w - - 0 37,h3h4,0,white
13,74,8/5p2/2pk2pp/pp1p4/P2P3P/1PP2K2/5PP1/8 b - - 0 37,d6e6,0,black
13,75,8/5p2/2p1k1pp/pp1p4/P2P3P/1PP2K2/5PP1/8 w - - 1 38,f3f4,0,white
13,76,8/5p2/2p1k1pp/pp1p4/P2P1K1P/1PP5/5PP1/8 b - - 2 38,b5a4,0,black
13,77,8/5p2/2p1k1pp/p2p4/p2P1K1P/1PP5/5PP1/8 w - - 0 39,b3a4,0,white
13,78,8/5p2/2p1k1pp/p2p4/P2P1K1P/2P5/5PP1/8 b - - 0 39,e6d6,0,black
13,79,8/5p2/2pk2pp/p2p4/P2P1K1P/2P5/5PP1/8 w - - 1 40,f4e3,0,white
13,80,8/5p2/2pk2pp/p2p4/P2P3P/2P1K3/5PP1/8 b - - 2 40,d6e6,0,black
13,81,8/5p2/2p1k1pp/p2p4/P2P3P/2P1K3/5PP1/8 w - - 3 41,e3f4,0,white
13,82,8/5p2/2p1k1pp/p2p4/P2P1K1P/2P5/5PP1/8 b - - 4 41,f7f5,0,black
13,83,8/8/2p1k1pp/p2p1p2/P2P1K1P/2P5/5PP1/8 w - - 0 42,f4g3,0,white
13,84,8/8/2p1k1pp/p2p1p2/P2P3P/2P3K1/5PP1/8 b - - 1 42,e6f6,0,black
13,85,8/8/2p2kpp/p2p1p2/P2P3P/2P3K1/5PP1/8 w - - 2 43,f2f4,0,white
13,86,8/8/2p2kpp/p2p1p2/P2P1P1P/2P3K1/6P1/8 b - - 0 43,f6e7,0,black
13,87,8/4k3/2p3pp/p2p1p2/P2P1P1P/2P3K1/6P1/8 w - - 1 44,g3f3,0,white
13,88,8/4k3/2p3pp/p2p1p2/P2P1P1P/2P2K2/6P1/8 b - - 2 44,e7d8,0,black
13,89,3k4/8/2p3pp/p2p1p2/P2P1P1P/2P2K2/6P1/8 w - - 3 45,f3e2,0,white
13,90,3k4/8/2p3pp/p2p1p2/P2P1P1P/2P5/4K1P1/8 b - - 4 45,h6h5,0,black
13,91,3k4/8/2p3p1/p2p1p1p/P2P1P1P/2P5/4K1P1/8 w - - 0 46,c3c4,0,white
13,92,3k4/8/2p3p1/p2p1p1p/P1PP1P1P/8/4K1P1/8 b - - 0 46,d8d7,0,black
13,93,8/3k4/2p3p1/p2p1p1p/P1PP1P1P/8/4K1P1/8 w - - 1 47,c4d5,0,white
13,94,8/3k4/2p3p1/p2P1p1p/P2P1P1P/8/4K1P1/8 b - - 0 47,c6d5,0,black
13,95,8/3k4/6p1/p2p1p1p/P2P1P1P/8/4K1P1/8 w - - 0 48,e2d2,0,white
13,96,8/3k4/6p1/p2p1p1p/P2P1P1P/8/3K2P1/8 b - - 1 48,d7d6,0,black
13,97,8/8/3k2p1/p2p1p1p/P2P1P1P/8/3K2P1/8 w - - 2 49,g2g3,0,white
13,98,8/8/3k2p1/p2p1p1p/P2P1P1P/6P1/3K4/8 b - - 0 49,d6e6,0,black
13,99,8/8/4k1p1/p2p1p1p/P2P1P1P/6P1/3K4/8 w - - 1 50,d2d1,0,white
13,100,8/8/4k1p1/p2p1p1p/P2P1P1P/6P1/8/3K4 b - - 2 50,e6d7,0,black
13,101,8/3k4/6p1/p2p1p1p/P2P1P1P/6P1/8/3K4 w - - 3 51,d1e2,0,white
13,102,8/3k4/6p1/p2p1p1p/P2P1P1P/6P1/4K3/8 b - - 4 51,d7e6,0,black
13,103,8/8/4k1p1/p2p1p1p/P2P1P1P/6P1/4K3/8 w - - 5 52,e2d1,0,white
13,104,8/8/4k1p1/p2p1p1p/P2P1P1P/6P1/8/3K4 b - - 6 52,e6f6,0,black
13,105,8/8/5kp1/p2p1p1p/P2P1P1P/6P1/8/3K4 w - - 7 53,d1c2,0,white
13,106,8/8/5kp1/p2p1p1p/P2P1P1P/6P1/2K5/8 b - - 8 53,f6e7,0,black
13,107,8/4k3/6p1/p2p1p1p/P2P1P1P/6P1/2K5/8 w - - 9 54,c2c3,0,white
13,108,8/4k3/6p1/p2p1p1p/P2P1P1P/2K3P1/8/8 b - - 10 54,e7d7,0,black
13,109,8/3k4/6p1/p2p1p1p/P2P1P1P/2K3P1/8/8 w - - 11 55,c3b3,0,white
13,110,8/3k4/6p1/p2p1p1p/P2P1P1P/1K4P1/8/8 b - - 12 55,d7e7,0,black
13,111,8/4k3/6p1/p2p1p1p/P2P1P1P/1K4P1/8/8 w - - 13 56,b3c2,0,white
13,112,8/4k3/6p1/p2p1p1p/P2P1P1P/6P1/2K5/8 b - - 14 56,e7f7,0,black
13,113,8/5k2/6p1/p2p1p1p/P2P1P1P/6P1/2K5/8 w - - 15 57,c2d1,0,white
13,114,8/5k2/6p1/p2p1p1p/P2P1P1P/6P1/8/3K4 b - - 16 57,f7e7,0,black
13,115,8/4k3/6p1/p2p1p1p/P2P1P1P/6P1/8/3K4 w - - 17 58,d1d2,0,white
13,116,8/4k3/6p1/p2p1p1p/P2P1P1P/6P1/3K4/8 b - - 18 58,e7e8,0,black
13,117,4k3/8/6p1/p2p1p1p/P2P1P1P/6P1/3K4/8 w - - 19 59,d2d1,0,white
13,118,4k3/8/6p1/p2p1p1p/P2P1P1P/6P1/8/3K4 b - - 20 59,e8e7,0,black
13,119,8/4k3/6p1/p2p1p1p/P2P1P1P/6P1/8/3K4 w - - 21 60,d1c2,0,white
13,120,8/4k3/6p1/p2p1p1p/P2P1P1P/6P1/2K5/8 b - - 22 60,e7d6,0,black
13,121,8/8/3k2p1/p2p1p1p/P2P1P1P/6P1/2K5/8 w - - 23 61,c2d3,0,white
13,122,8/8/3k2p1/p2p1p1p/P2P1P1P/3K2P1/8/8 b - - 24 61,d6c7,0,black
13,123,8/2k5/6p1/p2p1p1p/P2P1P1P/3K2P1/8/8 w - - 25 62,d3c2,0,white
13,124,8/2k5/6p1/p2p1p1p/P2P1P1P/6P1/2K5/8 b - - 26 62,c7c8,0,black
13,125,2k5/8/6p1/p2p1p1p/P2P1P1P/6P1/2K5/8 w - - 27 63,c2c3,0,white
13,126,2k5/8/6p1/p2p1p1p/P2P1P1P/2K3P1/8/8 b - - 28 63,c8d7,0,black
13,127,8/3k4/6p1/p2p1p1p/P2P1P1P/2K3P1/8/8 w - - 29 64,c3b2,0,white
13,128,8/3k4/6p1/p2p1p1p/P2P1P1P/6P1/1K6/8 b - - 30 64,d7c7,0,black
13,129,8/2k5/6p1/p2p1p1p/P2P1P1P/6P1/1K6/8 w - - 31 65,b2c1,0,white
13,130,8/2k5/6p1/p2p1p1p/P2P1P1P/6P1/8/2K5 b - - 32 65,c7c6,0,black
13,131,8/8/2k3p1/p2p1p1p/P2P1P1P/6P1/8/2K5 w - - 33 66,c1d1,0,white
13,132,8/8/2k3p1/p2p1p1p/P2P1P1P/6P1/8/3K4 b - - 34 66,c6b6,0,black
13,133,8/8/1k4p1/p2p1p1p/P2P1P1P/6P1/8/3K4 w - - 35 67,d1c2,0,white
13,134,8/8/1k4p1/p2p1p1p/P2P1P1P/6P1/2K5/8 b - - 36 67,b6a7,0,black
13,135,8/k7/6p1/p2p1p1p/P2P1P1P/6P1/2K5/8 w - - 37 68,c2d3,0,white
13,136,8/k7/6p1/p2p1p1p/P2P1P1P/3K2P1/8/8 b - - 38 68,a7b7,0,black
13,137,8/1k6/6p1/p2p1p1p/P2P1P1P/3K2P1/8/8 w - - 39 69,d3e3,0,white
13,138,8/1k6/6p1/p2p1p1p/P2P1P1P/4K1P1/8/8 b - - 40 69,b7a7,0,black
13,139,8/k7/6p1/p2p1p1p/P2P1P1P/4K1P1/8/8 w - - 41 70,e3f2,0,white
13,140,8/k7/6p1/p2p1p1p/P2P1P1P/6P1/5K2/8 b - - 42 70,a7a6,0,black
13,141,8/8/k5p1/p2p1p1p/P2P1P1P/6P1/5K2/8 w - - 43 71,f2e1,0,white
13,142,8/8/k5p1/p2p1p1p/P2P1P1P/6P1/8/4K3 b - - 44 71,a6b7,0,black
13,143,8/1k6/6p1/p2p1p1p/P2P1P1P/6P1/8/4K3 w - - 45 72,e1d2,0,white
13,144,8/1k6/6p1/p2p1p1p/P2P1P1P/6P1/3K4/8 b - - 46 72,b7c8,0,black
13,145,2k5/8/6p1/p2p1p1p/P2P1P1P/6P1/3K4/8 w - - 47 73,d2e2,0,white
13,146,2k5/8/6p1/p2p1p1p/P2P1P1P/6P1/4K3/8 b - - 48 73,c8d7,0,black
13,147,8/3k4/6p1/p2p1p1p/P2P1P1P/6P1/4K3/8 w - - 49 74,e2e1,0,white
13,148,8/3k4/6p1/p2p1p1p/P2P1P1P/6P1/8/4K3 b - - 50 74,d7c7,0,black
13,149,8/2k5/6p1/p2p1p1p/P2P1P1P/6P1/8/4K3 w - - 51 75,e1d1,0,white
13,150,8/2k5/6p1/p2p1p1p/P2P1P1P/6P1/8/3K4 b - - 52 75,c7d6,0,black
14,1,rnbqkbnr/pppppppp/8/8/8/8/PPPPPPPP/RNBQKBNR w KQkq - 0 1,e2e4,27,white
14,2,rnbqkbnr/pppppppp/8/8/4P3/8/PPPP1PPP/RNBQKBNR b KQkq - 0 1,e7e5,-29,black
14,3,rnbqkbnr/pppp1ppp/8/4p3/4P3/8/PPPP1PPP/RNBQKBNR w KQkq - 0 2,g1f3,27,white
14,4,rnbqkbnr/pppp1ppp/8/4p3/4P3/5N2/PPPP1PPP/RNBQKB1R b KQkq - 1 2,b8c6,-28,black
14,5,r1bqkbnr/pppp1ppp/2n5/4p3/4P3/5N2/PPPP1PPP/RNBQKB1R w KQkq - 2 3,f1b5,32,white
14,6,r1bqkbnr/pppp1ppp/2n5/1B2p3/4P3/5N2/PPPP1PPP/RNBQK2R b KQkq - 3 3,g8f6,-26,black
14,7,r1bqkb1r/pppp1ppp/2n2n2/1B2p3/4P3/5N2/PPPP1PPP/RNBQK2R w KQkq - 4 4,e1g1,27,white
14,8,r1bqkb1r/pppp1ppp/2n2n2/1B2p3/4P3/5N2/PPPP1PPP/RNBQ1RK1 b kq - 5 4,f6e4,-27,black
14,9,r1bqkb1r/pppp1ppp/2n5/1B2p3/4n3/5N2/PPPP1PPP/RNBQ1RK1 w kq - 0 5,f1e1,25,white
14,10,r1bqkb1r/pppp1ppp/2n5/1B2p3/4n3/5N2/PPPP1PPP/RNBQR1K1 b kq - 1 5,e4d6,-22,black
14,11,r1bqkb1r/pppp1ppp/2nn4/1B2p3/8/5N2/PPPP1PPP/RNBQR1K1 w kq - 2 6,f3e5,14,white
14,12,r1bqkb1r/pppp1ppp/2nn4/1B2N3/8/8/PPPP1PPP/RNBQR1K1 b kq - 0 6,c6e5,-16,black
14,13,r1bqkb1r/pppp1ppp/3n4/1B2n3/8/8/PPPP1PPP/RNBQR1K1 w kq - 0 7,b5f1,16,white
14,14,r1bqkb1r/pppp1ppp/3n4/4n3/8/8/PPPP1PPP/RNBQRBK1 b kq - 1 7,f8e7,-15,black
14,15,r1bqk2r/ppppbppp/3n4/4n3/8/8/PPPP1PPP/RNBQRBK1 w kq - 2 8,e1e5,24,white
14,16,r1bqk2r/ppppbppp/3n4/4R3/8/8/PPPP1PPP/RNBQ1BK1 b kq - 0 8,e8g8,-20,black
14,17,r1bq1rk1/ppppbppp/3n4/4R3/8/8/PPPP1PPP/RNBQ1BK1 w - - 1 9,d2d4,22,white
14,18,r1bq1rk1/ppppbppp/3n4/4R3/3P4/8/PPP2PPP/RNBQ1BK1 b - - 0 9,e7f6,-12,black
14,19,r1bq1rk1/pppp1ppp/3n1b2/4R3/3P4/8/PPP2PPP/RNBQ1BK1 w - - 1 10,e5e1,12,white
14,20,r1bq1rk1/pppp1ppp/3n1b2/8/3P4/8/PPP2PPP/RNBQRBK1 b - - 2 10,f8e8,-10,black
14,21,r1bqr1k1/pppp1ppp/3n1b2/8/3P4/8/PPP2PPP/RNBQRBK1 w - - 3 11,c1f4,11,white
14,22,r1bqr1k1/pppp1ppp/3n1b2/8/3P1B2/8/PPP2PPP/RN1QRBK1 b - - 4 11,e8e1,-9,black
14,23,r1bq2k1/pppp1ppp/3n1b2/8/3P1B2/8/PPP2PPP/RN1QrBK1 w - - 0 12,d1e1,13,white
14,24,r1bq2k1/pppp1ppp/3n1b2/8/3P1B2/8/PPP2PPP/RN2QBK1 b - - 0 12,d6e8,-12,black
14,25,r1bqn1k1/pppp1ppp/5b2/8/3P1B2/8/PPP2PPP/RN2QBK1 w - - 1 13,c2c3,11,white
14,26,r1bqn1k1/pppp1ppp/5b2/8/3P1B2/2P5/PP3PPP/RN2QBK1 b - - 0 13,d7d5,-15,black
14,27,r1bqn1k1/ppp2ppp/5b2/3p4/3P1B2/2P5/PP3PPP/RN2QBK1 w - - 0 14,b1d2,17,white
14,28,r1bqn1k1/ppp2ppp/5b2/3p4/3P1B2/2P5/PP1N1PPP/R3QBK1 b - - 1 14,c8f5,-17,black
14,29,r2qn1k1/ppp2ppp/5b2/3p1b2/3P1B2/2P5/PP1N1PPP/R3QBK1 w - - 2 15,e1e3,18,white
14,30,r2qn1k1/ppp2ppp/5b2/3p1b2/3P1B2/2P1Q3/PP1N1PPP/R4BK1 b - - 3 15,e8d6,-17,black
14,31,r2q2k1/ppp2ppp/3n1b2/3p1b2/3P1B2/2P1Q3/PP1N1PPP/R4BK1 w - - 4 16,e3g3,19,white
14,32,r2q2k1/ppp2ppp/3n1b2/3p1b2/3P1B2/2P3Q1/PP1N1PPP/R4BK1 b - - 5 16,f6e7,-9,black
14,33,r2q2k1/ppp1bppp/3n4/3p1b2/3P1B2/2P3Q1/PP1N1PPP/R4BK1 w - - 6 17,g3f3,11,white
14,34,r2q2k1/ppp1bppp/3n4/3p1b2/3P1B2/2P2Q2/PP1N1PPP/R4BK1 b - - 7 17,d6e4,-19,black
14,35,r2q2k1/ppp1bppp/8/3p1b2/3PnB2/2P2Q2/PP1N1PPP/R4BK1 w - - 8 18,d2e4,18,white
14,36,r2q2k1/ppp1bppp/8/3p1b2/3PNB2/2P2Q2/PP3PPP/R4BK1 b - - 0 18,f5e4,-17,black
14,37,r2q2k1/ppp1bppp/8/3p4/3PbB2/2P2Q2/PP3PPP/R4BK1 w - - 0 19,f3g4,17,white
14,38,r2q2k1/ppp1bppp/8/3p4/3PbBQ1/2P5/PP3PPP/R4BK1 b - - 1 19,c7c6,-13,black
14,39,r2q2k1/pp2bppp/2p5/3p4/3PbBQ1/2P5/PP3PPP/R4BK1 w - - 0 20,a1e1,11,white
14,40,r2q2k1/pp2bppp/2p5/3p4/3PbBQ1/2P5/PP3PPP/4RBK1 b - - 1 20,a7a5,-9,black
14,41,r2q2k1/1p2bppp/2p5/p2p4/3PbBQ1/2P5/PP3PPP/4RBK1 w - - 0 21,g2g3,12,white
14,42,r2q2k1/1p2bppp/2p5/p2p4/3PbBQ1/2P3P1/PP3P1P/4RBK1 b - - 0 21,e7f8,-12,black
14,43,r2q1bk1/1p3ppp/2p5/p2p4/3PbBQ1/2P3P1/PP3P1P/4RBK1 w - - 1 22,h2h4,8,white
14,44,r2q1bk1/1p3ppp/2p5/p2p4/3PbBQP/2P3P1/PP3P2/4RBK1 b - - 0 22,g7g6,-14,black
14,45,r2q1bk1/1p3p1p/2p3p1/p2p4/3PbBQP/2P3P1/PP3P2/4RBK1 w - - 0 23,g4e2,10,white
14,46,r2q1bk1/1p3p1p/2p3p1/p2p4/3PbB1P/2P3P1/PP2QP2/4RBK1 b - - 1 23,e4f5,0,black
14,47,r2q1bk1/1p3p1p/2p3p1/p2p1b2/3P1B1P/2P3P1/PP2QP2/4RBK1 w - - 2 24,h4h5,12,white
14,48,r2q1bk1/1p3p1p/2p3p1/p2p1b1P/3P1B2/2P3P1/PP2QP2/4RBK1 b - - 0 24,a5a4,0,black
14,49,r2q1bk1/1p3p1p/2p3p1/3p1b1P/p2P1B2/2P3P1/PP2QP2/4RBK1 w - - 0 25,a2a3,0,white
14,50,r2q1bk1/1p3p1p/2p3p1/3p1b1P/p2P1B2/P1P3P1/1P2QP2/4RBK1 b - - 0 25,d8d7,0,black
14,51,r4bk1/1p1q1p1p/2p3p1/3p1b1P/p2P1B2/P1P3P1/1P2QP2/4RBK1 w - - 1 26,f1g2,0,white
14,52,r4bk1/1p1q1p1p/2p3p1/3p1b1P/p2P1B2/P1P3P1/1P2QPB1/4R1K1 b - - 2 26,f5e6,0,black
14,53,r4bk1/1p1q1p1p/2p1b1p1/3p3P/p2P1B2/P1P3P1/1P2QPB1/4R1K1 w - - 3 27,g2f1,-6,white
14,54,r4bk1/1p1q1p1p/2p1b1p1/3p3P/p2P1B2/P1P3P1/1P2QP2/4RBK1 b - - 4 27,a8e8,8,black
14,55,4rbk1/1p1q1p1p/2p1b1p1/3p3P/p2P1B2/P1P3P1/1P2QP2/4RBK1 w - - 5 28,f4g5,-1,white
14,56,4rbk1/1p1q1p1p/2p1b1p1/3p2BP/p2P4/P1P3P1/1P2QP2/4RBK1 b - - 6 28,f8g7,9,black
14,57,4r1k1/1p1q1pbp/2p1b1p1/3p2BP/p2P4/P1P3P1/1P2QP2/4RBK1 w - - 7 29,g5f4,-3,white
14,58,4r1k1/1p1q1pbp/2p1b1p1/3p3P/p2P1B2/P1P3P1/1P2QP2/4RBK1 b - - 8 29,b7b5,0,black
14,59,4r1k1/3q1pbp/2p1b1p1/1p1p3P/p2P1B2/P1P3P1/1P2QP2/4RBK1 w - - 0 30,h5g6,0,white
14,60,4r1k1/3q1pbp/2p1b1P1/1p1p4/p2P1B2/P1P3P1/1P2QP2/4RBK1 b - - 0 30,h7g6,0,black
14,61,4r1k1/3q1pb1/2p1b1p1/1p1p4/p2P1B2/P1P3P1/1P2QP2/4RBK1 w - - 0 31,f2f3,0,white
14,62,4r1k1/3q1pb1/2p1b1p1/1p1p4/p2P1B2/P1P2PP1/1P2Q3/4RBK1 b - - 0 31,f7f6,0,black
14,63,4r1k1/3q2b1/2p1bpp1/1p1p4/p2P1B2/P1P2PP1/1P2Q3/4RBK1 w - - 0 32,e2h2,0,white
14,64,4r1k1/3q2b1/2p1bpp1/1p1p4/p2P1B2/P1P2PP1/1P5Q/4RBK1 b - - 1 32,g6g5,0,black
14,65,4r1k1/3q2b1/2p1bp2/1p1p2p1/p2P1B2/P1P2PP1/1P5Q/4RBK1 w - - 0 33,f4d2,0,white
14,66,4r1k1/3q2b1/2p1bp2/1p1p2p1/p2P4/P1P2PP1/1P1B3Q/4RBK1 b - - 1 33,e6f5,0,black
14,67,4r1k1/3q2b1/2p2p2/1p1p1bp1/p2P4/P1P2PP1/1P1B3Q/4RBK1 w - - 2 34,e1e8,0,white
14,68,4R1k1/3q2b1/2p2p2/1p1p1bp1/p2P4/P1P2PP1/1P1B3Q/5BK1 b - - 0 34,d7e8,0,black
14,69,4q1k1/6b1/2p2p2/1p1p1bp1/p2P4/P1P2PP1/1P1B3Q/5BK1 w - - 0 35,g3g4,0,white
14,70,4q1k1/6b1/2p2p2/1p1p1bp1/p2P2P1/P1P2P2/1P1B3Q/5BK1 b - - 0 35,f5b1,0,black
14,71,4q1k1/6b1/2p2p2/1p1p2p1/p2P2P1/P1P2P2/1P1B3Q/1b3BK1 w - - 1 36,h2d6,0,white
14,72,4q1k1/6b1/2pQ1p2/1p1p2p1/p2P2P1/P1P2P2/1P1B4/1b3BK1 b - - 2 36,g8f7,0,black
14,73,4q3/5kb1/2pQ1p2/1p1p2p1/p2P2P1/P1P2P2/1P1B4/1b3BK1 w - - 3 37,d6c7,0,white
14,74,4q3/2Q2kb1/2p2p2/1p1p2p1/p2P2P1/P1P2P2/1P1B4/1b3BK1 b - - 4 37,f7g6,0,black
14,75,4q3/2Q3b1/2p2pk1/1p1p2p1/p2P2P1/P1P2P2/1P1B4/1b3BK1 w - - 5 38,c7h2,0,white
14,76,4q3/6b1/2p2pk1/1p1p2p1/p2P2P1/P1P2P2/1P1B3Q/1b3BK1 b - - 6 38,g6f7,0,black
14,77,4q3/5kb1/2p2p2/1p1p2p1/p2P2P1/P1P2P2/1P1B3Q/1b3BK1 w - - 7 39,h2c7,0,white
14,78,4q3/2Q2kb1/2p2p2/1p1p2p1/p2P2P1/P1P2P2/1P1B4/1b3BK1 b - - 8 39,f7g6,0,black
14,79,4q3/2Q3b1/2p2pk1/1p1p2p1/p2P2P1/P1P2P2/1P1B4/1b3BK1 w - - 9 40,c7h2,0,white
14,80,4q3/6b1/2p2pk1/1p1p2p1/p2P2P1/P1P2P2/1P1B3Q/1b3BK1 b - - 10 40,e8h8,0,black
14,81,7q/6b1/2p2pk1/1p1p2p1/p2P2P1/P1P2P2/1P1B3Q/1b3BK1 w - - 11 41,h2g3,0,white
14,82,7q/6b1/2p2pk1/1p1p2p1/p2P2P1/P1P2PQ1/1P1B4/1b3BK1 b - - 12 41,h8e8,0,black
14,83,4q3/6b1/2p2pk1/1p1p2p1/p2P2P1/P1P2PQ1/1P1B4/1b3BK1 w - - 13 42,g3h2,0,white
14,84,4q3/6b1/2p2pk1/1p1p2p1/p2P2P1/P1P2P2/1P1B3Q/1b3BK1 b - - 14 42,g6f7,0,black
14,85,4q3/5kb1/2p2p2/1p1p2p1/p2P2P1/P1P2P2/1P1B3Q/1b3BK1 w - - 15 43,h2c7,0,white
14,86,4q3/2Q2kb1/2p2p2/1p1p2p1/p2P2P1/P1P2P2/1P1B4/1b3BK1 b - - 16 43,f7g6,0,black
14,87,4q3/2Q3b1/2p2pk1/1p1p2p1/p2P2P1/P1P2P2/1P1B4/1b3BK1 w - - 17 44,c7h2,0,white
14,88,4q3/6b1/2p2pk1/1p1p2p1/p2P2P1/P1P2P2/1P1B3Q/1b3BK1 b - - 18 44,g6f7,0,black
14,89,4q3/5kb1/2p2p2/1p1p2p1/p2P2P1/P1P2P2/1P1B3Q/1b3BK1 w - - 19 45,h2c7,0,white
14,90,4q3/2Q2kb1/2p2p2/1p1p2p1/p2P2P1/P1P2P2/1P1B4/1b3BK1 b - - 20 45,f7g8,0,black
14,91,4q1k1/2Q3b1/2p2p2/1p1p2p1/p2P2P1/P1P2P2/1P1B4/1b3BK1 w - - 21 46,c7d6,0,white
14,92,4q1k1/6b1/2pQ1p2/1p1p2p1/p2P2P1/P1P2P2/1P1B4/1b3BK1 b - - 22 46,g8f7,0,black
14,93,4q3/5kb1/2pQ1p2/1p1p2p1/p2P2P1/P1P2P2/1P1B4/1b3BK1 w - - 23 47,d6c7,0,white
15,1,rnbqkbnr/pppppppp/8/8/8/8/PPPPPPPP/RNBQKBNR w KQkq - 0 1,e2e4,23,white
15,2,rnbqkbnr/pppppppp/8/8/4P3/8/PPPP1PPP/RNBQKBNR b KQkq - 0 1,e7e5,-24,black
15,3,rnbqkbnr/pppp1ppp/8/4p3/4P3/8/PPPP1PPP/RNBQKBNR w KQkq - 0 2,g1f3,15,white
15,4,rnbqkbnr/pppp1ppp/8/4p3/4P3/5N2/PPPP1PPP/RNBQKB1R b KQkq - 1 2,b8c6,-13,black
15,5,r1bqkbnr/pppp1ppp/2n5/4p3/4P3/5N2/PPPP1PPP/RNBQKB1R w KQkq - 2 3,f1b5,14,white
15,6,r1bqkbnr/pppp1ppp/2n5/1B2p3/4P3/5N2/PPPP1PPP/RNBQK2R b KQkq - 3 3,g8f6,-10,black
15,7,r1bqkb1r/pppp1ppp/2n2n2/1B2p3/4P3/5N2/PPPP1PPP/RNBQK2R w KQkq - 4 4,e1g1,12,white
15,8,r1bqkb1r/pppp1ppp/2n2n2/1B2p3/4P3/5N2/PPPP1PPP/RNBQ1RK1 b kq - 5 4,f6e4,-19,black
15,9,r1bqkb1r/pppp1ppp/2n5/1B2p3/4n3/5N2/PPPP1PPP/RNBQ1RK1 w kq - 0 5,f1e1,18,white
15,10,r1bqkb1r/pppp1ppp/2n5/1B2p3/4n3/5N2/PPPP1PPP/RNBQR1K1 b kq - 1 5,e4d6,-21,black
15,11,r1bqkb1r/pppp1ppp/2nn4/1B2p3/8/5N2/PPPP1PPP/RNBQR1K1 w kq - 2 6,f3e5,21,white
15,12,r1bqkb1r/pppp1ppp/2nn4/1B2N3/8/8/PPPP1PPP/RNBQR1K1 b kq - 0 6,f8e7,-11,black
15,13,r1bqk2r/ppppbppp/2nn4/1B2N3/8/8/PPPP1PPP/RNBQR1K1 w kq - 1 7,b5f1,11,white
15,14,r1bqk2r/ppppbppp/2nn4/4N3/8/8/PPPP1PPP/RNBQRBK1 b kq - 2 7,c6e5,-10,black
15,15,r1bqk2r/ppppbppp/3n4/4n3/8/8/PPPP1PPP/RNBQRBK1 w kq - 0 8,e1e5,17,white
15,16,r1bqk2r/ppppbppp/3n4/4R3/8/8/PPPP1PPP/RNBQ1BK1 b kq - 0 8,e8g8,-16,black
15,17,r1bq1rk1/ppppbppp/3n4/4R3/8/8/PPPP1PPP/RNBQ1BK1 w - - 1 9,b1c3,10,white
15,18,r1bq1rk1/ppppbppp/3n4/4R3/8/2N5/PPPP1PPP/R1BQ1BK1 b - - 2 9,e7f6,-10,black
15,19,r1bq1rk1/pppp1ppp/3n1b2/4R3/8/2N5/PPPP1PPP/R1BQ1BK1 w - - 3 10,e5e1,11,white
15,20,r1bq1rk1/pppp1ppp/3n1b2/8/8/2N5/PPPP1PPP/R1BQRBK1 b - - 4 10,f8e8,-11,black
15,21,r1bqr1k1/pppp1ppp/3n1b2/8/8/2N5/PPPP1PPP/R1BQRBK1 w - - 5 11,c3d5,10,white
15,22,r1bqr1k1/pppp1ppp/3n1b2/3N4/8/8/PPPP1PPP/R1BQRBK1 b - - 6 11,e8e1,-16,black
15,23,r1bq2k1/pppp1ppp/3n1b2/3N4/8/8/PPPP1PPP/R1BQrBK1 w - - 0 12,d5f6,13,white
15,24,r1bq2k1/pppp1ppp/3n1N2/8/8/8/PPPP1PPP/R1BQrBK1 b - - 0 12,d8f6,-20,black
15,25,r1b3k1/pppp1ppp/3n1q2/8/8/8/PPPP1PPP/R1BQrBK1 w - - 0 13,d1e1,22,white
15,26,r1b3k1/pppp1ppp/3n1q2/8/8/8/PPPP1PPP/R1B1QBK1 b - - 0 13,b7b6,-16,black
15,27,r1b3k1/p1pp1ppp/1p1n1q2/8/8/8/PPPP1PPP/R1B1QBK1 w - - 0 14,e1e3,15,white
15,28,r1b3k1/p1pp1ppp/1p1n1q2/8/8/4Q3/PPPP1PPP/R1B2BK1 b - - 1 14,c8b7,-11,black
15,29,r5k1/pbpp1ppp/1p1n1q2/8/8/4Q3/PPPP1PPP/R1B2BK1 w - - 2 15,d2d3,11,white
15,30,r5k1/pbpp1ppp/1p1n1q2/8/8/3PQ3/PPP2PPP/R1B2BK1 b - - 0 15,c7c5,-11,black
15,31,r5k1/pb1p1ppp/1p1n1q2/2p5/8/3PQ3/PPP2PPP/R1B2BK1 w - - 0 16,c2c3,15,white
15,32,r5k1/pb1p1ppp/1p1n1q2/2p5/8/2PPQ3/PP3PPP/R1B2BK1 b - - 0 16,h7h6,-8,black
15,33,r5k1/pb1p1pp1/1p1n1q1p/2p5/8/2PPQ3/PP3PPP/R1B2BK1 w - - 0 17,a2a4,12,white
15,34,r5k1/pb1p1pp1/1p1n1q1p/2p5/P7/2PPQ3/1P3PPP/R1B2BK1 b - - 0 17,d6f5,-8,black
15,35,r5k1/pb1p1pp1/1p3q1p/2p2n2/P7/2PPQ3/1P3PPP/R1B2BK1 w - - 1 18,e3f4,6,white
15,36,r5k1/pb1p1pp1/1p3q1p/2p2n2/P4Q2/2PP4/1P3PPP/R1B2BK1 b - - 2 18,a8e8,-12,black
15,37,4r1k1/pb1p1pp1/1p3q1p/2p2n2/P4Q2/2PP4/1P3PPP/R1B2BK1 w - - 3 19,c1d2,10,white
15,38,4r1k1/pb1p1pp1/1p3q1p/2p2n2/P4Q2/2PP4/1P1B1PPP/R4BK1 b - - 4 19,g7g5,-15,black
15,39,4r1k1/pb1p1p2/1p3q1p/2p2np1/P4Q2/2PP4/1P1B1PPP/R4BK1 w - - 0 20,f4g4,16,white
15,40,4r1k1/pb1p1p2/1p3q1p/2p2np1/P5Q1/2PP4/1P1B1PPP/R4BK1 b - - 1 20,b7c6,-12,black
15,41,4r1k1/p2p1p2/1pb2q1p/2p2np1/P5Q1/2PP4/1P1B1PPP/R4BK1 w - - 2 21,a4a5,17,white
15,42,4r1k1/p2p1p2/1pb2q1p/P1p2np1/6Q1/2PP4/1P1B1PPP/R4BK1 b - - 0 21,g8g7,-18,black
15,43,4r3/p2p1pk1/1pb2q1p/P1p2np1/6Q1/2PP4/1P1B1PPP/R4BK1 w - - 1 22,h2h3,19,white
15,44,4r3/p2p1pk1/1pb2q1p/P1p2np1/6Q1/2PP3P/1P1B1PP1/R4BK1 b - - 0 22,g7g6,-19,black
15,45,4r3/p2p1p2/1pb2qkp/P1p2np1/6Q1/2PP3P/1P1B1PP1/R4BK1 w - - 1 23,g4c4,20,white
15,46,4r3/p2p1p2/1pb2qkp/P1p2np1/2Q5/2PP3P/1P1B1PP1/R4BK1 b - - 2 23,h6h5,-19,black
15,47,4r3/p2p1p2/1pb2qk1/P1p2npp/2Q5/2PP3P/1P1B1PP1/R4BK1 w - - 0 24,a5b6,24,white
15,48,4r3/p2p1p2/1Pb2qk1/2p2npp/2Q5/2PP3P/1P1B1PP1/R4BK1 b - - 0 24,a7b6,-12,black
15,49,4r3/3p1p2/1pb2qk1/2p2npp/2Q5/2PP3P/1P1B1PP1/R4BK1 w - - 0 25,d3d4,17,white
15,50,4r3/3p1p2/1pb2qk1/2p2npp/2QP4/2P4P/1P1B1PP1/R4BK1 b - - 0 25,c5d4,-9,black
15,51,4r3/3p1p2/1pb2qk1/5npp/2Qp4/2P4P/1P1B1PP1/R4BK1 w - - 0 26,f1d3,0,white
15,52,4r3/3p1p2/1pb2qk1/5npp/2Qp4/2PB3P/1P1B1PP1/R5K1 b - - 1 26,g6h6,-1,black
15,53,4r3/3p1p2/1pb2q1k/5npp/2Qp4/2PB3P/1P1B1PP1/R5K1 w - - 2 27,a1a6,0,white
15,54,4r3/3p1p2/Rpb2q1k/5npp/2Qp4/2PB3P/1P1B1PP1/6K1 b - - 3 27,c6b7,0,black
15,55,4r3/1b1p1p2/Rp3q1k/5npp/2Qp4/2PB3P/1P1B1PP1/6K1 w - - 4 28,a6a7,0,white
15,56,4r3/Rb1p1p2/1p3q1k/5npp/2Qp4/2PB3P/1P1B1PP1/6K1 b - - 5 28,b7c6,0,black
15,57,4r3/R2p1p2/1pb2q1k/5npp/2Qp4/2PB3P/1P1B1PP1/6K1 w - - 6 29,a7a6,0,white
15,58,4r3/3p1p2/Rpb2q1k/5npp/2Qp4/2PB3P/1P1B1PP1/6K1 b - - 7 29,c6b7,0,black
15,59,4r3/1b1p1p2/Rp3q1k/5npp/2Qp4/2PB3P/1P1B1PP1/6K1 w - - 8 30,a6a7,0,white
15,60,4r3/Rb1p1p2/1p3q1k/5npp/2Qp4/2PB3P/1P1B1PP1/6K1 b - - 9 30,b7c6,0,black
15,61,4r3/R2p1p2/1pb2q1k/5npp/2Qp4/2PB3P/1P1B1PP1/6K1 w - - 10 31,a7a6,0,white
15,62,4r3/3p1p2/Rpb2q1k/5npp/2Qp4/2PB3P/1P1B1PP1/6K1 b - - 11 31,c6b7,0,black
15,63,4r3/1b1p1p2/Rp3q1k/5npp/2Qp4/2PB3P/1P1B1PP1/6K1 w - - 12 32,a6a7,0,white
15,64,4r3/Rb1p1p2/1p3q1k/5npp/2Qp4/2PB3P/1P1B1PP1/6K1 b - - 13 32,b7c6,0,black
15,65,4r3/R2p1p2/1pb2q1k/5npp/2Qp4/2PB3P/1P1B1PP1/6K1 w - - 14 33,a7a6,0,white
15,66,4r3/3p1p2/Rpb2q1k/5npp/2Qp4/2PB3P/1P1B1PP1/6K1 b - - 15 33,c6b7,0,black
15,67,4r3/1b1p1p2/Rp3q1k/5npp/2Qp4/2PB3P/1P1B1PP1/6K1 w - - 16 34,a6a7,0,white
15,68,4r3/Rb1p1p2/1p3q1k/5npp/2Qp4/2PB3P/1P1B1PP1/6K1 b - - 17 34,b7c6,0,black
15,69,4r3/R2p1p2/1pb2q1k/5npp/2Qp4/2PB3P/1P1B1PP1/6K1 w - - 18 35,a7a6,0,white
16,1,rnbqkbnr/pppppppp/8/8/8/8/PPPPPPPP/RNBQKBNR w KQkq - 0 1,e2e4,26,white
16,2,rnbqkbnr/pppppppp/8/8/4P3/8/PPPP1PPP/RNBQKBNR b KQkq - 0 1,e7e5,-19,black
16,3,rnbqkbnr/pppp1ppp/8/4p3/4P3/8/PPPP1PPP/RNBQKBNR w KQkq - 0 2,g1f3,16,white
16,4,rnbqkbnr/pppp1ppp/8/4p3/4P3/5N2/PPPP1PPP/RNBQKB1R b KQkq - 1 2,b8c6,-30,black
16,5,r1bqkbnr/pppp1ppp/2n5/4p3/4P3/5N2/PPPP1PPP/RNBQKB1R w KQkq - 2 3,f1b5,13,white
16,6,r1bqkbnr/pppp1ppp/2n5/1B2p3/4P3/5N2/PPPP1PPP/RNBQK2R b KQkq - 3 3,g8f6,-19,black
16,7,r1bqkb1r/pppp1ppp/2n2n2/1B2p3/4P3/5N2/PPPP1PPP/RNBQK2R w KQkq - 4 4,e1g1,14,white
16,8,r1bqkb1r/pppp1ppp/2n2n2/1B2p3/4P3/5N2/PPPP1PPP/RNBQ1RK1 b kq - 5 4,f6e4,-19,black
16,9,r1bqkb1r/pppp1ppp/2n5/1B2p3/4n3/5N2/PPPP1PPP/RNBQ1RK1 w kq - 0 5,f1e1,13,white
16,10,r1bqkb1r/pppp1ppp/2n5/1B2p3/4n3/5N2/PPPP1PPP/RNBQR1K1 b kq - 1 5,e4d6,-14,black
16,11,r1bqkb1r/pppp1ppp/2nn4/1B2p3/8/5N2/PPPP1PPP/RNBQR1K1 w kq - 2 6,f3e5,13,white
16,12,r1bqkb1r/pppp1ppp/2nn4/1B2N3/8/8/PPPP1PPP/RNBQR1K1 b kq - 0 6,f8e7,-20,black
16,13,r1bqk2r/ppppbppp/2nn4/1B2N3/8/8/PPPP1PPP/RNBQR1K1 w kq - 1 7,b5f1,20,white
16,14,r1bqk2r/ppppbppp/2nn4/4N3/8/8/PPPP1PPP/RNBQRBK1 b kq - 2 7,c6e5,-24,black
16,15,r1bqk2r/ppppbppp/3n4/4n3/8/8/PPPP1PPP/RNBQRBK1 w kq - 0 8,e1e5,28,white
16,16,r1bqk2r/ppppbppp/3n4/4R3/8/8/PPPP1PPP/RNBQ1BK1 b kq - 0 8,e8g8,-19,black
16,17,r1bq1rk1/ppppbppp/3n4/4R3/8/8/PPPP1PPP/RNBQ1BK1 w - - 1 9,b1c3,11,white
16,18,r1bq1rk1/ppppbppp/3n4/4R3/8/2N5/PPPP1PPP/R1BQ1BK1 b - - 2 9,e7f6,-20,black
16,19,r1bq1rk1/pppp1ppp/3n1b2/4R3/8/2N5/PPPP1PPP/R1BQ1BK1 w - - 3 10,e5e1,21,white
16,20,r1bq1rk1/pppp1ppp/3n1b2/8/8/2N5/PPPP1PPP/R1BQRBK1 b - - 4 10,f8e8,-20,black
16,21,r1bqr1k1/pppp1ppp/3n1b2/8/8/2N5/PPPP1PPP/R1BQRBK1 w - - 5 11,c3d5,15,white
16,22,r1bqr1k1/pppp1ppp/3n1b2/3N4/8/8/PPPP1PPP/R1BQRBK1 b - - 6 11,e8e1,-17,black
16,23,r1bq2k1/pppp1ppp/3n1b2/3N4/8/8/PPPP1PPP/R1BQrBK1 w - - 0 12,d1e1,12,white
16,24,r1bq2k1/pppp1ppp/3n1b2/3N4/8/8/PPPP1PPP/R1B1QBK1 b - - 0 12,b7b6,-20,black
16,25,r1bq2k1/p1pp1ppp/1p1n1b2/3N4/8/8/PPPP1PPP/R1B1QBK1 w - - 0 13,d5f6,16,white
16,26,r1bq2k1/p1pp1ppp/1p1n1N2/8/8/8/PPPP1PPP/R1B1QBK1 b - - 0 13,d8f6,-12,black
16,27,r1b3k1/p1pp1ppp/1p1n1q2/8/8/8/PPPP1PPP/R1B1QBK1 w - - 0 14,c2c3,22,white
16,28,r1b3k1/p1pp1ppp/1p1n1q2/8/8/2P5/PP1P1PPP/R1B1QBK1 b - - 0 14,h7h6,-29,black
16,29,r1b3k1/p1pp1pp1/1p1n1q1p/8/8/2P5/PP1P1PPP/R1B1QBK1 w - - 0 15,d2d4,29,white
16,30,r1b3k1/p1pp1pp1/1p1n1q1p/8/3P4/2P5/PP3PPP/R1B1QBK1 b - - 0 15,a7a5,-16,black
16,31,r1b3k1/2pp1pp1/1p1n1q1p/p7/3P4/2P5/PP3PPP/R1B1QBK1 w - - 0 16,e1e5,14,white
16,32,r1b3k1/2pp1pp1/1p1n1q1p/p3Q3/3P4/2P5/PP3PPP/R1B2BK1 b - - 1 16,f6e5,-22,black
16,33,r1b3k1/2pp1pp1/1p1n3p/p3q3/3P4/2P5/PP3PPP/R1B2BK1 w - - 0 17,d4e5,14,white
16,34,r1b3k1/2pp1pp1/1p1n3p/p3P3/8/2P5/PP3PPP/R1B2BK1 b - - 0 17,d6b7,-19,black
16,35,r1b3k1/1npp1pp1/1p5p/p3P3/8/2P5/PP3PPP/R1B2BK1 w - - 1 18,c1f4,20,white
16,36,r1b3k1/1npp1pp1/1p5p/p3P3/5B2/2P5/PP3PPP/R4BK1 b - - 2 18,g7g5,-27,black
16,37,r1b3k1/1npp1p2/1p5p/p3P1p1/5B2/2P5/PP3PPP/R4BK1 w - - 0 19,f4g3,24,white
16,38,r1b3k1/1npp1p2/1p5p/p3P1p1/8/2P3B1/PP3PPP/R4BK1 b - - 1 19,a5a4,-25,black
16,39,r1b3k1/1npp1p2/1p5p/4P1p1/p7/2P3B1/PP3PPP/R4BK1 w - - 0 20,a1d1,28,white
16,40,r1b3k1/1npp1p2/1p5p/4P1p1/p7/2P3B1/PP3PPP/3R1BK1 b - - 1 20,b7c5,-27,black
16,41,r1b3k1/2pp1p2/1p5p/2n1P1p1/p7/2P3B1/PP3PPP/3R1BK1 w - - 2 21,f2f4,27,white
16,42,r1b3k1/2pp1p2/1p5p/2n1P1p1/p4P2/2P3B1/PP4PP/3R1BK1 b - - 0 21,g8f8,-27,black
16,43,r1b2k2/2pp1p2/1p5p/2n1P1p1/p4P2/2P3B1/PP4PP/3R1BK1 w - - 1 22,h2h4,21,white
16,44,r1b2k2/2pp1p2/1p5p/2n1P1p1/p4P1P/2P3B1/PP4P1/3R1BK1 b - - 0 22,c8b7,-23,black
16,45,r4k2/1bpp1p2/1p5p/2n1P1p1/p4P1P/2P3B1/PP4P1/3R1BK1 w - - 1 23,f4g5,12,white
16,46,r4k2/1bpp1p2/1p5p/2n1P1P1/p6P/2P3B1/PP4P1/3R1BK1 b - - 0 23,h6g5,-6,black
16,47,r4k2/1bpp1p2/1p6/2n1P1p1/p6P/2P3B1/PP4P1/3R1BK1 w - - 0 24,h4g5,12,white
16,48,r4k2/1bpp1p2/1p6/2n1P1P1/p7/2P3B1/PP4P1/3R1BK1 b - - 0 24,b7c6,-11,black
16,49,r4k2/2pp1p2/1pb5/2n1P1P1/p7/2P3B1/PP4P1/3R1BK1 w - - 1 25,a2a3,20,white
16,50,r4k2/2pp1p2/1pb5/2n1P1P1/p7/P1P3B1/1P4P1/3R1BK1 b - - 0 25,a8a5,-11,black
16,51,5k2/2pp1p2/1pb5/r1n1P1P1/p7/P1P3B1/1P4P1/3R1BK1 w - - 1 26,c3c4,16,white
16,52,5k2/2pp1p2/1pb5/r1n1P1P1/p1P5/P5B1/1P4P1/3R1BK1 b - - 0 26,c5e6,-22,black
16,53,5k2/2pp1p2/1pb1n3/r3P1P1/p1P5/P5B1/1P4P1/3R1BK1 w - - 1 27,d1e1,17,white
16,54,5k2/2pp1p2/1pb1n3/r3P1P1/p1P5/P5B1/1P4P1/4RBK1 b - - 2 27,e6g5,-9,black
16,55,5k2/2pp1p2/1pb5/r3P1n1/p1P5/P5B1/1P4P1/4RBK1 w - - 0 28,g3h4,9,white
16,56,5k2/2pp1p2/1pb5/r3P1n1/p1P4B/P7/1P4P1/4RBK1 b - - 1 28,g5e4,-13,black
16,57,5k2/2pp1p2/1pb5/r3P3/p1P1n2B/P7/1P4P1/4RBK1 w - - 2 29,f1d3,8,white
16,58,5k2/2pp1p2/1pb5/r3P3/p1P1n2B/P2B4/1P4P1/4R1K1 b - - 3 29,a5e5,-24,black
16,59,5k2/2pp1p2/1pb5/4r3/p1P1n2B/P2B4/1P4P1/4R1K1 w - - 0 30,h4d8,6,white
16,60,3B1k2/2pp1p2/1pb5/4r3/p1P1n3/P2B4/1P4P1/4R1K1 b - - 1 30,e5e6,-7,black
16,61,3B1k2/2pp1p2/1pb1r3/8/p1P1n3/P2B4/1P4P1/4R1K1 w - - 2 31,d8c7,4,white
16,62,5k2/2Bp1p2/1pb1r3/8/p1P1n3/P2B4/1P4P1/4R1K1 b - - 0 31,c6b7,-5,black
16,63,5k2/1bBp1p2/1p2r3/8/p1P1n3/P2B4/1P4P1/4R1K1 w - - 1 32,g2g4,6,white
16,64,5k2/1bBp1p2/1p2r3/8/p1P1n1P1/P2B4/1P6/4R1K1 b - - 0 32,d7d5,-4,black
16,65,5k2/1bB2p2/1p2r3/3p4/p1P1n1P1/P2B4/1P6/4R1K1 w - - 0 33,c4d5,1,white
16,66,5k2/1bB2p2/1p2r3/3P4/p3n1P1/P2B4/1P6/4R1K1 b - - 0 33,b7d5,0,black
16,67,5k2/2B2p2/1p2r3/3b4/p3n1P1/P2B4/1P6/4R1K1 w - - 0 34,d3c2,4,white
16,68,5k2/2B2p2/1p2r3/3b4/p3n1P1/P7/1PB5/4R1K1 b - - 1 34,b6b5,0,black
16,69,5k2/2B2p2/4r3/1p1b4/p3n1P1/P7/1PB5/4R1K1 w - - 0 35,c2d3,0,white
16,70,5k2/2B2p2/4r3/1p1b4/p3n1P1/P2B4/1P6/4R1K1 b - - 1 35,d5c6,-4,black
16,71,5k2/2B2p2/2b1r3/1p6/p3n1P1/P2B4/1P6/4R1K1 w - - 2 36,c7f4,4,white
16,72,5k2/5p2/2b1r3/1p6/p3nBP1/P2B4/1P6/4R1K1 b - - 3 36,f8e8,-1,black
16,73,4k3/5p2/2b1r3/1p6/p3nBP1/P2B4/1P6/4R1K1 w - - 4 37,e1c1,8,white
16,74,4k3/5p2/2b1r3/1p6/p3nBP1/P2B4/1P6/2R3K1 b - - 5 37,e8e7,-8,black
16,75,8/4kp2/2b1r3/1p6/p3nBP1/P2B4/1P6/2R3K1 w - - 6 38,g1h2,8,white
16,76,8/4kp2/2b1r3/1p6/p3nBP1/P2B4/1P5K/2R5 b - - 7 38,f7f6,-2,black
16,77,8/4k3/2b1rp2/1p6/p3nBP1/P2B4/1P5K/2R5 w - - 0 39,c1c2,0,white
16,78,8/4k3/2b1rp2/1p6/p3nBP1/P2B4/1PR4K/8 b - - 1 39,e7d7,-1,black
16,79,8/3k4/2b1rp2/1p6/p3nBP1/P2B4/1PR4K/8 w - - 2 40,h2g1,0,white
16,80,8/3k4/2b1rp2/1p6/p3nBP1/P2B4/1PR5/6K1 b - - 3 40,e6e8,-7,black
16,81,4r3/3k4/2b2p2/1p6/p3nBP1/P2B4/1PR5/6K1 w - - 4 41,g1f1,1,white
16,82,4r3/3k4/2b2p2/1p6/p3nBP1/P2B4/1PR5/5K2 b - - 5 41,e8e7,0,black
16,83,8/3kr3/2b2p2/1p6/p3nBP1/P2B4/1PR5/5K2 w - - 6 42,d3e2,0,white
16,84,8/3kr3/2b2p2/1p6/p3nBP1/P7/1PR1B3/5K2 b - - 7 42,e7e8,0,black
16,85,4r3/3k4/2b2p2/1p6/p3nBP1/P7/1PR1B3/5K2 w - - 8 43,e2d3,0,white
16,86,4r3/3k4/2b2p2/1p6/p3nBP1/P2B4/1PR5/5K2 b - - 9 43,e8e7,0,black
16,87,8/3kr3/2b2p2/1p6/p3nBP1/P2B4/1PR5/5K2 w - - 10 44,c2h2,0,white
16,88,8/3kr3/2b2p2/1p6/p3nBP1/P2B4/1P5R/5K2 b - - 11 44,e7g7,0,black
16,89,8/3k2r1/2b2p2/1p6/p3nBP1/P2B4/1P5R/5K2 w - - 12 45,d3e2,0,white
16,90,8/3k2r1/2b2p2/1p6/p3nBP1/P7/1P2B2R/5K2 b - - 13 45,g7e7,0,black
16,91,8/3kr3/2b2p2/1p6/p3nBP1/P7/1P2B2R/5K2 w - - 14 46,h2h8,0,white
16,92,7R/3kr3/2b2p2/1p6/p3nBP1/P7/1P2B3/5K2 b - - 15 46,e7g7,0,black
16,93,7R/3k2r1/2b2p2/1p6/p3nBP1/P7/1P2B3/5K2 w - - 16 47,h8h5,0,white
16,94,8/3k2r1/2b2p2/1p5R/p3nBP1/P7/1P2B3/5K2 b - - 17 47,d7e6,0,black
16,95,8/6r1/2b1kp2/1p5R/p3nBP1/P7/1P2B3/5K2 w - - 18 48,h5h8,0,white
16,96,7R/6r1/2b1kp2/1p6/p3nBP1/P7/1P2B3/5K2 b - - 19 48,e6d7,0,black
16,97,7R/3k2r1/2b2p2/1p6/p3nBP1/P7/1P2B3/5K2 w - - 20 49,h8b8,0,white
16,98,1R6/3k2r1/2b2p2/1p6/p3nBP1/P7/1P2B3/5K2 b - - 21 49,e4d6,0,black
16,99,1R6/3k2r1/2bn1p2/1p6/p4BP1/P7/1P2B3/5K2 w - - 22 50,b8f8,0,white
16,100,5R2/3k2r1/2bn1p2/1p6/p4BP1/P7/1P2B3/5K2 b - - 23 50,d6e4,0,black
16,101,5R2/3k2r1/2b2p2/1p6/p3nBP1/P7/1P2B3/5K2 w - - 24 51,f8b8,0,white
16,102,1R6/3k2r1/2b2p2/1p6/p3nBP1/P7/1P2B3/5K2 b - - 25 51,e4d6,0,black
16,103,1R6/3k2r1/2bn1p2/1p6/p4BP1/P7/1P2B3/5K2 w - - 26 52,b8f8,0,white
16,104,5R2/3k2r1/2bn1p2/1p6/p4BP1/P7/1P2B3/5K2 b - - 27 52,d6e4,0,black
16,105,5R2/3k2r1/2b2p2/1p6/p3nBP1/P7/1P2B3/5K2 w - - 28 53,f8h8,0,white
16,106,7R/3k2r1/2b2p2/1p6/p3nBP1/P7/1P2B3/5K2 b - - 29 53,g7e7,0,black
16,107,7R/3kr3/2b2p2/1p6/p3nBP1/P7/1P2B3/5K2 w - - 30 54,h8h6,0,white
16,108,8/3kr3/2b2p1R/1p6/p3nBP1/P7/1P2B3/5K2 b - - 31 54,e7g7,0,black
16,109,8/3k2r1/2b2p1R/1p6/p3nBP1/P7/1P2B3/5K2 w - - 32 55,h6h8,0,white
16,110,7R/3k2r1/2b2p2/1p6/p3nBP1/P7/1P2B3/5K2 b - - 33 55,g7e7,0,black
16,111,7R/3kr3/2b2p2/1p6/p3nBP1/P7/1P2B3/5K2 w - - 34 56,e2d3,0,white
16,112,7R/3kr3/2b2p2/1p6/p3nBP1/P2B4/1P6/5K2 b - - 35 56,e7g7,0,black
16,113,7R/3k2r1/2b2p2/1p6/p3nBP1/P2B4/1P6/5K2 w - - 36 57,h8h4,0,white
16,114,8/3k2r1/2b2p2/1p6/p3nBPR/P2B4/1P6/5K2 b - - 37 57,g7e7,0,black
16,115,8/3kr3/2b2p2/1p6/p3nBPR/P2B4/1P6/5K2 w - - 38 58,h4h6,0,white
16,116,8/3kr3/2b2p1R/1p6/p3nBP1/P2B4/1P6/5K2 b - - 39 58,e7f7,0,black
16,117,8/3k1r2/2b2p1R/1p6/p3nBP1/P2B4/1P6/5K2 w - - 40 59,d3e2,0,white
16,118,8/3k1r2/2b2p1R/1p6/p3nBP1/P7/1P2B3/5K2 b - - 41 59,f7g7,0,black
16,119,8/3k2r1/2b2p1R/1p6/p3nBP1/P7/1P2B3/5K2 w - - 42 60,f1e1,0,white
16,120,8/3k2r1/2b2p1R/1p6/p3nBP1/P7/1P2B3/4K3 b - - 43 60,g7e7,0,black
16,121,8/3kr3/2b2p1R/1p6/p3nBP1/P7/1P2B3/4K3 w - - 44 61,h6h3,0,white
16,122,8/3kr3/2b2p2/1p6/p3nBP1/P6R/1P2B3/4K3 b - - 45 61,d7e6,0,black
16,123,8/4r3/2b1kp2/1p6/p3nBP1/P6R/1P2B3/4K3 w - - 46 62,h3h8,0,white
16,124,7R/4r3/2b1kp2/1p6/p3nBP1/P7/1P2B3/4K3 b - - 47 62,e6d7,0,black
16,125,7R/3kr3/2b2p2/1p6/p3nBP1/P7/1P2B3/4K3 w - - 48 63,h8h3,0,white
16,126,8/3kr3/2b2p2/1p6/p3nBP1/P6R/1P2B3/4K3 b - - 49 63,e7g7,0,black
16,127,8/3k2r1/2b2p2/1p6/p3nBP1/P6R/1P2B3/4K3 w - - 50 64,h3h6,0,white
16,128,8/3k2r1/2b2p1R/1p6/p3nBP1/P7/1P2B3/4K3 b - - 51 64,g7e7,0,black
16,129,8/3kr3/2b2p1R/1p6/p3nBP1/P7/1P2B3/4K3 w - - 52 65,h6h5,0,white
16,130,8/3kr3/2b2p2/1p5R/p3nBP1/P7/1P2B3/4K3 b - - 53 65,b5b4,0,black
16,131,8/3kr3/2b2p2/7R/pp2nBP1/P7/1P2B3/4K3 w - - 0 66,h5h3,-5,white
16,132,8/3kr3/2b2p2/8/pp2nBP1/P6R/1P2B3/4K3 b - - 1 66,b4a3,3,black
16,133,8/3kr3/2b2p2/8/p3nBP1/p6R/1P2B3/4K3 w - - 0 67,b2a3,0,white
16,134,8/3kr3/2b2p2/8/p3nBP1/P6R/4B3/4K3 b - - 0 67,e7g7,1,black
16,135,8/3k2r1/2b2p2/8/p3nBP1/P6R/4B3/4K3 w - - 1 68,h3d3,0,white
16,136,8/3k2r1/2b2p2/8/p3nBP1/P2R4/4B3/4K3 b - - 2 68,d7e8,2,black
16,137,4k3/6r1/2b2p2/8/p3nBP1/P2R4/4B3/4K3 w - - 3 69,d3h3,-1,white
16,138,4k3/6r1/2b2p2/8/p3nBP1/P6R/4B3/4K3 b - - 4 69,e8e7,0,black
16,139,8/4k1r1/2b2p2/8/p3nBP1/P6R/4B3/4K3 w - - 5 70,f4h6,-2,white
16,140,8/4k1r1/2b2p1B/8/p3n1P1/P6R/4B3/4K3 b - - 6 70,g7g8,1,black
16,141,6r1/4k3/2b2p1B/8/p3n1P1/P6R/4B3/4K3 w - - 7 71,h6f4,0,white
16,142,6r1/4k3/2b2p2/8/p3nBP1/P6R/4B3/4K3 b - - 8 71,e7e8,0,black
16,143,4k1r1/8/2b2p2/8/p3nBP1/P6R/4B3/4K3 w - - 9 72,e2c4,0,white
16,144,4k1r1/8/2b2p2/8/p1B1nBP1/P6R/8/4K3 b - - 10 72,g8g4,0,black
16,145,4k3/8/2b2p2/8/p1B1nBr1/P6R/8/4K3 w - - 0 73,h3h8,0,white
16,146,4k2R/8/2b2p2/8/p1B1nBr1/P7/8/4K3 b - - 1 73,e8e7,0,black
16,147,7R/4k3/2b2p2/8/p1B1nBr1/P7/8/4K3 w - - 2 74,h8h7,0,white
16,148,8/4k2R/2b2p2/8/p1B1nBr1/P7/8/4K3 b - - 3 74,e7f8,0,black
16,149,5k2/7R/2b2p2/8/p1B1nBr1/P7/8/4K3 w - - 4 75,h7h8,0,white
16,150,5k1R/8/2b2p2/8/p1B1nBr1/P7/8/4K3 b - - 5 75,f8e7,0,black
17,1,rnbqkbnr/pppppppp/8/8/8/8/PPPPPPPP/RNBQKBNR w KQkq - 0 1,d2d4,19,white
17,2,rnbqkbnr/pppppppp/8/8/3P4/8/PPP1PPPP/RNBQKBNR b KQkq - 0 1,g8f6,-20,black
17,3,rnbqkb1r/pppppppp/5n2/8/3P4/8/PPP1PPPP/RNBQKBNR w KQkq - 1 2,c2c4,32,white
17,4,rnbqkb1r/pppppppp/5n2/8/2PP4/8/PP2PPPP/RNBQKBNR b KQkq - 0 2,e7e6,-24,black
17,5,rnbqkb1r/pppp1ppp/4pn2/8/2PP4/8/PP2PPPP/RNBQKBNR w KQkq - 0 3,g2g3,26,white
17,6,rnbqkb1r/pppp1ppp/4pn2/8/2PP4/6P1/PP2PP1P/RNBQKBNR b KQkq - 0 3,d7d5,-33,black
17,7,rnbqkb1r/ppp2ppp/4pn2/3p4/2PP4/6P1/PP2PP1P/RNBQKBNR w KQkq - 0 4,f1g2,35,white
17,8,rnbqkb1r/ppp2ppp/4pn2/3p4/2PP4/6P1/PP2PPBP/RNBQK1NR b KQkq - 1 4,d5c4,-34,black
17,9,rnbqkb1r/ppp2ppp/4pn2/8/2pP4/6P1/PP2PPBP/RNBQK1NR w KQkq - 0 5,g1f3,33,white
17,10,rnbqkb1r/ppp2ppp/4pn2/8/2pP4/5NP1/PP2PPBP/RNBQK2R b KQkq - 1 5,c7c5,-31,black
17,11,rnbqkb1r/pp3ppp/4pn2/2p5/2pP4/5NP1/PP2PPBP/RNBQK2R w KQkq - 0 6,e1g1,27,white
17,12,rnbqkb1r/pp3ppp/4pn2/2p5/2pP4/5NP1/PP2PPBP/RNBQ1RK1 b kq - 1 6,b8c6,-29,black
17,13,r1bqkb1r/pp3ppp/2n1pn2/2p5/2pP4/5NP1/PP2PPBP/RNBQ1RK1 w kq - 2 7,d4c5,29,white
17,14,r1bqkb1r/pp3ppp/2n1pn2/2P5/2p5/5NP1/PP2PPBP/RNBQ1RK1 b kq - 0 7,d8d1,-16,black
17,15,r1b1kb1r/pp3ppp/2n1pn2/2P5/2p5/5NP1/PP2PPBP/RNBq1RK1 w kq - 0 8,f1d1,22,white
17,16,r1b1kb1r/pp3ppp/2n1pn2/2P5/2p5/5NP1/PP2PPBP/RNBR2K1 b kq - 0 8,f8c5,-21,black
17,17,r1b1k2r/pp3ppp/2n1pn2/2b5/2p5/5NP1/PP2PPBP/RNBR2K1 w kq - 0 9,b1d2,16,white
17,18,r1b1k2r/pp3ppp/2n1pn2/2b5/2p5/5NP1/PP1NPPBP/R1BR2K1 b kq - 1 9,c4c3,-20,black
17,19,r1b1k2r/pp3ppp/2n1pn2/2b5/8/2p2NP1/PP1NPPBP/R1BR2K1 w kq - 0 10,b2c3,15,white
17,20,r1b1k2r/pp3ppp/2n1pn2/2b5/8/2P2NP1/P2NPPBP/R1BR2K1 b kq - 0 10,e8g8,-12,black
17,21,r1b2rk1/pp3ppp/2n1pn2/2b5/8/2P2NP1/P2NPPBP/R1BR2K1 w - - 1 11,d2b3,22,white
17,22,r1b2rk1/pp3ppp/2n1pn2/2b5/8/1NP2NP1/P3PPBP/R1BR2K1 b - - 2 11,c5e7,-28,black
17,23,r1b2rk1/pp2bppp/2n1pn2/8/8/1NP2NP1/P3PPBP/R1BR2K1 w - - 3 12,c3c4,28,white
17,24,r1b2rk1/pp2bppp/2n1pn2/8/2P5/1N3NP1/P3PPBP/R1BR2K1 b - - 0 12,c8d7,-29,black
17,25,r4rk1/pp1bbppp/2n1pn2/8/2P5/1N3NP1/P3PPBP/R1BR2K1 w - - 1 13,c1b2,22,white
17,26,r4rk1/pp1bbppp/2n1pn2/8/2P5/1N3NP1/PB2PPBP/R2R2K1 b - - 2 13,f8d8,-21,black
17,27,r2r2k1/pp1bbppp/2n1pn2/8/2P5/1N3NP1/PB2PPBP/R2R2K1 w - - 3 14,f3d4,26,white
17,28,r2r2k1/pp1bbppp/2n1pn2/8/2PN4/1N4P1/PB2PPBP/R2R2K1 b - - 4 14,a8c8,-28,black
17,29,2rr2k1/pp1bbppp/2n1pn2/8/2PN4/1N4P1/PB2PPBP/R2R2K1 w - - 5 15,d4b5,26,white
17,30,2rr2k1/pp1bbppp/2n1pn2/1N6/2P5/1N4P1/PB2PPBP/R2R2K1 b - - 6 15,b7b6,-26,black
17,31,2rr2k1/p2bbppp/1pn1pn2/1N6/2P5/1N4P1/PB2PPBP/R2R2K1 w - - 0 16,b5d6,29,white
17,32,2rr2k1/p2bbppp/1pnNpn2/8/2P5/1N4P1/PB2PPBP/R2R2K1 b - - 1 16,e7d6,-32,black
17,33,2rr2k1/p2b1ppp/1pnbpn2/8/2P5/1N4P1/PB2PPBP/R2R2K1 w - - 0 17,d1d6,35,white
17,34,2rr2k1/p2b1ppp/1pnRpn2/8/2P5/1N4P1/PB2PPBP/R5K1 b - - 0 17,d7e8,-30,black
17,35,2rrb1k1/p4ppp/1pnRpn2/8/2P5/1N4P1/PB2PPBP/R5K1 w - - 1 18,d6d8,30,white
17,36,2rRb1k1/p4ppp/1pn1pn2/8/2P5/1N4P1/PB2PPBP/R5K1 b - - 0 18,c8d8,-22,black
17,37,3rb1k1/p4ppp/1pn1pn2/8/2P5/1N4P1/PB2PPBP/R5K1 w - - 0 19,b2c3,28,white
17,38,3rb1k1/p4ppp/1pn1pn2/8/2P5/1NB3P1/P3PPBP/R5K1 b - - 1 19,c6e7,-27,black
17,39,3rb1k1/p3nppp/1p2pn2/8/2P5/1NB3P1/P3PPBP/R5K1 w - - 2 20,a1c1,24,white
17,40,3rb1k1/p3nppp/1p2pn2/8/2P5/1NB3P1/P3PPBP/2R3K1 b - - 3 20,e8a4,-30,black
17,41,3r2k1/p3nppp/1p2pn2/8/b1P5/1NB3P1/P3PPBP/2R3K1 w - - 4 21,c3b2,26,white
17,42,3r2k1/p3nppp/1p2pn2/8/b1P5/1N4P1/PB2PPBP/2R3K1 b - - 5 21,e7c6,-20,black
17,43,3r2k1/p4ppp/1pn1pn2/8/b1P5/1N4P1/PB2PPBP/2R3K1 w - - 6 22,c4c5,18,white
17,44,3r2k1/p4ppp/1pn1pn2/2P5/b7/1N4P1/PB2PPBP/2R3K1 b - - 0 22,f6d5,-15,black
17,45,3r2k1/p4ppp/1pn1p3/2Pn4/b7/1N4P1/PB2PPBP/2R3K1 w - - 1 23,f2f4,24,white
17,46,3r2k1/p4ppp/1pn1p3/2Pn4/b4P2/1N4P1/PB2P1BP/2R3K1 b - - 0 23,h7h6,-20,black
17,47,3r2k1/p4pp1/1pn1p2p/2Pn4/b4P2/1N4P1/PB2P1BP/2R3K1 w - - 0 24,b3d4,15,white
17,48,3r2k1/p4pp1/1pn1p2p/2Pn4/b2N1P2/6P1/PB2P1BP/2R3K1 b - - 1 24,c6d4,-21,black
17,49,3r2k1/p4pp1/1p2p2p/2Pn4/b2n1P2/6P1/PB2P1BP/2R3K1 w - - 0 25,b2d4,22,white
17,50,3r2k1/p4pp1/1p2p2p/2Pn4/b2B1P2/6P1/P3P1BP/2R3K1 b - - 0 25,b6c5,-27,black
17,51,3r2k1/p4pp1/4p2p/2pn4/b2B1P2/6P1/P3P1BP/2R3K1 w - - 0 26,d4c5,28,white
17,52,3r2k1/p4pp1/4p2p/2Bn4/b4P2/6P1/P3P1BP/2R3K1 b - - 0 26,d8c8,-24,black
17,53,2r3k1/p4pp1/4p2p/2Bn4/b4P2/6P1/P3P1BP/2R3K1 w - - 1 27,a2a3,24,white
17,54,2r3k1/p4pp1/4p2p/2Bn4/b4P2/P5P1/4P1BP/2R3K1 b - - 0 27,a4b5,-26,black
17,55,2r3k1/p4pp1/4p2p/1bBn4/5P2/P5P1/4P1BP/2R3K1 w - - 1 28,e2e4,21,white
17,56,2r3k1/p4pp1/4p2p/1bBn4/4PP2/P5P1/6BP/2R3K1 b - - 0 28,d5b6,-19,black
17,57,2r3k1/p4pp1/1n2p2p/1bB5/4PP2/P5P1/6BP/2R3K1 w - - 1 29,g2f3,17,white
17,58,2r3k1/p4pp1/1n2p2p/1bB5/4PP2/P4BP1/7P/2R3K1 b - - 2 29,a7a5,-11,black
17,59,2r3k1/5pp1/1n2p2p/pbB5/4PP2/P4BP1/7P/2R3K1 w - - 0 30,e4e5,8,white
17,60,2r3k1/5pp1/1n2p2p/pbB1P3/5P2/P4BP1/7P/2R3K1 b - - 0 30,b5a6,-17,black
17,61,2r3k1/5pp1/bn2p2p/p1B1P3/5P2/P4BP1/7P/2R3K1 w - - 1 31,g1f2,12,white
17,62,2r3k1/5pp1/bn2p2p/p1B1P3/5P2/P4BP1/5K1P/2R5 b - - 2 31,b6c4,-6,black
17,63,2r3k1/5pp1/b3p2p/p1B1P3/2n2P2/P4BP1/5K1P/2R5 w - - 3 32,c5e7,2,white
17,64,2r3k1/4Bpp1/b3p2p/p3P3/2n2P2/P4BP1/5K1P/2R5 b - - 4 32,c8e8,0,black
17,65,4r1k1/4Bpp1/b3p2p/p3P3/2n2P2/P4BP1/5K1P/2R5 w - - 5 33,e7d6,0,white
17,66,4r1k1/5pp1/b2Bp2p/p3P3/2n2P2/P4BP1/5K1P/2R5 b - - 6 33,e8c8,0,black
17,67,2r3k1/5pp1/b2Bp2p/p3P3/2n2P2/P4BP1/5K1P/2R5 w - - 7 34,d6e7,0,white
17,68,2r3k1/4Bpp1/b3p2p/p3P3/2n2P2/P4BP1/5K1P/2R5 b - - 8 34,c8c7,0,black
17,69,6k1/2r1Bpp1/b3p2p/p3P3/2n2P2/P4BP1/5K1P/2R5 w - - 9 35,e7d6,0,white
17,70,6k1/2r2pp1/b2Bp2p/p3P3/2n2P2/P4BP1/5K1P/2R5 b - - 10 35,c7c8,0,black
17,71,2r3k1/5pp1/b2Bp2p/p3P3/2n2P2/P4BP1/5K1P/2R5 w - - 11 36,d6e7,0,white
17,72,2r3k1/4Bpp1/b3p2p/p3P3/2n2P2/P4BP1/5K1P/2R5 b - - 12 36,c8e8,0,black
17,73,4r1k1/4Bpp1/b3p2p/p3P3/2n2P2/P4BP1/5K1P/2R5 w - - 13 37,e7d6,0,white
17,74,4r1k1/5pp1/b2Bp2p/p3P3/2n2P2/P4BP1/5K1P/2R5 b - - 14 37,e8c8,0,black
17,75,2r3k1/5pp1/b2Bp2p/p3P3/2n2P2/P4BP1/5K1P/2R5 w - - 15 38,d6e7,0,white
17,76,2r3k1/4Bpp1/b3p2p/p3P3/2n2P2/P4BP1/5K1P/2R5 b - - 16 38,c8e8,0,black
17,77,4r1k1/4Bpp1/b3p2p/p3P3/2n2P2/P4BP1/5K1P/2R5 w - - 17 39,e7d6,0,white
17,78,4r1k1/5pp1/b2Bp2p/p3P3/2n2P2/P4BP1/5K1P/2R5 b - - 18 39,e8c8,0,black
17,79,2r3k1/5pp1/b2Bp2p/p3P3/2n2P2/P4BP1/5K1P/2R5 w - - 19 40,d6e7,0,white
18,1,rnbqkbnr/pppppppp/8/8/8/8/PPPPPPPP/RNBQKBNR w KQkq - 0 1,e2e4,19,white
18,2,rnbqkbnr/pppppppp/8/8/4P3/8/PPPP1PPP/RNBQKBNR b KQkq - 0 1,e7e5,-21,black
18,3,rnbqkbnr/pppp1ppp/8/4p3/4P3/8/PPPP1PPP/RNBQKBNR w KQkq - 0 2,g1f3,19,white
18,4,rnbqkbnr/pppp1ppp/8/4p3/4P3/5N2/PPPP1PPP/RNBQKB1R b KQkq - 1 2,b8c6,-18,black
18,5,r1bqkbnr/pppp1ppp/2n5/4p3/4P3/5N2/PPPP1PPP/RNBQKB1R w KQkq - 2 3,f1b5,16,white
18,6,r1bqkbnr/pppp1ppp/2n5/1B2p3/4P3/5N2/PPPP1PPP/RNBQK2R b KQkq - 3 3,g8f6,-20,black
18,7,r1bqkb1r/pppp1ppp/2n2n2/1B2p3/4P3/5N2/PPPP1PPP/RNBQK2R w KQkq - 4 4,e1g1,22,white
18,8,r1bqkb1r/pppp1ppp/2n2n2/1B2p3/4P3/5N2/PPPP1PPP/RNBQ1RK1 b kq - 5 4,f6e4,-24,black
18,9,r1bqkb1r/pppp1ppp/2n5/1B2p3/4n3/5N2/PPPP1PPP/RNBQ1RK1 w kq - 0 5,f1e1,19,white
18,10,r1bqkb1r/pppp1ppp/2n5/1B2p3/4n3/5N2/PPPP1PPP/RNBQR1K1 b kq - 1 5,e4d6,-18,black
18,11,r1bqkb1r/pppp1ppp/2nn4/1B2p3/8/5N2/PPPP1PPP/RNBQR1K1 w kq - 2 6,f3e5,19,white
18,12,r1bqkb1r/pppp1ppp/2nn4/1B2N3/8/8/PPPP1PPP/RNBQR1K1 b kq - 0 6,f8e7,-20,black
18,13,r1bqk2r/ppppbppp/2nn4/1B2N3/8/8/PPPP1PPP/RNBQR1K1 w kq - 1 7,b5f1,11,white
18,14,r1bqk2r/ppppbppp/2nn4/4N3/8/8/PPPP1PPP/RNBQRBK1 b kq - 2 7,c6e5,-9,black
18,15,r1bqk2r/ppppbppp/3n4/4n3/8/8/PPPP1PPP/RNBQRBK1 w kq - 0 8,e1e5,8,white
18,16,r1bqk2r/ppppbppp/3n4/4R3/8/8/PPPP1PPP/RNBQ1BK1 b kq - 0 8,e8g8,-6,black
18,17,r1bq1rk1/ppppbppp/3n4/4R3/8/8/PPPP1PPP/RNBQ1BK1 w - - 1 9,b1c3,7,white
18,18,r1bq1rk1/ppppbppp/3n4/4R3/8/2N5/PPPP1PPP/R1BQ1BK1 b - - 2 9,e7f6,-6,black
18,19,r1bq1rk1/pppp1ppp/3n1b2/4R3/8/2N5/PPPP1PPP/R1BQ1BK1 w - - 3 10,e5e1,12,white
18,20,r1bq1rk1/pppp1ppp/3n1b2/8/8/2N5/PPPP1PPP/R1BQRBK1 b - - 4 10,f8e8,-25,black
18,21,r1bqr1k1/pppp1ppp/3n1b2/8/8/2N5/PPPP1PPP/R1BQRBK1 w - - 5 11,c3d5,17,white
18,22,r1bqr1k1/pppp1ppp/3n1b2/3N4/8/8/PPPP1PPP/R1BQRBK1 b - - 6 11,e8e1,-17,black
18,23,r1bq2k1/pppp1ppp/3n1b2/3N4/8/8/PPPP1PPP/R1BQrBK1 w - - 0 12,d1e1,18,white
18,24,r1bq2k1/pppp1ppp/3n1b2/3N4/8/8/PPPP1PPP/R1B1QBK1 b - - 0 12,b7b6,-26,black
18,25,r1bq2k1/p1pp1ppp/1p1n1b2/3N4/8/8/PPPP1PPP/R1B1QBK1 w - - 0 13,c2c3,20,white
18,26,r1bq2k1/p1pp1ppp/1p1n1b2/3N4/8/2P5/PP1P1PPP/R1B1QBK1 b - - 0 13,c8b7,-26,black
18,27,r2q2k1/pbpp1ppp/1p1n1b2/3N4/8/2P5/PP1P1PPP/R1B1QBK1 w - - 1 14,d5f6,22,white
18,28,r2q2k1/pbpp1ppp/1p1n1N2/8/8/2P5/PP1P1PPP/R1B1QBK1 b - - 0 14,d8f6,-21,black
18,29,r5k1/pbpp1ppp/1p1n1q2/8/8/2P5/PP1P1PPP/R1B1QBK1 w - - 0 15,d2d4,18,white
18,30,r5k1/pbpp1ppp/1p1n1q2/8/3P4/2P5/PP3PPP/R1B1QBK1 b - - 0 15,a8e8,-21,black
18,31,4r1k1/pbpp1ppp/1p1n1q2/8/3P4/2P5/PP3PPP/R1B1QBK1 w - - 1 16,e1d2,21,white
18,32,4r1k1/pbpp1ppp/1p1n1q2/8/3P4/2P5/PP1Q1PPP/R1B2BK1 b - - 2 16,d6f5,-21,black
18,33,4r1k1/pbpp1ppp/1p3q2/5n2/3P4/2P5/PP1Q1PPP/R1B2BK1 w - - 3 17,f2f3,17,white
18,34,4r1k1/pbpp1ppp/1p3q2/5n2/3P4/2P2P2/PP1Q2PP/R1B2BK1 b - - 0 17,h7h6,-22,black
18,35,4r1k1/pbpp1pp1/1p3q1p/5n2/3P4/2P2P2/PP1Q2PP/R1B2BK1 w - - 0 18,d2f2,18,white
18,36,4r1k1/pbpp1pp1/1p3q1p/5n2/3P4/2P2P2/PP3QPP/R1B2BK1 b - - 1 18,d7d6,-22,black
18,37,4r1k1/pbp2pp1/1p1p1q1p/5n2/3P4/2P2P2/PP3QPP/R1B2BK1 w - - 0 19,c1d2,18,white
18,38,4r1k1/pbp2pp1/1p1p1q1p/5n2/3P4/2P2P2/PP1B1QPP/R4BK1 b - - 1 19,c7c5,-18,black
18,39,4r1k1/pb3pp1/1p1p1q1p/2p2n2/3P4/2P2P2/PP1B1QPP/R4BK1 w - - 0 20,f1d3,15,white
18,40,4r1k1/pb3pp1/1p1p1q1p/2p2n2/3P4/2PB1P2/PP1B1QPP/R5K1 b - - 1 20,b7c6,-15,black
18,41,4r1k1/p4pp1/1pbp1q1p/2p2n2/3P4/2PB1P2/PP1B1QPP/R5K1 w - - 2 21,a1c1,19,white
18,42,4r1k1/p4pp1/1pbp1q1p/2p2n2/3P4/2PB1P2/PP1B1QPP/2R3K1 b - - 3 21,g8f8,-20,black
18,43,4rk2/p4pp1/1pbp1q1p/2p2n2/3P4/2PB1P2/PP1B1QPP/2R3K1 w - - 4 22,h2h3,16,white
18,44,4rk2/p4pp1/1pbp1q1p/2p2n2/3P4/2PB1P1P/PP1B1QP1/2R3K1 b - - 0 22,c6d5,-13,black
18,45,4rk2/p4pp1/1p1p1q1p/2pb1n2/3P4/2PB1P1P/PP1B1QP1/2R3K1 w - - 1 23,d4c5,11,white
18,46,4rk2/p4pp1/1p1p1q1p/2Pb1n2/8/2PB1P1P/PP1B1QP1/2R3K1 b - - 0 23,d6c5,-13,black
18,47,4rk2/p4pp1/1p3q1p/2pb1n2/8/2PB1P1P/PP1B1QP1/2R3K1 w - - 0 24,d2f4,15,white
18,48,4rk2/p4pp1/1p3q1p/2pb1n2/5B2/2PB1P1P/PP3QP1/2R3K1 b - - 1 24,f5h4,-16,black
18,49,4rk2/p4pp1/1p3q1p/2pb4/5B1n/2PB1P1P/PP3QP1/2R3K1 w - - 2 25,f4g3,9,white
18,50,4rk2/p4pp1/1p3q1p/2pb4/7n/2PB1PBP/PP3QP1/2R3K1 b - - 3 25,h4f5,-8,black
18,51,4rk2/p4pp1/1p3q1p/2pb1n2/8/2PB1PBP/PP3QP1/2R3K1 w - - 4 26,g3c7,10,white
18,52,4rk2/p1B2pp1/1p3q1p/2pb1n2/8/2PB1P1P/PP3QP1/2R3K1 b - - 5 26,f6g5,-2,black
18,53,4rk2/p1B2pp1/1p5p/2pb1nq1/8/2PB1P1P/PP3QP1/2R3K1 w - - 6 27,c1d1,0,white
18,54,4rk2/p1B2pp1/1p5p/2pb1nq1/8/2PB1P1P/PP3QP1/3R2K1 b - - 7 27,d5a2,0,black
18,55,4rk2/p1B2pp1/1p5p/2p2nq1/8/2PB1P1P/bP3QP1/3R2K1 w - - 0 28,d1a1,-9,white
18,56,4rk2/p1B2pp1/1p5p/2p2nq1/8/2PB1P1P/bP3QP1/R5K1 b - - 1 28,a2d5,2,black
18,57,4rk2/p1B2pp1/1p5p/2pb1nq1/8/2PB1P1P/1P3QP1/R5K1 w - - 2 29,c3c4,0,white
18,58,4rk2/p1B2pp1/1p5p/2pb1nq1/2P5/3B1P1P/1P3QP1/R5K1 b - - 0 29,d5c6,0,black
18,59,4rk2/p1B2pp1/1pb4p/2p2nq1/2P5/3B1P1P/1P3QP1/R5K1 w - - 1 30,a1a7,0,white
18,60,4rk2/R1B2pp1/1pb4p/2p2nq1/2P5/3B1P1P/1P3QP1/6K1 b - - 0 30,f8g8,0,black
18,61,4r1k1/R1B2pp1/1pb4p/2p2nq1/2P5/3B1P1P/1P3QP1/6K1 w - - 1 31,g1h2,0,white
18,62,4r1k1/R1B2pp1/1pb4p/2p2nq1/2P5/3B1P1P/1P3QPK/8 b - - 2 31,h6h5,0,black
18,63,4r1k1/R1B2pp1/1pb5/2p2nqp/2P5/3B1P1P/1P3QPK/8 w - - 0 32,d3f5,0,white
18,64,4r1k1/R1B2pp1/1pb5/2p2Bqp/2P5/5P1P/1P3QPK/8 b - - 0 32,g5f5,0,black
18,65,4r1k1/R1B2pp1/1pb5/2p2q1p/2P5/5P1P/1P3QPK/8 w - - 0 33,c7b6,0,white
18,66,4r1k1/R4pp1/1Bb5/2p2q1p/2P5/5P1P/1P3QPK/8 b - - 0 33,f5f4,0,black
18,67,4r1k1/R4pp1/1Bb5/2p4p/2P2q2/5P1P/1P3QPK/8 w - - 1 34,f2g3,0,white
18,68,4r1k1/R4pp1/1Bb5/2p4p/2P2q2/5PQP/1P4PK/8 b - - 2 34,f4c4,0,black
18,69,4r1k1/R4pp1/1Bb5/2p4p/2q5/5PQP/1P4PK/8 w - - 0 35,b6a5,0,white
18,70,4r1k1/R4pp1/2b5/B1p4p/2q5/5PQP/1P4PK/8 b - - 1 35,e8e6,0,black
18,71,6k1/R4pp1/2b1r3/B1p4p/2q5/5PQP/1P4PK/8 w - - 2 36,a5c3,0,white
18,72,6k1/R4pp1/2b1r3/2p4p/2q5/2B2PQP/1P4PK/8 b - - 3 36,e6g6,0,black
18,73,6k1/R4pp1/2b3r1/2p4p/2q5/2B2PQP/1P4PK/8 w - - 4 37,g3f2,0,white
18,74,6k1/R4pp1/2b3r1/2p4p/2q5/2B2P1P/1P3QPK/8 b - - 5 37,c4f4,0,black
18,75,6k1/R4pp1/2b3r1/2p4p/5q2/2B2P1P/1P3QPK/8 w - - 6 38,h2h1,0,white
18,76,6k1/R4pp1/2b3r1/2p4p/5q2/2B2P1P/1P3QP1/7K b - - 7 38,f4c1,0,black
18,77,6k1/R4pp1/2b3r1/2p4p/8/2B2P1P/1P3QP1/2q4K w - - 8 39,h1h2,0,white
18,78,6k1/R4pp1/2b3r1/2p4p/8/2B2P1P/1P3QPK/2q5 b - - 9 39,c1f4,0,black
18,79,6k1/R4pp1/2b3r1/2p4p/5q2/2B2P1P/1P3QPK/8 w - - 10 40,h2h1,0,white
18,80,6k1/R4pp1/2b3r1/2p4p/5q2/2B2P1P/1P3QP1/7K b - - 11 40,f4c1,0,black
18,81,6k1/R4pp1/2b3r1/2p4p/8/2B2P1P/1P3QP1/2q4K w - - 12 41,h1h2,0,white
18,82,6k1/R4pp1/2b3r1/2p4p/8/2B2P1P/1P3QPK/2q5 b - - 13 41,c1f4,0,black
18,83,6k1/R4pp1/2b3r1/2p4p/5q2/2B2P1P/1P3QPK/8 w - - 14 42,h2h1,0,white
18,84,6k1/R4pp1/2b3r1/2p4p/5q2/2B2P1P/1P3QP1/7K b - - 15 42,f4c1,0,black
18,85,6k1/R4pp1/2b3r1/2p4p/8/2B2P1P/1P3QP1/2q4K w - - 16 43,h1h2,0,white
18,86,6k1/R4pp1/2b3r1/2p4p/8/2B2P1P/1P3QPK/2q5 b - - 17 43,c1f4,0,black
18,87,6k1/R4pp1/2b3r1/2p4p/5q2/2B2P1P/1P3QPK/8 w - - 18 44,h2h1,0,white
18,88,6k1/R4pp1/2b3r1/2p4p/5q2/2B2P1P/1P3QP1/7K b - - 19 44,f4c1,0,black
18,89,6k1/R4pp1/2b3r1/2p4p/8/2B2P1P/1P3QP1/2q4K w - - 20 45,h1h2,0,white
18,90,6k1/R4pp1/2b3r1/2p4p/8/2B2P1P/1P3QPK/2q5 b - - 21 45,c1f4,0,black
19,1,rnbqkbnr/pppppppp/8/8/8/8/PPPPPPPP/RNBQKBNR w KQkq - 0 1,e2e4,23,white
19,2,rnbqkbnr/pppppppp/8/8/4P3/8/PPPP1PPP/RNBQKBNR b KQkq - 0 1,e7e5,-23,black
19,3,rnbqkbnr/pppp1ppp/8/4p3/4P3/8/PPPP1PPP/RNBQKBNR w KQkq - 0 2,g1f3,21,white
19,4,rnbqkbnr/pppp1ppp/8/4p3/4P3/5N2/PPPP1PPP/RNBQKB1R b KQkq - 1 2,b8c6,-23,black
19,5,r1bqkbnr/pppp1ppp/2n5/4p3/4P3/5N2/PPPP1PPP/RNBQKB1R w KQkq - 2 3,f1c4,16,white
19,6,r1bqkbnr/pppp1ppp/2n5/4p3/2B1P3/5N2/PPPP1PPP/RNBQK2R b KQkq - 3 3,f8c5,-15,black
19,7,r1bqk1nr/pppp1ppp/2n5/2b1p3/2B1P3/5N2/PPPP1PPP/RNBQK2R w KQkq - 4 4,c2c3,9,white
19,8,r1bqk1nr/pppp1ppp/2n5/2b1p3/2B1P3/2P2N2/PP1P1PPP/RNBQK2R b KQkq - 0 4,g8f6,-23,black
19,9,r1bqk2r/pppp1ppp/2n2n2/2b1p3/2B1P3/2P2N2/PP1P1PPP/RNBQK2R w KQkq - 1 5,d2d3,16,white
19,10,r1bqk2r/pppp1ppp/2n2n2/2b1p3/2B1P3/2PP1N2/PP3PPP/RNBQK2R b KQkq - 0 5,a7a6,-11,black
19,11,r1bqk2r/1ppp1ppp/p1n2n2/2b1p3/2B1P3/2PP1N2/PP3PPP/RNBQK2R w KQkq - 0 6,e1g1,16,white
19,12,r1bqk2r/1ppp1ppp/p1n2n2/2b1p3/2B1P3/2PP1N2/PP3PPP/RNBQ1RK1 b kq - 1 6,d7d6,-21,black
19,13,r1bqk2r/1pp2ppp/p1np1n2/2b1p3/2B1P3/2PP1N2/PP3PPP/RNBQ1RK1 w kq - 0 7,a2a4,20,white
19,14,r1bqk2r/1pp2ppp/p1np1n2/2b1p3/P1B1P3/2PP1N2/1P3PPP/RNBQ1RK1 b kq - 0 7,c5a7,-19,black
19,15,r1bqk2r/bpp2ppp/p1np1n2/4p3/P1B1P3/2PP1N2/1P3PPP/RNBQ1RK1 w kq - 1 8,f1e1,26,white
19,16,r1bqk2r/bpp2ppp/p1np1n2/4p3/P1B1P3/2PP1N2/1P3PPP/RNBQR1K1 b kq - 2 8,e8g8,-33,black
19,17,r1bq1rk1/bpp2ppp/p1np1n2/4p3/P1B1P3/2PP1N2/1P3PPP/RNBQR1K1 w - - 3 9,h2h3,28,white
19,18,r1bq1rk1/bpp2ppp/p1np1n2/4p3/P1B1P3/2PP1N1P/1P3PP1/RNBQR1K1 b - - 0 9,h7h6,-29,black
19,19,r1bq1rk1/bpp2pp1/p1np1n1p/4p3/P1B1P3/2PP1N1P/1P3PP1/RNBQR1K1 w - - 0 10,b1d2,28,white
19,20,r1bq1rk1/bpp2pp1/p1np1n1p/4p3/P1B1P3/2PP1N1P/1P1N1PP1/R1BQR1K1 b - - 1 10,c6e7,-31,black
19,21,r1bq1rk1/bpp1npp1/p2p1n1p/4p3/P1B1P3/2PP1N1P/1P1N1PP1/R1BQR1K1 w - - 2 11,c4b3,30,white
19,22,r1bq1rk1/bpp1npp1/p2p1n1p/4p3/P3P3/1BPP1N1P/1P1N1PP1/R1BQR1K1 b - - 3 11,c8e6,-21,black
19,23,r2q1rk1/bpp1npp1/p2pbn1p/4p3/P3P3/1BPP1N1P/1P1N1PP1/R1BQR1K1 w - - 4 12,d2f1,31,white
19,24,r2q1rk1/bpp1npp1/p2pbn1p/4p3/P3P3/1BPP1N1P/1P3PP1/R1BQRNK1 b - - 5 12,c7c5,-31,black
19,25,r2q1rk1/bp2npp1/p2pbn1p/2p1p3/P3P3/1BPP1N1P/1P3PP1/R1BQRNK1 w - - 0 13,f1g3,26,white
19,26,r2q1rk1/bp2npp1/p2pbn1p/2p1p3/P3P3/1BPP1NNP/1P3PP1/R1BQR1K1 b - - 1 13,d8c7,-31,black
19,27,r4rk1/bpq1npp1/p2pbn1p/2p1p3/P3P3/1BPP1NNP/1P3PP1/R1BQR1K1 w - - 2 14,b3e6,29,white
19,28,r4rk1/bpq1npp1/p2pBn1p/2p1p3/P3P3/2PP1NNP/1P3PP1/R1BQR1K1 b - - 0 14,f7e6,-27,black
19,29,r4rk1/bpq1n1p1/p2ppn1p/2p1p3/P3P3/2PP1NNP/1P3PP1/R1BQR1K1 w - - 0 15,c1e3,22,white
19,30,r4rk1/bpq1n1p1/p2ppn1p/2p1p3/P3P3/2PPBNNP/1P3PP1/R2QR1K1 b - - 1 15,e7g6,-22,black
19,31,r4rk1/bpq3p1/p2ppnnp/2p1p3/P3P3/2PPBNNP/1P3PP1/R2QR1K1 w - - 2 16,d3d4,9,white
19,32,r4rk1/bpq3p1/p2ppnnp/2p1p3/P2PP3/2P1BNNP/1P3PP1/R2QR1K1 b - - 0 16,e5d4,-15,black
19,33,r4rk1/bpq3p1/p2ppnnp/2p5/P2pP3/2P1BNNP/1P3PP1/R2QR1K1 w - - 0 17,c3d4,15,white
19,34,r4rk1/bpq3p1/p2ppnnp/2p5/P2PP3/4BNNP/1P3PP1/R2QR1K1 b - - 0 17,c5d4,-10,black
19,35,r4rk1/bpq3p1/p2ppnnp/8/P2pP3/4BNNP/1P3PP1/R2QR1K1 w - - 0 18,e3d4,19,white
19,36,r4rk1/bpq3p1/p2ppnnp/8/P2BP3/5NNP/1P3PP1/R2QR1K1 b - - 0 18,a7d4,-15,black
19,37,r4rk1/1pq3p1/p2ppnnp/8/P2bP3/5NNP/1P3PP1/R2QR1K1 w - - 0 19,d1d4,13,white
19,38,r4rk1/1pq3p1/p2ppnnp/8/P2QP3/5NNP/1P3PP1/R3R1K1 b - - 0 19,a8d8,-22,black
19,39,3r1rk1/1pq3p1/p2ppnnp/8/P2QP3/5NNP/1P3PP1/R3R1K1 w - - 1 20,a1c1,21,white
19,40,3r1rk1/1pq3p1/p2ppnnp/8/P2QP3/5NNP/1P3PP1/2R1R1K1 b - - 2 20,c7e7,-20,black
19,41,3r1rk1/1p2q1p1/p2ppnnp/8/P2QP3/5NNP/1P3PP1/2R1R1K1 w - - 3 21,c1c2,18,white
19,42,3r1rk1/1p2q1p1/p2ppnnp/8/P2QP3/5NNP/1PR2PP1/4R1K1 b - - 4 21,e6e5,-23,black
19,43,3r1rk1/1p2q1p1/p2p1nnp/4p3/P2QP3/5NNP/1PR2PP1/4R1K1 w - - 0 22,d4b4,13,white
19,44,3r1rk1/1p2q1p1/p2p1nnp/4p3/PQ2P3/5NNP/1PR2PP1/4R1K1 b - - 1 22,d8d7,-13,black
19,45,5rk1/1p1rq1p1/p2p1nnp/4p3/PQ2P3/5NNP/1PR2PP1/4R1K1 w - - 2 23,c2c4,10,white
19,46,5rk1/1p1rq1p1/p2p1nnp/4p3/PQR1P3/5NNP/1P3PP1/4R1K1 b - - 3 23,g8h7,-7,black
19,47,5r2/1p1rq1pk/p2p1nnp/4p3/PQR1P3/5NNP/1P3PP1/4R1K1 w - - 4 24,e1d1,17,white
19,48,5r2/1p1rq1pk/p2p1nnp/4p3/PQR1P3/5NNP/1P3PP1/3R2K1 b - - 5 24,e7e6,-15,black
19,49,5r2/1p1r2pk/p2pqnnp/4p3/PQR1P3/5NNP/1P3PP1/3R2K1 w - - 6 25,b4c3,12,white
19,50,5r2/1p1r2pk/p2pqnnp/4p3/P1R1P3/2Q2NNP/1P3PP1/3R2K1 b - - 7 25,d6d5,-17,black
19,51,5r2/1p1r2pk/p3qnnp/3pp3/P1R1P3/2Q2NNP/1P3PP1/3R2K1 w - - 0 26,e4d5,18,white
19,52,5r2/1p1r2pk/p3qnnp/3Pp3/P1R5/2Q2NNP/1P3PP1/3R2K1 b - - 0 26,f6d5,-18,black
19,53,5r2/1p1r2pk/p3q1np/3np3/P1R5/2Q2NNP/1P3PP1/3R2K1 w - - 0 27,c3b3,12,white
19,54,5r2/1p1r2pk/p3q1np/3np3/P1R5/1Q3NNP/1P3PP1/3R2K1 b - - 1 27,d5f4,-19,black
19,55,5r2/1p1r2pk/p3q1np/4p3/P1R2n2/1Q3NNP/1P3PP1/3R2K1 w - - 2 28,d1d7,13,white
19,56,5r2/1p1R2pk/p3q1np/4p3/P1R2n2/1Q3NNP/1P3PP1/6K1 b - - 0 28,e6d7,-10,black
19,57,5r2/1p1q2pk/p5np/4p3/P1R2n2/1Q3NNP/1P3PP1/6K1 w - - 0 29,h3h4,17,white
19,58,5r2/1p1q2pk/p5np/4p3/P1R2n1P/1Q3NN1/1P3PP1/6K1 b - - 0 29,f4d3,-18,black
19,59,5r2/1p1q2pk/p5np/4p3/P1R4P/1Q1n1NN1/1P3PP1/6K1 w - - 1 30,b3c2,12,white
19,60,5r2/1p1q2pk/p5np/4p3/P1R4P/3n1NN1/1PQ2PP1/6K1 b - - 2 30,f8f3,-3,black
19,61,8/1p1q2pk/p5np/4p3/P1R4P/3n1rN1/1PQ2PP1/6K1 w - - 0 31,g2f3,15,white
19,62,8/1p1q2pk/p5np/4p3/P1R4P/3n1PN1/1PQ2P2/6K1 b - - 0 31,g6f4,0,black
19,63,8/1p1q2pk/p6p/4p3/P1R2n1P/3n1PN1/1PQ2P2/6K1 w - - 1 32,a4a5,5,white
19,64,8/1p1q2pk/p6p/P3p3/2R2n1P/3n1PN1/1PQ2P2/6K1 b - - 0 32,d7d5,0,black
19,65,8/1p4pk/p6p/P2qp3/2R2n1P/3n1PN1/1PQ2P2/6K1 w - - 1 33,g3e4,0,white
19,66,8/1p4pk/p6p/P2qp3/2R1Nn1P/3n1P2/1PQ2P2/6K1 b - - 2 33,d5e6,0,black
19,67,8/1p4pk/p3q2p/P3p3/2R1Nn1P/3n1P2/1PQ2P2/6K1 w - - 3 34,b2b3,0,white
19,68,8/1p4pk/p3q2p/P3p3/2R1Nn1P/1P1n1P2/2Q2P2/6K1 b - - 0 34,f4h3,0,black
19,69,8/1p4pk/p3q2p/P3p3/2R1N2P/1P1n1P1n/2Q2P2/6K1 w - - 1 35,g1f1,0,white
19,70,8/1p4pk/p3q2p/P3p3/2R1N2P/1P1n1P1n/2Q2P2/5K2 b - - 2 35,h3f4,0,black
19,71,8/1p4pk/p3q2p/P3p3/2R1Nn1P/1P1n1P2/2Q2P2/5K2 w - - 3 36,f1g1,0,white
19,72,8/1p4pk/p3q2p/P3p3/2R1Nn1P/1P1n1P2/2Q2P2/6K1 b - - 4 36,f4h3,0,black
19,73,8/1p4pk/p3q2p/P3p3/2R1N2P/1P1n1P1n/2Q2P2/6K1 w - - 5 37,g1f1,0,white
19,74,8/1p4pk/p3q2p/P3p3/2R1N2P/1P1n1P1n/2Q2P2/5K2 b - - 6 37,h3f4,0,black
19,75,8/1p4pk/p3q2p/P3p3/2R1Nn1P/1P1n1P2/2Q2P2/5K2 w - - 7 38,f1g1,0,white
19,76,8/1p4pk/p3q2p/P3p3/2R1Nn1P/1P1n1P2/2Q2P2/6K1 b - - 8 38,f4h3,0,black
19,77,8/1p4pk/p3q2p/P3p3/2R1N2P/1P1n1P1n/2Q2P2/6K1 w - - 9 39,g1h1,0,white
19,78,8/1p4pk/p3q2p/P3p3/2R1N2P/1P1n1P1n/2Q2P2/7K b - - 10 39,h3f4,0,black
19,79,8/1p4pk/p3q2p/P3p3/2R1Nn1P/1P1n1P2/2Q2P2/7K w - - 11 40,h1g1,0,white
19,80,8/1p4pk/p3q2p/P3p3/2R1Nn1P/1P1n1P2/2Q2P2/6K1 b - - 12 40,f4h3,0,black
19,81,8/1p4pk/p3q2p/P3p3/2R1N2P/1P1n1P1n/2Q2P2/6K1 w - - 13 41,g1h2,0,white
19,82,8/1p4pk/p3q2p/P3p3/2R1N2P/1P1n1P1n/2Q2P1K/8 b - - 14 41,h3f4,0,black
19,83,8/1p4pk/p3q2p/P3p3/2R1Nn1P/1P1n1P2/2Q2P1K/8 w - - 15 42,e4g5,0,white
19,84,8/1p4pk/p3q2p/P3p1N1/2R2n1P/1P1n1P2/2Q2P1K/8 b - - 16 42,h6g5,0,black
19,85,8/1p4pk/p3q3/P3p1p1/2R2n1P/1P1n1P2/2Q2P1K/8 w - - 0 43,c4f4,0,white
19,86,8/1p4pk/p3q3/P3p1p1/5R1P/1P1n1P2/2Q2P1K/8 b - - 0 43,g5f4,0,black
19,87,8/1p4pk/p3q3/P3p3/5p1P/1P1n1P2/2Q2P1K/8 w - - 0 44,c2d3,0,white
19,88,8/1p4pk/p3q3/P3p3/5p1P/1P1Q1P2/5P1K/8 b - - 0 44,e6g6,0,black
19,89,8/1p4pk/p5q1/P3p3/5p1P/1P1Q1P2/5P1K/8 w - - 1 45,d3e2,0,white
19,90,8/1p4pk/p5q1/P3p3/5p1P/1P3P2/4QP1K/8 b - - 2 45,g6c6,0,black
19,91,8/1p4pk/p1q5/P3p3/5p1P/1P3P2/4QP1K/8 w - - 3 46,e2e5,0,white
19,92,8/1p4pk/p1q5/P3Q3/5p1P/1P3P2/5P1K/8 b - - 0 46,c6f3,0,black
19,93,8/1p4pk/p7/P3Q3/5p1P/1P3q2/5P1K/8 w - - 0 47,e5f5,0,white
19,94,8/1p4pk/p7/P4Q2/5p1P/1P3q2/5P1K/8 b - - 1 47,g7g6,0,black
19,95,8/1p5k/p5p1/P4Q2/5p1P/1P3q2/5P1K/8 w - - 0 48,f5c5,0,white
19,96,8/1p5k/p5p1/P1Q5/5p1P/1P3q2/5P1K/8 b - - 1 48,f3b3,0,black
19,97,8/1p5k/p5p1/P1Q5/5p1P/1q6/5P1K/8 w - - 0 49,c5c7,0,white
19,98,8/1pQ4k/p5p1/P7/5p1P/1q6/5P1K/8 b - - 1 49,h7g8,0,black
19,99,6k1/1pQ5/p5p1/P7/5p1P/1q6/5P1K/8 w - - 2 50,c7d8,0,white
19,100,3Q2k1/1p6/p5p1/P7/5p1P/1q6/5P1K/8 b - - 3 50,g8g7,0,black
19,101,3Q4/1p4k1/p5p1/P7/5p1P/1q6/5P1K/8 w - - 4 51,d8d4,0,white
19,102,8/1p4k1/p5p1/P7/3Q1p1P/1q6/5P1K/8 b - - 5 51,g7g8,0,black
19,103,6k1/1p6/p5p1/P7/3Q1p1P/1q6/5P1K/8 w - - 6 52,d4f4,0,white
19,104,6k1/1p6/p5p1/P7/5Q1P/1q6/5P1K/8 b - - 0 52,b3b5,0,black
19,105,6k1/1p6/p5p1/Pq6/5Q1P/8/5P1K/8 w - - 1 53,f4c7,0,white
19,106,6k1/1pQ5/p5p1/Pq6/7P/8/5P1K/8 b - - 2 53,b5d5,0,black
19,107,6k1/1pQ5/p5p1/P2q4/7P/8/5P1K/8 w - - 3 54,h2g3,0,white
19,108,6k1/1pQ5/p5p1/P2q4/7P/6K1/5P2/8 b - - 4 54,d5d3,0,black
19,109,6k1/1pQ5/p5p1/P7/7P/3q2K1/5P2/8 w - - 5 55,f2f3,0,white
19,110,6k1/1pQ5/p5p1/P7/7P/3q1PK1/8/8 b - - 0 55,d3d5,0,black
19,111,6k1/1pQ5/p5p1/P2q4/7P/5PK1/8/8 w - - 1 56,g3f4,0,white
19,112,6k1/1pQ5/p5p1/P2q4/5K1P/5P2/8/8 b - - 2 56,d5f5,0,black
19,113,6k1/1pQ5/p5p1/P4q2/5K1P/5P2/8/8 w - - 3 57,f4g3,0,white
19,114,6k1/1pQ5/p5p1/P4q2/7P/5PK1/8/8 b - - 4 57,f5d5,0,black
19,115,6k1/1pQ5/p5p1/P2q4/7P/5PK1/8/8 w - - 5 58,g3g2,0,white
19,116,6k1/1pQ5/p5p1/P2q4/7P/5P2/6K1/8 b - - 6 58,g8f8,0,black
19,117,5k2/1pQ5/p5p1/P2q4/7P/5P2/6K1/8 w - - 7 59,g2f2,0,white
19,118,5k2/1pQ5/p5p1/P2q4/7P/5P2/5K2/8 b - - 8 59,d5d2,0,black
19,119,5k2/1pQ5/p5p1/P7/7P/5P2/3q1K2/8 w - - 9 60,f2f1,0,white
19,120,5k2/1pQ5/p5p1/P7/7P/5P2/3q4/5K2 b - - 10 60,d2d1,0,black
19,121,5k2/1pQ5/p5p1/P7/7P/5P2/8/3q1K2 w - - 11 61,f1f2,0,white
19,122,5k2/1pQ5/p5p1/P7/7P/5P2/5K2/3q4 b - - 12 61,d1d2,0,black
19,123,5k2/1pQ5/p5p1/P7/7P/5P2/3q1K2/8 w - - 13 62,f2g3,0,white
19,124,5k2/1pQ5/p5p1/P7/7P/5PK1/3q4/8 b - - 14 62,d2d5,0,black
19,125,5k2/1pQ5/p5p1/P2q4/7P/5PK1/8/8 w - - 15 63,g3f4,0,white
19,126,5k2/1pQ5/p5p1/P2q4/5K1P/5P2/8/8 b - - 16 63,d5d2,0,black
19,127,5k2/1pQ5/p5p1/P7/5K1P/5P2/3q4/8 w - - 17 64,f4g3,0,white
19,128,5k2/1pQ5/p5p1/P7/7P/5PK1/3q4/8 b - - 18 64,d2d5,0,black
19,129,5k2/1pQ5/p5p1/P2q4/7P/5PK1/8/8 w - - 19 65,g3f4,0,white
19,130,5k2/1pQ5/p5p1/P2q4/5K1P/5P2/8/8 b - - 20 65,d5d2,0,black
19,131,5k2/1pQ5/p5p1/P7/5K1P/5P2/3q4/8 w - - 21 66,f4g4,0,white
19,132,5k2/1pQ5/p5p1/P7/6KP/5P2/3q4/8 b - - 22 66,d2d5,0,black
19,133,5k2/1pQ5/p5p1/P2q4/6KP/5P2/8/8 w - - 23 67,c7f4,0,white
19,134,5k2/1p6/p5p1/P2q4/5QKP/5P2/8/8 b - - 24 67,f8g7,0,black
19,135,8/1p4k1/p5p1/P2q4/5QKP/5P2/8/8 w - - 25 68,f4c7,0,white
19,136,8/1pQ3k1/p5p1/P2q4/6KP/5P2/8/8 b - - 26 68,g7f8,0,black
19,137,5k2/1pQ5/p5p1/P2q4/6KP/5P2/8/8 w - - 27 69,c7b6,0,white
19,138,5k2/1p6/pQ4p1/P2q4/6KP/5P2/8/8 b - - 28 69,f8g7,0,black
19,139,8/1p4k1/pQ4p1/P2q4/6KP/5P2/8/8 w - - 29 70,g4f4,0,white
19,140,8/1p4k1/pQ4p1/P2q4/5K1P/5P2/8/8 b - - 30 70,d5d2,0,black
19,141,8/1p4k1/pQ4p1/P7/5K1P/5P2/3q4/8 w - - 31 71,f4g3,0,white
19,142,8/1p4k1/pQ4p1/P7/7P/5PK1/3q4/8 b - - 32 71,d2d5,0,black
19,143,8/1p4k1/pQ4p1/P2q4/7P/5PK1/8/8 w - - 33 72,g3g2,0,white
19,144,8/1p4k1/pQ4p1/P2q4/7P/5P2/6K1/8 b - - 34 72,d5a2,0,black
19,145,8/1p4k1/pQ4p1/P7/7P/5P2/q5K1/8 w - - 35 73,g2g3,0,white
19,146,8/1p4k1/pQ4p1/P7/7P/5PK1/q7/8 b - - 36 73,a2d5,0,black
19,147,8/1p4k1/pQ4p1/P2q4/7P/5PK1/8/8 w - - 37 74,g3f2,0,white
19,148,8/1p4k1/pQ4p1/P2q4/7P/5P2/5K2/8 b - - 38 74,d5d2,0,black
19,149,8/1p4k1/pQ4p1/P7/7P/5P2/3q1K2/8 w - - 39 75,f2f1,0,white
19,150,8/1p4k1/pQ4p1/P7/7P/5P2/3q4/5K2 b - - 40 75,d2d3,0,black
20,1,rnbqkbnr/pppppppp/8/8/8/8/PPPPPPPP/RNBQKBNR w KQkq - 0 1,e2e4,25,white
20,2,rnbqkbnr/pppppppp/8/8/4P3/8/PPPP1PPP/RNBQKBNR b KQkq - 0 1,e7e5,-25,black
20,3,rnbqkbnr/pppp1ppp/8/4p3/4P3/8/PPPP1PPP/RNBQKBNR w KQkq - 0 2,g1f3,18,white
20,4,rnbqkbnr/pppp1ppp/8/4p3/4P3/5N2/PPPP1PPP/RNBQKB1R b KQkq - 1 2,b8c6,-22,black
20,5,r1bqkbnr/pppp1ppp/2n5/4p3/4P3/5N2/PPPP1PPP/RNBQKB1R w KQkq - 2 3,f1b5,17,white
20,6,r1bqkbnr/pppp1ppp/2n5/1B2p3/4P3/5N2/PPPP1PPP/RNBQK2R b KQkq - 3 3,g8f6,-24,black
20,7,r1bqkb1r/pppp1ppp/2n2n2/1B2p3/4P3/5N2/PPPP1PPP/RNBQK2R w KQkq - 4 4,e1g1,17,white
20,8,r1bqkb1r/pppp1ppp/2n2n2/1B2p3/4P3/5N2/PPPP1PPP/RNBQ1RK1 b kq - 5 4,f6e4,-14,black
20,9,r1bqkb1r/pppp1ppp/2n5/1B2p3/4n3/5N2/PPPP1PPP/RNBQ1RK1 w kq - 0 5,f1e1,27,white
20,10,r1bqkb1r/pppp1ppp/2n5/1B2p3/4n3/5N2/PPPP1PPP/RNBQR1K1 b kq - 1 5,e4d6,-30,black
20,11,r1bqkb1r/pppp1ppp/2nn4/1B2p3/8/5N2/PPPP1PPP/RNBQR1K1 w kq - 2 6,f3e5,19,white
20,12,r1bqkb1r/pppp1ppp/2nn4/1B2N3/8/8/PPPP1PPP/RNBQR1K1 b kq - 0 6,f8e7,-20,black
20,13,r1bqk2r/ppppbppp/2nn4/1B2N3/8/8/PPPP1PPP/RNBQR1K1 w kq - 1 7,b5f1,25,white
20,14,r1bqk2r/ppppbppp/2nn4/4N3/8/8/PPPP1PPP/RNBQRBK1 b kq - 2 7,c6e5,-17,black
20,15,r1bqk2r/ppppbppp/3n4/4n3/8/8/PPPP1PPP/RNBQRBK1 w kq - 0 8,e1e5,15,white
20,16,r1bqk2r/ppppbppp/3n4/4R3/8/8/PPPP1PPP/RNBQ1BK1 b kq - 0 8,e8g8,-13,black
20,17,r1bq1rk1/ppppbppp/3n4/4R3/8/8/PPPP1PPP/RNBQ1BK1 w - - 1 9,b1c3,20,white
20,18,r1bq1rk1/ppppbppp/3n4/4R3/8/2N5/PPPP1PPP/R1BQ1BK1 b - - 2 9,e7f6,-25,black
20,19,r1bq1rk1/pppp1ppp/3n1b2/4R3/8/2N5/PPPP1PPP/R1BQ1BK1 w - - 3 10,e5e1,25,white
20,20,r1bq1rk1/pppp1ppp/3n1b2/8/8/2N5/PPPP1PPP/R1BQRBK1 b - - 4 10,f8e8,-21,black
20,21,r1bqr1k1/pppp1ppp/3n1b2/8/8/2N5/PPPP1PPP/R1BQRBK1 w - - 5 11,c3d5,28,white
20,22,r1bqr1k1/pppp1ppp/3n1b2/3N4/8/8/PPPP1PPP/R1BQRBK1 b - - 6 11,e8e1,-26,black
20,23,r1bq2k1/pppp1ppp/3n1b2/3N4/8/8/PPPP1PPP/R1BQrBK1 w - - 0 12,d5f6,30,white
20,24,r1bq2k1/pppp1ppp/3n1N2/8/8/8/PPPP1PPP/R1BQrBK1 b - - 0 12,d8f6,-25,black
20,25,r1b3k1/pppp1ppp/3n1q2/8/8/8/PPPP1PPP/R1BQrBK1 w - - 0 13,d1e1,24,white
20,26,r1b3k1/pppp1ppp/3n1q2/8/8/8/PPPP1PPP/R1B1QBK1 b - - 0 13,b7b6,-30,black
20,27,r1b3k1/p1pp1ppp/1p1n1q2/8/8/8/PPPP1PPP/R1B1QBK1 w - - 0 14,c2c3,21,white
20,28,r1b3k1/p1pp1ppp/1p1n1q2/8/8/2P5/PP1P1PPP/R1B1QBK1 b - - 0 14,c8b7,-18,black
20,29,r5k1/pbpp1ppp/1p1n1q2/8/8/2P5/PP1P1PPP/R1B1QBK1 w - - 1 15,d2d4,18,white
20,30,r5k1/pbpp1ppp/1p1n1q2/8/3P4/2P5/PP3PPP/R1B1QBK1 b - - 0 15,a8e8,-17,black
20,31,4r1k1/pbpp1ppp/1p1n1q2/8/3P4/2P5/PP3PPP/R1B1QBK1 w - - 1 16,e1d1,18,white
20,32,4r1k1/pbpp1ppp/1p1n1q2/8/3P4/2P5/PP3PPP/R1BQ1BK1 b - - 2 16,h7h6,-15,black
20,33,4r1k1/pbpp1pp1/1p1n1q1p/8/3P4/2P5/PP3PPP/R1BQ1BK1 w - - 0 17,c1d2,11,white
20,34,4r1k1/pbpp1pp1/1p1n1q1p/8/3P4/2P5/PP1B1PPP/R2Q1BK1 b - - 1 17,b7c6,-15,black
20,35,4r1k1/p1pp1pp1/1pbn1q1p/8/3P4/2P5/PP1B1PPP/R2Q1BK1 w - - 2 18,a1c1,10,white
20,36,4r1k1/p1pp1pp1/1pbn1q1p/8/3P4/2P5/PP1B1PPP/2RQ1BK1 b - - 3 18,d6f5,-7,black
20,37,4r1k1/p1pp1pp1/1pb2q1p/5n2/3P4/2P5/PP1B1PPP/2RQ1BK1 w - - 4 19,d2e1,10,white
20,38,4r1k1/p1pp1pp1/1pb2q1p/5n2/3P4/2P5/PP3PPP/2RQBBK1 b - - 5 19,f6g5,-19,black
20,39,4r1k1/p1pp1pp1/1pb4p/5nq1/3P4/2P5/PP3PPP/2RQBBK1 w - - 6 20,d1d2,14,white
20,40,4r1k1/p1pp1pp1/1pb4p/5nq1/3P4/2P5/PP1Q1PPP/2R1BBK1 b - - 7 20,d7d6,-15,black
20,41,4r1k1/p1p2pp1/1pbp3p/5nq1/3P4/2P5/PP1Q1PPP/2R1BBK1 w - - 0 21,d2g5,15,white
20,42,4r1k1/p1p2pp1/1pbp3p/5nQ1/3P4/2P5/PP3PPP/2R1BBK1 b - - 0 21,h6g5,-22,black
20,43,4r1k1/p1p2pp1/1pbp4/5np1/3P4/2P5/PP3PPP/2R1BBK1 w - - 0 22,f2f3,19,white
20,44,4r1k1/p1p2pp1/1pbp4/5np1/3P4/2P2P2/PP4PP/2R1BBK1 b - - 0 22,g5g4,-9,black
20,45,4r1k1/p1p2pp1/1pbp4/5n2/3P2p1/2P2P2/PP4PP/2R1BBK1 w - - 0 23,f3g4,12,white
20,46,4r1k1/p1p2pp1/1pbp4/5n2/3P2P1/2P5/PP4PP/2R1BBK1 b - - 0 23,f5e3,-8,black
20,47,4r1k1/p1p2pp1/1pbp4/8/3P2P1/2P1n3/PP4PP/2R1BBK1 w - - 1 24,f1d3,14,white
20,48,4r1k1/p1p2pp1/1pbp4/8/3P2P1/2PBn3/PP4PP/2R1B1K1 b - - 2 24,e3g4,-14,black
20,49,4r1k1/p1p2pp1/1pbp4/8/3P2n1/2PB4/PP4PP/2R1B1K1 w - - 0 25,e1d2,10,white
20,50,4r1k1/p1p2pp1/1pbp4/8/3P2n1/2PB4/PP1B2PP/2R3K1 b - - 1 25,g4f6,-10,black
20,51,4r1k1/p1p2pp1/1pbp1n2/8/3P4/2PB4/PP1B2PP/2R3K1 w - - 2 26,d2f4,12,white
20,52,4r1k1/p1p2pp1/1pbp1n2/8/3P1B2/2PB4/PP4PP/2R3K1 b - - 3 26,f6e4,-10,black
20,53,4r1k1/p1p2pp1/1pbp4/8/3PnB2/2PB4/PP4PP/2R3K1 w - - 4 27,c1c2,6,white
20,54,4r1k1/p1p2pp1/1pbp4/8/3PnB2/2PB4/PPR3PP/6K1 b - - 5 27,f7f6,-16,black
20,55,4r1k1/p1p3p1/1pbp1p2/8/3PnB2/2PB4/PPR3PP/6K1 w - - 0 28,c3c4,9,white
20,56,4r1k1/p1p3p1/1pbp1p2/8/2PPnB2/3B4/PPR3PP/6K1 b - - 0 28,g7g5,-13,black
20,57,4r1k1/p1p5/1pbp1p2/6p1/2PPnB2/3B4/PPR3PP/6K1 w - - 0 29,f4c1,8,white
20,58,4r1k1/p1p5/1pbp1p2/6p1/2PPn3/3B4/PPR3PP/2B3K1 b - - 1 29,g8g7,-7,black
20,59,4r3/p1p3k1/1pbp1p2/6p1/2PPn3/3B4/PPR3PP/2B3K1 w - - 2 30,g2g4,5,white
20,60,4r3/p1p3k1/1pbp1p2/6p1/2PPn1P1/3B4/PPR4P/2B3K1 b - - 0 30,a7a5,-9,black
20,61,4r3/2p3k1/1pbp1p2/p5p1/2PPn1P1/3B4/PPR4P/2B3K1 w - - 0 31,b2b3,7,white
20,62,4r3/2p3k1/1pbp1p2/p5p1/2PPn1P1/1P1B4/P1R4P/2B3K1 b - - 0 31,c6b7,-3,black
20,63,4r3/1bp3k1/1p1p1p2/p5p1/2PPn1P1/1P1B4/P1R4P/2B3K1 w - - 1 32,c1b2,0,white
20,64,4r3/1bp3k1/1p1p1p2/p5p1/2PPn1P1/1P1B4/PBR4P/6K1 b - - 2 32,g7f7,0,black
20,65,4r3/1bp2k2/1p1p1p2/p5p1/2PPn1P1/1P1B4/PBR4P/6K1 w - - 3 33,h2h3,6,white
20,66,4r3/1bp2k2/1p1p1p2/p5p1/2PPn1P1/1P1B3P/PBR5/6K1 b - - 0 33,a5a4,-5,black
20,67,4r3/1bp2k2/1p1p1p2/6p1/p1PPn1P1/1P1B3P/PBR5/6K1 w - - 0 34,b2c1,0,white
20,68,4r3/1bp2k2/1p1p1p2/6p1/p1PPn1P1/1P1B3P/P1R5/2B3K1 b - - 1 34,a4b3,14,black
20,69,4r3/1bp2k2/1p1p1p2/6p1/2PPn1P1/1p1B3P/P1R5/2B3K1 w - - 0 35,a2b3,-9,white
20,70,4r3/1bp2k2/1p1p1p2/6p1/2PPn1P1/1P1B3P/2R5/2B3K1 b - - 0 35,e8h8,6,black
20,71,7r/1bp2k2/1p1p1p2/6p1/2PPn1P1/1P1B3P/2R5/2B3K1 w - - 1 36,g1h2,-5,white
20,72,7r/1bp2k2/1p1p1p2/6p1/2PPn1P1/1P1B3P/2R4K/2B5 b - - 2 36,h8a8,1,black
20,73,r7/1bp2k2/1p1p1p2/6p1/2PPn1P1/1P1B3P/2R4K/2B5 w - - 3 37,c1b2,-1,white
20,74,r7/1bp2k2/1p1p1p2/6p1/2PPn1P1/1P1B3P/1BR4K/8 b - - 4 37,a8a2,0,black
20,75,8/1bp2k2/1p1p1p2/6p1/2PPn1P1/1P1B3P/rBR4K/8 w - - 5 38,h2g1,0,white
20,76,8/1bp2k2/1p1p1p2/6p1/2PPn1P1/1P1B3P/rBR5/6K1 b - - 6 38,a2a8,0,black
20,77,r7/1bp2k2/1p1p1p2/6p1/2PPn1P1/1P1B3P/1BR5/6K1 w - - 7 39,g1h2,0,white
20,78,r7/1bp2k2/1p1p1p2/6p1/2PPn1P1/1P1B3P/1BR4K/8 b - - 8 39,a8a2,0,black
20,79,8/1bp2k2/1p1p1p2/6p1/2PPn1P1/1P1B3P/rBR4K/8 w - - 9 40,h2g1,0,white
20,80,8/1bp2k2/1p1p1p2/6p1/2PPn1P1/1P1B3P/rBR5/6K1 b - - 10 40,d6d5,4,black
20,81,8/1bp2k2/1p3p2/3p2p1/2PPn1P1/1P1B3P/rBR5/6K1 w - - 0 41,d3e4,0,white
20,82,8/1bp2k2/1p3p2/3p2p1/2PPB1P1/1P5P/rBR5/6K1 b - - 0 41,d5e4,8,black
20,83,8/1bp2k2/1p3p2/6p1/2PPp1P1/1P5P/rBR5/6K1 w - - 0 42,g1f2,0,white
20,84,8/1bp2k2/1p3p2/6p1/2PPp1P1/1P5P/rBR2K2/8 b - - 1 42,a2a8,0,black
20,85,r7/1bp2k2/1p3p2/6p1/2PPp1P1/1P5P/1BR2K2/8 w - - 2 43,d4d5,0,white
20,86,r7/1bp2k2/1p3p2/3P2p1/2P1p1P1/1P5P/1BR2K2/8 b - - 0 43,c7c6,0,black
20,87,r7/1b3k2/1pp2p2/3P2p1/2P1p1P1/1P5P/1BR2K2/8 w - - 0 44,f2e1,3,white
20,88,r7/1b3k2/1pp2p2/3P2p1/2P1p1P1/1P5P/1BR5/4K3 b - - 1 44,c6d5,0,black
20,89,r7/1b3k2/1p3p2/3p2p1/2P1p1P1/1P5P/1BR5/4K3 w - - 0 45,c2f2,2,white
20,90,r7/1b3k2/1p3p2/3p2p1/2P1p1P1/1P5P/1B3R2/4K3 b - - 1 45,a8a2,-1,black
20,91,8/1b3k2/1p3p2/3p2p1/2P1p1P1/1P5P/rB3R2/4K3 w - - 2 46,f2f6,0,white
20,92,8/1b3k2/1p3R2/3p2p1/2P1p1P1/1P5P/rB6/4K3 b - - 0 46,f7e8,0,black
20,93,4k3/1b6/1p3R2/3p2p1/2P1p1P1/1P5P/rB6/4K3 w - - 1 47,b2d4,0,white
20,94,4k3/1b6/1p3R2/3p2p1/2PBp1P1/1P5P/r7/4K3 b - - 2 47,d5c4,0,black
20,95,4k3/1b6/1p3R2/6p1/2pBp1P1/1P5P/r7/4K3 w - - 0 48,f6b6,0,white
20,96,4k3/1b6/1R6/6p1/2pBp1P1/1P5P/r7/4K3 b - - 0 48,b7d5,0,black
20,97,4k3/8/1R6/3b2p1/2pBp1P1/1P5P/r7/4K3 w - - 1 49,b6d6,0,white
20,98,4k3/8/3R4/3b2p1/2pBp1P1/1P5P/r7/4K3 b - - 2 49,c4b3,0,black
20,99,4k3/8/3R4/3b2p1/3Bp1P1/1p5P/r7/4K3 w - - 0 50,d6d5,0,white
20,100,4k3/8/8/3R2p1/3Bp1P1/1p5P/r7/4K3 b - - 0 50,b3b2,0,black
20,101,4k3/8/8/3R2p1/3Bp1P1/7P/rp6/4K3 w - - 0 51,d4b2,0,white
20,102,4k3/8/8/3R2p1/4p1P1/7P/rB6/4K3 b - - 0 51,a2b2,0,black
20,103,4k3/8/8/3R2p1/4p1P1/7P/1r6/4K3 w - - 0 52,d5g5,0,white
20,104,4k3/8/8/6R1/4p1P1/7P/1r6/4K3 b - - 0 52,b2h2,0,black
20,105,4k3/8/8/6R1/4p1P1/7P/7r/4K3 w - - 1 53,g5h5,0,white
20,106,4k3/8/8/7R/4p1P1/7P/7r/4K3 b - - 2 53,e8f7,0,black
20,107,8/5k2/8/7R/4p1P1/7P/7r/4K3 w - - 3 54,e1f1,0,white
20,108,8/5k2/8/7R/4p1P1/7P/7r/5K2 b - - 4 54,e4e3,0,black
20,109,8/5k2/8/7R/6P1/4p2P/7r/5K2 w - - 0 55,h5f5,0,white
20,110,8/5k2/8/5R2/6P1/4p2P/7r/5K2 b - - 1 55,f7g7,0,black
20,111,8/6k1/8/5R2/6P1/4p2P/7r/5K2 w - - 2 56,f5f3,0,white
20,112,8/6k1/8/8/6P1/4pR1P/7r/5K2 b - - 3 56,e3e2,0,black
20,113,8/6k1/8/8/6P1/5R1P/4p2r/5K2 w - - 0 57,f1e1,0,white
20,114,8/6k1/8/8/6P1/5R1P/4p2r/4K3 b - - 1 57,h2g2,0,black
20,115,8/6k1/8/8/6P1/5R1P/4p1r1/4K3 w - - 2 58,f3c3,0,white
20,116,8/6k1/8/8/6P1/2R4P/4p1r1/4K3 b - - 3 58,g7g6,0,black
20,117,8/8/6k1/8/6P1/2R4P/4p1r1/4K3 w - - 4 59,c3e3,0,white
20,118,8/8/6k1/8/6P1/4R2P/4p1r1/4K3 b - - 5 59,g2h2,0,black
20,119,8/8/6k1/8/6P1/4R2P/4p2r/4K3 w - - 6 60,e3c3,0,white
20,120,8/8/6k1/8/6P1/2R4P/4p2r/4K3 b - - 7 60,g6f7,0,black
20,121,8/5k2/8/8/6P1/2R4P/4p2r/4K3 w - - 8 61,c3f3,0,white
20,122,8/5k2/8/8/6P1/5R1P/4p2r/4K3 b - - 9 61,f7g7,0,black
20,123,8/6k1/8/8/6P1/5R1P/4p2r/4K3 w - - 10 62,f3a3,0,white
20,124,8/6k1/8/8/6P1/R6P/4p2r/4K3 b - - 11 62,g7g6,0,black
20,125,8/8/6k1/8/6P1/R6P/4p2r/4K3 w - - 12 63,a3c3,0,white
20,126,8/8/6k1/8/6P1/2R4P/4p2r/4K3 b - - 13 63,g6g5,0,black
20,127,8/8/8/6k1/6P1/2R4P/4p2r/4K3 w - - 14 64,c3d3,0,white
20,128,8/8/8/6k1/6P1/3R3P/4p2r/4K3 b - - 15 64,h2h1,0,black
20,129,8/8/8/6k1/6P1/3R3P/4p3/4K2r w - - 16 65,e1e2,0,white
20,130,8/8/8/6k1/6P1/3R3P/4K3/7r b - - 0 65,h1h2,0,black
20,131,8/8/8/6k1/6P1/3R3P/4K2r/8 w - - 1 66,e2d1,0,white
20,132,8/8/8/6k1/6P1/3R3P/7r/3K4 b - - 2 66,g5f4,0,black
20,133,8/8/8/8/5kP1/3R3P/7r/3K4 w - - 3 67,d3c3,0,white
20,134,8/8/8/8/5kP1/2R4P/7r/3K4 b - - 4 67,h2a2,0,black
20,135,8/8/8/8/5kP1/2R4P/r7/3K4 w - - 5 68,d1c1,0,white
20,136,8/8/8/8/5kP1/2R4P/r7/2K5 b - - 6 68,a2f2,0,black
20,137,8/8/8/8/5kP1/2R4P/5r2/2K5 w - - 7 69,c3c6,1,white
20,138,8/8/2R5/8/5kP1/7P/5r2/2K5 b - - 8 69,f2h2,-6,black
20,139,8/8/2R5/8/5kP1/7P/7r/2K5 w - - 9 70,c6h6,10,white
20,140,8/8/7R/8/5kP1/7P/7r/2K5 b - - 10 70,h2g2,0,black
20,141,8/8/7R/8/5kP1/7P/6r1/2K5 w - - 11 71,h6h5,0,white
20,142,8/8/8/7R/5kP1/7P/6r1/2K5 b - - 12 71,f4e4,0,black
20,143,8/8/8/7R/4k1P1/7P/6r1/2K5 w - - 13 72,g4g5,0,white
20,144,8/8/8/6PR/4k3/7P/6r1/2K5 b - - 0 72,e4d3,0,black
20,145,8/8/8/6PR/8/3k3P/6r1/2K5 w - - 1 73,h3h4,0,white
20,146,8/8/8/6PR/7P/3k4/6r1/2K5 b - - 0 73,d3c3,0,black
20,147,8/8/8/6PR/7P/2k5/6r1/2K5 w - - 1 74,c1d1,0,white
20,148,8/8/8/6PR/7P/2k5/6r1/3K4 b - - 2 74,c3d3,0,black
20,149,8/8/8/6PR/7P/3k4/6r1/3K4 w - - 3 75,d1e1,0,white
20,150,8/8/8/6PR/7P/3k4/6r1/4K3 b - - 4 75,d3e3,0,black
21,1,rnbqkbnr/pppppppp/8/8/8/8/PPPPPPPP/RNBQKBNR w KQkq - 0 1,e2e4,25,white
21,2,rnbqkbnr/pppppppp/8/8/4P3/8/PPPP1PPP/RNBQKBNR b KQkq - 0 1,e7e5,-21,black
21,3,rnbqkbnr/pppp1ppp/8/4p3/4P3/8/PPPP1PPP/RNBQKBNR w KQkq - 0 2,g1f3,18,white
21,4,rnbqkbnr/pppp1ppp/8/4p3/4P3/5N2/PPPP1PPP/RNBQKB1R b KQkq - 1 2,b8c6,-14,black
21,5,r1bqkbnr/pppp1ppp/2n5/4p3/4P3/5N2/PPPP1PPP/RNBQKB1R w KQkq - 2 3,f1b5,14,white
21,6,r1bqkbnr/pppp1ppp/2n5/1B2p3/4P3/5N2/PPPP1PPP/RNBQK2R b KQkq - 3 3,g8f6,-17,black
21,7,r1bqkb1r/pppp1ppp/2n2n2/1B2p3/4P3/5N2/PPPP1PPP/RNBQK2R w KQkq - 4 4,e1g1,18,white
21,8,r1bqkb1r/pppp1ppp/2n2n2/1B2p3/4P3/5N2/PPPP1PPP/RNBQ1RK1 b kq - 5 4,f6e4,-20,black
21,9,r1bqkb1r/pppp1ppp/2n5/1B2p3/4n3/5N2/PPPP1PPP/RNBQ1RK1 w kq - 0 5,f1e1,10,white
21,10,r1bqkb1r/pppp1ppp/2n5/1B2p3/4n3/5N2/PPPP1PPP/RNBQR1K1 b kq - 1 5,e4d6,-10,black
21,11,r1bqkb1r/pppp1ppp/2nn4/1B2p3/8/5N2/PPPP1PPP/RNBQR1K1 w kq - 2 6,f3e5,11,white
21,12,r1bqkb1r/pppp1ppp/2nn4/1B2N3/8/8/PPPP1PPP/RNBQR1K1 b kq - 0 6,f8e7,-19,black
21,13,r1bqk2r/ppppbppp/2nn4/1B2N3/8/8/PPPP1PPP/RNBQR1K1 w kq - 1 7,b5f1,11,white
21,14,r1bqk2r/ppppbppp/2nn4/4N3/8/8/PPPP1PPP/RNBQRBK1 b kq - 2 7,c6e5,-18,black
21,15,r1bqk2r/ppppbppp/3n4/4n3/8/8/PPPP1PPP/RNBQRBK1 w kq - 0 8,e1e5,25,white
21,16,r1bqk2r/ppppbppp/3n4/4R3/8/8/PPPP1PPP/RNBQ1BK1 b kq - 0 8,e8g8,-24,black
21,17,r1bq1rk1/ppppbppp/3n4/4R3/8/8/PPPP1PPP/RNBQ1BK1 w - - 1 9,b1c3,19,white
21,18,r1bq1rk1/ppppbppp/3n4/4R3/8/2N5/PPPP1PPP/R1BQ1BK1 b - - 2 9,e7f6,-25,black
21,19,r1bq1rk1/pppp1ppp/3n1b2/4R3/8/2N5/PPPP1PPP/R1BQ1BK1 w - - 3 10,e5e1,22,white
21,20,r1bq1rk1/pppp1ppp/3n1b2/8/8/2N5/PPPP1PPP/R1BQRBK1 b - - 4 10,f8e8,-27,black
21,21,r1bqr1k1/pppp1ppp/3n1b2/8/8/2N5/PPPP1PPP/R1BQRBK1 w - - 5 11,c3d5,22,white
21,22,r1bqr1k1/pppp1ppp/3n1b2/3N4/8/8/PPPP1PPP/R1BQRBK1 b - - 6 11,e8e1,-19,black
21,23,r1bq2k1/pppp1ppp/3n1b2/3N4/8/8/PPPP1PPP/R1BQrBK1 w - - 0 12,d1e1,23,white
21,24,r1bq2k1/pppp1ppp/3n1b2/3N4/8/8/PPPP1PPP/R1B1QBK1 b - - 0 12,b7b6,-15,black
21,25,r1bq2k1/p1pp1ppp/1p1n1b2/3N4/8/8/PPPP1PPP/R1B1QBK1 w - - 0 13,d5f6,18,white
21,26,r1bq2k1/p1pp1ppp/1p1n1N2/8/8/8/PPPP1PPP/R1B1QBK1 b - - 0 13,d8f6,-12,black
21,27,r1b3k1/p1pp1ppp/1p1n1q2/8/8/8/PPPP1PPP/R1B1QBK1 w - - 0 14,c2c3,13,white
21,28,r1b3k1/p1pp1ppp/1p1n1q2/8/8/2P5/PP1P1PPP/R1B1QBK1 b - - 0 14,c8b7,-7,black
21,29,r5k1/pbpp1ppp/1p1n1q2/8/8/2P5/PP1P1PPP/R1B1QBK1 w - - 1 15,d2d4,11,white
21,30,r5k1/pbpp1ppp/1p1n1q2/8/3P4/2P5/PP3PPP/R1B1QBK1 b - - 0 15,a8e8,-7,black
21,31,4r1k1/pbpp1ppp/1p1n1q2/8/3P4/2P5/PP3PPP/R1B1QBK1 w - - 1 16,e1d1,6,white
21,32,4r1k1/pbpp1ppp/1p1n1q2/8/3P4/2P5/PP3PPP/R1BQ1BK1 b - - 2 16,h7h6,-6,black
21,33,4r1k1/pbpp1pp1/1p1n1q1p/8/3P4/2P5/PP3PPP/R1BQ1BK1 w - - 0 17,c1d2,8,white
21,34,4r1k1/pbpp1pp1/1p1n1q1p/8/3P4/2P5/PP1B1PPP/R2Q1BK1 b - - 1 17,b7c6,-14,black
21,35,4r1k1/p1pp1pp1/1pbn1q1p/8/3P4/2P5/PP1B1PPP/R2Q1BK1 w - - 2 18,d1b3,5,white
21,36,4r1k1/p1pp1pp1/1pbn1q1p/8/3P4/1QP5/PP1B1PPP/R4BK1 b - - 3 18,d6e4,-2,black
21,37,4r1k1/p1pp1pp1/1pb2q1p/8/3Pn3/1QP5/PP1B1PPP/R4BK1 w - - 4 19,d2e3,5,white
21,38,4r1k1/p1pp1pp1/1pb2q1p/8/3Pn3/1QP1B3/PP3PPP/R4BK1 b - - 5 19,d7d5,0,black
21,39,4r1k1/p1p2pp1/1pb2q1p/3p4/3Pn3/1QP1B3/PP3PPP/R4BK1 w - - 0 20,a2a4,0,white
21,40,4r1k1/p1p2pp1/1pb2q1p/3p4/P2Pn3/1QP1B3/1P3PPP/R4BK1 b - - 0 20,e4d6,0,black
21,41,4r1k1/p1p2pp1/1pbn1q1p/3p4/P2P4/1QP1B3/1P3PPP/R4BK1 w - - 1 21,b3a2,0,white
21,42,4r1k1/p1p2pp1/1pbn1q1p/3p4/P2P4/2P1B3/QP3PPP/R4BK1 b - - 2 21,d6f5,0,black
21,43,4r1k1/p1p2pp1/1pb2q1p/3p1n2/P2P4/2P1B3/QP3PPP/R4BK1 w - - 3 22,e3d2,0,white
21,44,4r1k1/p1p2pp1/1pb2q1p/3p1n2/P2P4/2P5/QP1B1PPP/R4BK1 b - - 4 22,f5d6,0,black
21,45,4r1k1/p1p2pp1/1pbn1q1p/3p4/P2P4/2P5/QP1B1PPP/R4BK1 w - - 5 23,d2e3,-1,white
21,46,4r1k1/p1p2pp1/1pbn1q1p/3p4/P2P4/2P1B3/QP3PPP/R4BK1 b - - 6 23,d6f5,0,black
21,47,4r1k1/p1p2pp1/1pb2q1p/3p1n2/P2P4/2P1B3/QP3PPP/R4BK1 w - - 7 24,e3d2,0,white
21,48,4r1k1/p1p2pp1/1pb2q1p/3p1n2/P2P4/2P5/QP1B1PPP/R4BK1 b - - 8 24,f5d6,0,black
21,49,4r1k1/p1p2pp1/1pbn1q1p/3p4/P2P4/2P5/QP1B1PPP/R4BK1 w - - 9 25,d2e3,0,white
21,50,4r1k1/p1p2pp1/1pbn1q1p/3p4/P2P4/2P1B3/QP3PPP/R4BK1 b - - 10 25,d6f5,0,black
21,51,4r1k1/p1p2pp1/1pb2q1p/3p1n2/P2P4/2P1B3/QP3PPP/R4BK1 w - - 11 26,e3d2,0,white
21,52,4r1k1/p1p2pp1/1pb2q1p/3p1n2/P2P4/2P5/QP1B1PPP/R4BK1 b - - 12 26,f5d6,0,black
21,53,4r1k1/p1p2pp1/1pbn1q1p/3p4/P2P4/2P5/QP1B1PPP/R4BK1 w - - 13 27,d2e3,0,white
21,54,4r1k1/p1p2pp1/1pbn1q1p/3p4/P2P4/2P1B3/QP3PPP/R4BK1 b - - 14 27,d6f5,0,black
21,55,4r1k1/p1p2pp1/1pb2q1p/3p1n2/P2P4/2P1B3/QP3PPP/R4BK1 w - - 15 28,e3d2,0,white
21,56,4r1k1/p1p2pp1/1pb2q1p/3p1n2/P2P4/2P5/QP1B1PPP/R4BK1 b - - 16 28,f5d6,0,black
21,57,4r1k1/p1p2pp1/1pbn1q1p/3p4/P2P4/2P5/QP1B1PPP/R4BK1 w - - 17 29,d2e3,0,white
22,1,rnbqkbnr/pppppppp/8/8/8/8/PPPPPPPP/RNBQKBNR w KQkq - 0 1,d2d4,21,white
22,2,rnbqkbnr/pppppppp/8/8/3P4/8/PPP1PPPP/RNBQKBNR b KQkq - 0 1,d7d5,-31,black
22,3,rnbqkbnr/ppp1pppp/8/3p4/3P4/8/PPP1PPPP/RNBQKBNR w KQkq - 0 2,c2c4,28,white
22,4,rnbqkbnr/ppp1pppp/8/3p4/2PP4/8/PP2PPPP/RNBQKBNR b KQkq - 0 2,e7e6,-27,black
22,5,rnbqkbnr/ppp2ppp/4p3/3p4/2PP4/8/PP2PPPP/RNBQKBNR w KQkq - 0 3,g1f3,24,white
22,6,rnbqkbnr/ppp2ppp/4p3/3p4/2PP4/5N2/PP2PPPP/RNBQKB1R b KQkq - 1 3,g8f6,-21,black
22,7,rnbqkb1r/ppp2ppp/4pn2/3p4/2PP4/5N2/PP2PPPP/RNBQKB1R w KQkq - 2 4,b1c3,17,white
22,8,rnbqkb1r/ppp2ppp/4pn2/3p4/2PP4/2N2N2/PP2PPPP/R1BQKB1R b KQkq - 3 4,d5c4,-20,black
22,9,rnbqkb1r/ppp2ppp/4pn2/8/2pP4/2N2N2/PP2PPPP/R1BQKB1R w KQkq - 0 5,e2e4,23,white
22,10,rnbqkb1r/ppp2ppp/4pn2/8/2pPP3/2N2N2/PP3PPP/R1BQKB1R b KQkq - 0 5,f8b4,-15,black
22,11,rnbqk2r/ppp2ppp/4pn2/8/1bpPP3/2N2N2/PP3PPP/R1BQKB1R w KQkq - 1 6,c1g5,20,white
22,12,rnbqk2r/ppp2ppp/4pn2/6B1/1bpPP3/2N2N2/PP3PPP/R2QKB1R b KQkq - 2 6,c7c5,-21,black
22,13,rnbqk2r/pp3ppp/4pn2/2p3B1/1bpPP3/2N2N2/PP3PPP/R2QKB1R w KQkq - 0 7,f1c4,24,white
22,14,rnbqk2r/pp3ppp/4pn2/2p3B1/1bBPP3/2N2N2/PP3PPP/R2QK2R b KQkq - 0 7,c5d4,-25,black
22,15,rnbqk2r/pp3ppp/4pn2/6B1/1bBpP3/2N2N2/PP3PPP/R2QK2R w KQkq - 0 8,f3d4,23,white
22,16,rnbqk2r/pp3ppp/4pn2/6B1/1bBNP3/2N5/PP3PPP/R2QK2R b KQkq - 0 8,b4c3,-17,black
22,17,rnbqk2r/pp3ppp/4pn2/6B1/2BNP3/2b5/PP3PPP/R2QK2R w KQkq - 0 9,b2c3,14,white
22,18,rnbqk2r/pp3ppp/4pn2/6B1/2BNP3/2P5/P4PPP/R2QK2R b KQkq - 0 9,d8a5,-8,black
22,19,rnb1k2r/pp3ppp/4pn2/q5B1/2BNP3/2P5/P4PPP/R2QK2R w KQkq - 1 10,d4b5,6,white
22,20,rnb1k2r/pp3ppp/4pn2/qN4B1/2B1P3/2P5/P4PPP/R2QK2R b KQkq - 2 10,f6e4,-4,black
22,21,rnb1k2r/pp3ppp/4p3/qN4B1/2B1n3/2P5/P4PPP/R2QK2R w KQkq - 0 11,d1d4,4,white
22,22,rnb1k2r/pp3ppp/4p3/qN4B1/2BQn3/2P5/P4PPP/R3K2R b KQkq - 1 11,e8g8,-10,black
22,23,rnb2rk1/pp3ppp/4p3/qN4B1/2BQn3/2P5/P4PPP/R3K2R w KQ - 2 12,d4e4,12,white
22,24,rnb2rk1/pp3ppp/4p3/qN4B1/2B1Q3/2P5/P4PPP/R3K2R b KQ - 0 12,a7a6,-6,black
22,25,rnb2rk1/1p3ppp/p3p3/qN4B1/2B1Q3/2P5/P4PPP/R3K2R w KQ - 0 13,e1g1,9,white
22,26,rnb2rk1/1p3ppp/p3p3/qN4B1/2B1Q3/2P5/P4PPP/R4RK1 b - - 1 13,a6b5,-12,black
22,27,rnb2rk1/1p3ppp/4p3/qp4B1/2B1Q3/2P5/P4PPP/R4RK1 w - - 0 14,c4d3,19,white
22,28,rnb2rk1/1p3ppp/4p3/qp4B1/4Q3/2PB4/P4PPP/R4RK1 b - - 1 14,f7f5,-14,black
22,29,rnb2rk1/1p4pp/4p3/qp3pB1/4Q3/2PB4/P4PPP/R4RK1 w - - 0 15,e4e2,18,white
22,30,rnb2rk1/1p4pp/4p3/qp3pB1/8/2PB4/P3QPPP/R4RK1 b - - 1 15,b8c6,-8,black
22,31,r1b2rk1/1p4pp/2n1p3/qp3pB1/8/2PB4/P3QPPP/R4RK1 w - - 2 16,g5d2,4,white
22,32,r1b2rk1/1p4pp/2n1p3/qp3p2/8/2PB4/P2BQPPP/R4RK1 b - - 3 16,e6e5,-11,black
22,33,r1b2rk1/1p4pp/2n5/qp2pp2/8/2PB4/P2BQPPP/R4RK1 w - - 0 17,d3b5,8,white
22,34,r1b2rk1/1p4pp/2n5/qB2pp2/8/2P5/P2BQPPP/R4RK1 b - - 0 17,c8e6,-6,black
22,35,r4rk1/1p4pp/2n1b3/qB2pp2/8/2P5/P2BQPPP/R4RK1 w - - 1 18,f1d1,4,white
22,36,r4rk1/1p4pp/2n1b3/qB2pp2/8/2P5/P2BQPPP/R2R2K1 b - - 2 18,a5c7,-5,black
22,37,r4rk1/1pq3pp/2n1b3/1B2pp2/8/2P5/P2BQPPP/R2R2K1 w - - 3 19,d2e3,-2,white
22,38,r4rk1/1pq3pp/2n1b3/1B2pp2/8/2P1B3/P3QPPP/R2R2K1 b - - 4 19,c6a7,-1,black
22,39,r4rk1/npq3pp/4b3/1B2pp2/8/2P1B3/P3QPPP/R2R2K1 w - - 5 20,b5a4,0,white
22,40,r4rk1/npq3pp/4b3/4pp2/B7/2P1B3/P3QPPP/R2R2K1 b - - 6 20,f8f6,6,black
22,41,r5k1/npq3pp/4br2/4pp2/B7/2P1B3/P3QPPP/R2R2K1 w - - 7 21,a4c2,-16,white
22,42,r5k1/npq3pp/4br2/4pp2/8/2P1B3/P1B1QPPP/R2R2K1 b - - 8 21,a7c6,15,black
22,43,r5k1/1pq3pp/2n1br2/4pp2/8/2P1B3/P1B1QPPP/R2R2K1 w - - 9 22,a2a4,-12,white
22,44,r5k1/1pq3pp/2n1br2/4pp2/P7/2P1B3/2B1QPPP/R2R2K1 b - - 0 22,c6a5,2,black
22,45,r5k1/1pq3pp/4br2/n3pp2/P7/2P1B3/2B1QPPP/R2R2K1 w - - 1 23,f2f3,2,white
22,46,r5k1/1pq3pp/4br2/n3pp2/P7/2P1BP2/2B1Q1PP/R2R2K1 b - - 0 23,c7c3,5,black
22,47,r5k1/1p4pp/4br2/n3pp2/P7/2q1BP2/2B1Q1PP/R2R2K1 w - - 0 24,a1b1,-1,white
22,48,r5k1/1p4pp/4br2/n3pp2/P7/2q1BP2/2B1Q1PP/1R1R2K1 b - - 1 24,h7h6,3,black
22,49,r5k1/1p4p1/4br1p/n3pp2/P7/2q1BP2/2B1Q1PP/1R1R2K1 w - - 0 25,c2d3,-9,white
22,50,r5k1/1p4p1/4br1p/n3pp2/P7/2qBBP2/4Q1PP/1R1R2K1 b - - 1 25,e6c4,5,black
22,51,r5k1/1p4p1/5r1p/n3pp2/P1b5/2qBBP2/4Q1PP/1R1R2K1 w - - 2 26,e2c2,-10,white
22,52,r5k1/1p4p1/5r1p/n3pp2/P1b5/2qBBP2/2Q3PP/1R1R2K1 b - - 3 26,c3c2,9,black
22,53,r5k1/1p4p1/5r1p/n3pp2/P1b5/3BBP2/2q3PP/1R1R2K1 w - - 0 27,d3c2,-9,white
22,54,r5k1/1p4p1/5r1p/n3pp2/P1b5/4BP2/2B3PP/1R1R2K1 b - - 0 27,a8c8,12,black
22,55,2r3k1/1p4p1/5r1p/n3pp2/P1b5/4BP2/2B3PP/1R1R2K1 w - - 1 28,d1c1,-14,white
22,56,2r3k1/1p4p1/5r1p/n3pp2/P1b5/4BP2/2B3PP/1RR3K1 b - - 2 28,c8c6,11,black
22,57,6k1/1p4p1/2r2r1p/n3pp2/P1b5/4BP2/2B3PP/1RR3K1 w - - 3 29,c1e1,-14,white
22,58,6k1/1p4p1/2r2r1p/n3pp2/P1b5/4BP2/2B3PP/1R2R1K1 b - - 4 29,c4d5,12,black
22,59,6k1/1p4p1/2r2r1p/n2bpp2/P7/4BP2/2B3PP/1R2R1K1 w - - 5 30,c2d1,-20,white
22,60,6k1/1p4p1/2r2r1p/n2bpp2/P7/4BP2/6PP/1R1BR1K1 b - - 6 30,f6d6,15,black
22,61,6k1/1p4p1/2rr3p/n2bpp2/P7/4BP2/6PP/1R1BR1K1 w - - 7 31,b1b5,-20,white
22,62,6k1/1p4p1/2rr3p/nR1bpp2/P7/4BP2/6PP/3BR1K1 b - - 8 31,b7b6,11,black
22,63,6k1/6p1/1prr3p/nR1bpp2/P7/4BP2/6PP/3BR1K1 w - - 0 32,d1e2,-10,white
22,64,6k1/6p1/1prr3p/nR1bpp2/P7/4BP2/4B1PP/4R1K1 b - - 1 32,d5c4,6,black
22,65,6k1/6p1/1prr3p/nR2pp2/P1b5/4BP2/4B1PP/4R1K1 w - - 2 33,b5e5,-6,white
22,66,6k1/6p1/1prr3p/n3Rp2/P1b5/4BP2/4B1PP/4R1K1 b - - 0 33,c4e2,8,black
22,67,6k1/6p1/1prr3p/n3Rp2/P7/4BP2/4b1PP/4R1K1 w - - 0 34,e1e2,-7,white
22,68,6k1/6p1/1prr3p/n3Rp2/P7/4BP2/4R1PP/6K1 b - - 0 34,a5c4,3,black
22,69,6k1/6p1/1prr3p/4Rp2/P1n5/4BP2/4R1PP/6K1 w - - 1 35,e5e8,-2,white
22,70,4R1k1/6p1/1prr3p/5p2/P1n5/4BP2/4R1PP/6K1 b - - 2 35,g8f7,1,black
22,71,4R3/5kp1/1prr3p/5p2/P1n5/4BP2/4R1PP/6K1 w - - 3 36,e3f4,-4,white
22,72,4R3/5kp1/1prr3p/5p2/P1n2B2/5P2/4R1PP/6K1 b - - 4 36,d6d1,1,black
22,73,4R3/5kp1/1pr4p/5p2/P1n2B2/5P2/4R1PP/3r2K1 w - - 5 37,g1f2,-2,white
22,74,4R3/5kp1/1pr4p/5p2/P1n2B2/5P2/4RKPP/3r4 b - - 6 37,d1d7,1,black
22,75,4R3/3r1kp1/1pr4p/5p2/P1n2B2/5P2/4RKPP/8 w - - 7 38,e8h8,-3,white
22,76,7R/3r1kp1/1pr4p/5p2/P1n2B2/5P2/4RKPP/8 b - - 8 38,d7a7,7,black
22,77,7R/r4kp1/1pr4p/5p2/P1n2B2/5P2/4RKPP/8 w - - 9 39,h2h4,-8,white
22,78,7R/r4kp1/1pr4p/5p2/P1n2B1P/5P2/4RKP1/8 b - - 0 39,c6e6,16,black
22,79,7R/r4kp1/1p2r2p/5p2/P1n2B1P/5P2/4RKP1/8 w - - 1 40,e2e6,-8,white
22,80,7R/r4kp1/1p2R2p/5p2/P1n2B1P/5P2/5KP1/8 b - - 0 40,f7e6,7,black
22,81,7R/r5p1/1p2k2p/5p2/P1n2B1P/5P2/5KP1/8 w - - 0 41,h8b8,-3,white
22,82,1R6/r5p1/1p2k2p/5p2/P1n2B1P/5P2/5KP1/8 b - - 1 41,a7a4,6,black
22,83,1R6/6p1/1p2k2p/5p2/r1n2B1P/5P2/5KP1/8 w - - 0 42,b8b7,-7,white
22,84,8/1R4p1/1p2k2p/5p2/r1n2B1P/5P2/5KP1/8 b - - 1 42,e6f6,5,black
22,85,8/1R4p1/1p3k1p/5p2/r1n2B1P/5P2/5KP1/8 w - - 2 43,h4h5,-2,white
22,86,8/1R4p1/1p3k1p/5p1P/r1n2B2/5P2/5KP1/8 b - - 0 43,a4a5,6,black
22,87,8/1R4p1/1p3k1p/r4p1P/2n2B2/5P2/5KP1/8 w - - 1 44,f4c7,-15,white
22,88,8/1RB3p1/1p3k1p/r4p1P/2n5/5P2/5KP1/8 b - - 2 44,f6g5,11,black
22,89,8/1RB3p1/1p5p/r4pkP/2n5/5P2/5KP1/8 w - - 3 45,c7b8,-9,white
22,90,1B6/1R4p1/1p5p/r4pkP/2n5/5P2/5KP1/8 b - - 4 45,g7g6,8,black
22,91,1B6/1R6/1p4pp/r4pkP/2n5/5P2/5KP1/8 w - - 0 46,h5g6,-8,white
22,92,1B6/1R6/1p4Pp/r4pk1/2n5/5P2/5KP1/8 b - - 0 46,g5g6,8,black
22,93,1B6/1R6/1p4kp/r4p2/2n5/5P2/5KP1/8 w - - 0 47,b7d7,-8,white
22,94,1B6/3R4/1p4kp/r4p2/2n5/5P2/5KP1/8 b - - 1 47,a5c5,10,black
22,95,1B6/3R4/1p4kp/2r2p2/2n5/5P2/5KP1/8 w - - 2 48,f2g3,-6,white
22,96,1B6/3R4/1p4kp/2r2p2/2n5/5PK1/6P1/8 b - - 3 48,c5c6,7,black
22,97,1B6/3R4/1pr3kp/5p2/2n5/5PK1/6P1/8 w - - 4 49,d7b7,-7,white
22,98,1B6/1R6/1pr3kp/5p2/2n5/5PK1/6P1/8 b - - 5 49,c6c5,8,black
22,99,1B6/1R6/1p4kp/2r2p2/2n5/5PK1/6P1/8 w - - 6 50,b7d7,-5,white
22,100,1B6/3R4/1p4kp/2r2p2/2n5/5PK1/6P1/8 b - - 7 50,g6f6,6,black
22,101,1B6/3R4/1p3k1p/2r2p2/2n5/5PK1/6P1/8 w - - 8 51,b8f4,-2,white
22,102,8/3R4/1p3k1p/2r2p2/2n2B2/5PK1/6P1/8 b - - 9 51,f6e6,3,black
22,103,8/3R4/1p2k2p/2r2p2/2n2B2/5PK1/6P1/8 w - - 10 52,d7b7,-6,white
22,104,8/1R6/1p2k2p/2r2p2/2n2B2/5PK1/6P1/8 b - - 11 52,b6b5,2,black
22,105,8/1R6/4k2p/1pr2p2/2n2B2/5PK1/6P1/8 w - - 0 53,f4h6,-2,white
22,106,8/1R6/4k2B/1pr2p2/2n5/5PK1/6P1/8 b - - 0 53,c4e5,1,black
22,107,8/1R6/4k2B/1pr1np2/8/5PK1/6P1/8 w - - 1 54,g3h4,-5,white
22,108,8/1R6/4k2B/1pr1np2/7K/5P2/6P1/8 b - - 2 54,e5d3,7,black
22,109,8/1R6/4k2B/1pr2p2/7K/3n1P2/6P1/8 w - - 3 55,g2g4,-8,white
22,110,8/1R6/4k2B/1pr2p2/6PK/3n1P2/8/8 b - - 0 55,f5g4,10,black
22,111,8/1R6/4k2B/1pr5/6pK/3n1P2/8/8 w - - 0 56,f3g4,-10,white
22,112,8/1R6/4k2B/1pr5/6PK/3n4/8/8 b - - 0 56,c5c4,4,black
22,113,8/1R6/4k2B/1p6/2r3PK/3n4/8/8 w - - 1 57,b7b5,-5,white
22,114,8/8/4k2B/1R6/2r3PK/3n4/8/8 b - - 0 57,d3e5,9,black
22,115,8/8/4k2B/1R2n3/2r3PK/8/8/8 w - - 1 58,b5b6,-7,white
22,116,8/8/1R2k2B/4n3/2r3PK/8/8/8 b - - 2 58,e6d7,9,black
22,117,8/3k4/1R5B/4n3/2r3PK/8/8/8 w - - 3 59,h4g5,-5,white
22,118,8/3k4/1R5B/4n1K1/2r3P1/8/8/8 b - - 4 59,e5g4,5,black
22,119,8/3k4/1R5B/6K1/2r3n1/8/8/8 w - - 0 60,g5f5,-6,white
22,120,8/3k4/1R5B/5K2/2r3n1/8/8/8 b - - 1 60,c4c6,0,black
22,121,8/3k4/1Rr4B/5K2/6n1/8/8/8 w - - 2 61,b6c6,0,white
22,122,8/3k4/2R4B/5K2/6n1/8/8/8 b - - 0 61,d7c6,0,black
22,123,8/8/2k4B/5K2/6n1/8/8/8 w - - 0 62,f5g4,0,white
23,1,rnbqkbnr/pppppppp/8/8/8/8/PPPPPPPP/RNBQKBNR w KQkq - 0 1,e2e4,26,white
23,2,rnbqkbnr/pppppppp/8/8/4P3/8/PPPP1PPP/RNBQKBNR b KQkq - 0 1,e7e6,-27,black
23,3,rnbqkbnr/pppp1ppp/4p3/8/4P3/8/PPPP1PPP/RNBQKBNR w KQkq - 0 2,d2d4,31,white
23,4,rnbqkbnr/pppp1ppp/4p3/8/3PP3/8/PPP2PPP/RNBQKBNR b KQkq - 0 2,d7d5,-25,black
23,5,rnbqkbnr/ppp2ppp/4p3/3p4/3PP3/8/PPP2PPP/RNBQKBNR w KQkq - 0 3,b1c3,30,white
23,6,rnbqkbnr/ppp2ppp/4p3/3p4/3PP3/2N5/PPP2PPP/R1BQKBNR b KQkq - 1 3,g8f6,-27,black
23,7,rnbqkb1r/ppp2ppp/4pn2/3p4/3PP3/2N5/PPP2PPP/R1BQKBNR w KQkq - 2 4,c1g5,27,white
23,8,rnbqkb1r/ppp2ppp/4pn2/3p2B1/3PP3/2N5/PPP2PPP/R2QKBNR b KQkq - 3 4,d5e4,-23,black
23,9,rnbqkb1r/ppp2ppp/4pn2/6B1/3Pp3/2N5/PPP2PPP/R2QKBNR w KQkq - 0 5,c3e4,27,white
23,10,rnbqkb1r/ppp2ppp/4pn2/6B1/3PN3/8/PPP2PPP/R2QKBNR b KQkq - 0 5,b8d7,-20,black
23,11,r1bqkb1r/pppn1ppp/4pn2/6B1/3PN3/8/PPP2PPP/R2QKBNR w KQkq - 1 6,e4f6,22,white
23,12,r1bqkb1r/pppn1ppp/4pN2/6B1/3P4/8/PPP2PPP/R2QKBNR b KQkq - 0 6,d7f6,-18,black
23,13,r1bqkb1r/ppp2ppp/4pn2/6B1/3P4/8/PPP2PPP/R2QKBNR w KQkq - 0 7,g1f3,14,white
23,14,r1bqkb1r/ppp2ppp/4pn2/6B1/3P4/5N2/PPP2PPP/R2QKB1R b KQkq - 1 7,h7h6,-17,black
23,15,r1bqkb1r/ppp2pp1/4pn1p/6B1/3P4/5N2/PPP2PPP/R2QKB1R w KQkq - 0 8,g5e3,18,white
23,16,r1bqkb1r/ppp2pp1/4pn1p/8/3P4/4BN2/PPP2PPP/R2QKB1R b KQkq - 1 8,f8d6,-21,black
23,17,r1bqk2r/ppp2pp1/3bpn1p/8/3P4/4BN2/PPP2PPP/R2QKB1R w KQkq - 2 9,f1d3,21,white
23,18,r1bqk2r/ppp2pp1/3bpn1p/8/3P4/3BBN2/PPP2PPP/R2QK2R b KQkq - 3 9,e8g8,-18,black
23,19,r1bq1rk1/ppp2pp1/3bpn1p/8/3P4/3BBN2/PPP2PPP/R2QK2R w KQ - 4 10,d1e2,23,white
23,20,r1bq1rk1/ppp2pp1/3bpn1p/8/3P4/3BBN2/PPP1QPPP/R3K2R b KQ - 5 10,b7b6,-21,black
23,21,r1bq1rk1/p1p2pp1/1p1bpn1p/8/3P4/3BBN2/PPP1QPPP/R3K2R w KQ - 0 11,g2g4,26,white
23,22,r1bq1rk1/p1p2pp1/1p1bpn1p/8/3P2P1/3BBN2/PPP1QP1P/R3K2R b KQ - 0 11,f6d5,-12,black
23,23,r1bq1rk1/p1p2pp1/1p1bp2p/3n4/3P2P1/3BBN2/PPP1QP1P/R3K2R w KQ - 1 12,g4g5,0,white
23,24,r1bq1rk1/p1p2pp1/1p1bp2p/3n2P1/3P4/3BBN2/PPP1QP1P/R3K2R b KQ - 0 12,h6h5,5,black
23,25,r1bq1rk1/p1p2pp1/1p1bp3/3n2Pp/3P4/3BBN2/PPP1QP1P/R3K2R w KQ - 0 13,g5g6,-7,white
23,26,r1bq1rk1/p1p2pp1/1p1bp1P1/3n3p/3P4/3BBN2/PPP1QP1P/R3K2R b KQ - 0 13,f7g6,21,black
23,27,r1bq1rk1/p1p3p1/1p1bp1p1/3n3p/3P4/3BBN2/PPP1QP1P/R3K2R w KQ - 0 14,e3g5,-24,white
23,28,r1bq1rk1/p1p3p1/1p1bp1p1/3n2Bp/3P4/3B1N2/PPP1QP1P/R3K2R b KQ - 1 14,d5f4,21,black
23,29,r1bq1rk1/p1p3p1/1p1bp1p1/6Bp/3P1n2/3B1N2/PPP1QP1P/R3K2R w KQ - 2 15,g5f4,-25,white
23,30,r1bq1rk1/p1p3p1/1p1bp1p1/7p/3P1B2/3B1N2/PPP1QP1P/R3K2R b KQ - 0 15,f8f4,17,black
23,31,r1bq2k1/p1p3p1/1p1bp1p1/7p/3P1r2/3B1N2/PPP1QP1P/R3K2R w KQ - 0 16,h1g1,-8,white
23,32,r1bq2k1/p1p3p1/1p1bp1p1/7p/3P1r2/3B1N2/PPP1QP1P/R3K1R1 b Q - 1 16,e6e5,-6,black
23,33,r1bq2k1/p1p3p1/1p1b2p1/4p2p/3P1r2/3B1N2/PPP1QP1P/R3K1R1 w Q - 0 17,d4e5,-7,white
23,34,r1bq2k1/p1p3p1/1p1b2p1/4P2p/5r2/3B1N2/PPP1QP1P/R3K1R1 b Q - 0 17,c8g4,15,black
23,35,r2q2k1/p1p3p1/1p1b2p1/4P2p/5rb1/3B1N2/PPP1QP1P/R3K1R1 w Q - 1 18,e5d6,-7,white
23,36,r2q2k1/p1p3p1/1p1P2p1/7p/5rb1/3B1N2/PPP1QP1P/R3K1R1 b Q - 0 18,g4f3,1,black
23,37,r2q2k1/p1p3p1/1p1P2p1/7p/5r2/3B1b2/PPP1QP1P/R3K1R1 w Q - 0 19,e2e6,0,white
23,38,r2q2k1/p1p3p1/1p1PQ1p1/7p/5r2/3B1b2/PPP2P1P/R3K1R1 b Q - 1 19,g8f8,0,black
23,39,r2q1k2/p1p3p1/1p1PQ1p1/7p/5r2/3B1b2/PPP2P1P/R3K1R1 w Q - 2 20,g1g6,-14,white
23,40,r2q1k2/p1p3p1/1p1PQ1R1/7p/5r2/3B1b2/PPP2P1P/R3K3 b Q - 0 20,d8d6,0,black
23,41,r4k2/p1p3p1/1p1qQ1R1/7p/5r2/3B1b2/PPP2P1P/R3K3 w Q - 0 21,e6d6,0,white
23,42,r4k2/p1p3p1/1p1Q2R1/7p/5r2/3B1b2/PPP2P1P/R3K3 b Q - 0 21,c7d6,-1,black
23,43,r4k2/p5p1/1p1p2R1/7p/5r2/3B1b2/PPP2P1P/R3K3 w Q - 0 22,e1d2,3,white
23,44,r4k2/p5p1/1p1p2R1/7p/5r2/3B1b2/PPPK1P1P/R7 b - - 1 22,a8e8,-3,black
23,45,4rk2/p5p1/1p1p2R1/7p/5r2/3B1b2/PPPK1P1P/R7 w - - 2 23,a1g1,0,white
23,46,4rk2/p5p1/1p1p2R1/7p/5r2/3B1b2/PPPK1P1P/6R1 b - - 3 23,f3g4,0,black
23,47,4rk2/p5p1/1p1p2R1/7p/5rb1/3B4/PPPK1P1P/6R1 w - - 4 24,h2h3,0,white
23,48,4rk2/p5p1/1p1p2R1/7p/5rb1/3B3P/PPPK1P2/6R1 b - - 0 24,g4h3,0,black
23,49,4rk2/p5p1/1p1p2R1/7p/5r2/3B3b/PPPK1P2/6R1 w - - 0 25,g6g7,0,white
23,50,4rk2/p5R1/1p1p4/7p/5r2/3B3b/PPPK1P2/6R1 b - - 0 25,f4f2,0,black
23,51,4rk2/p5R1/1p1p4/7p/8/3B3b/PPPK1r2/6R1 w - - 0 26,d2c3,0,white
23,52,4rk2/p5R1/1p1p4/7p/8/2KB3b/PPP2r2/6R1 b - - 1 26,e8c8,0,black
23,53,2r2k2/p5R1/1p1p4/7p/8/2KB3b/PPP2r2/6R1 w - - 2 27,c3b3,0,white
23,54,2r2k2/p5R1/1p1p4/7p/8/1K1B3b/PPP2r2/6R1 b - - 3 27,h3e6,0,black
23,55,2r2k2/p5R1/1p1pb3/7p/8/1K1B4/PPP2r2/6R1 w - - 4 28,b3a3,0,white
23,56,2r2k2/p5R1/1p1pb3/7p/8/K2B4/PPP2r2/6R1 b - - 5 28,f2f7,-2,black
23,57,2r2k2/p4rR1/1p1pb3/7p/8/K2B4/PPP5/6R1 w - - 6 29,g7g6,5,white
23,58,2r2k2/p4r2/1p1pb1R1/7p/8/K2B4/PPP5/6R1 b - - 7 29,f8e7,-8,black
23,59,2r5/p3kr2/1p1pb1R1/7p/8/K2B4/PPP5/6R1 w - - 8 30,g6h6,0,white
23,60,2r5/p3kr2/1p1pb2R/7p/8/K2B4/PPP5/6R1 b - - 9 30,c8c5,-10,black
23,61,8/p3kr2/1p1pb2R/2r4p/8/K2B4/PPP5/6R1 w - - 10 31,b2b4,10,white
23,62,8/p3kr2/1p1pb2R/2r4p/1P6/K2B4/P1P5/6R1 b - - 0 31,c5e5,0,black
23,63,8/p3kr2/1p1pb2R/4r2p/1P6/K2B4/P1P5/6R1 w - - 1 32,g1g8,0,white
23,64,6R1/p3kr2/1p1pb2R/4r2p/1P6/K2B4/P1P5/8 b - - 2 32,f7f6,-6,black
23,65,6R1/p3k3/1p1pbr1R/4r2p/1P6/K2B4/P1P5/8 w - - 3 33,h6h7,0,white
23,66,6R1/p3k2R/1p1pbr2/4r2p/1P6/K2B4/P1P5/8 b - - 4 33,f6f7,0,black
23,67,6R1/p3kr1R/1p1pb3/4r2p/1P6/K2B4/P1P5/8 w - - 5 34,h7h8,0,white
23,68,6RR/p3kr2/1p1pb3/4r2p/1P6/K2B4/P1P5/8 b - - 6 34,e6f5,0,black
23,69,6RR/p3kr2/1p1p4/4rb1p/1P6/K2B4/P1P5/8 w - - 7 35,d3f5,2,white
23,70,6RR/p3kr2/1p1p4/4rB1p/1P6/K7/P1P5/8 b - - 0 35,e5f5,-3,black
23,71,6RR/p3kr2/1p1p4/5r1p/1P6/K7/P1P5/8 w - - 0 36,a3b3,0,white
23,72,6RR/p3kr2/1p1p4/5r1p/1P6/1K6/P1P5/8 b - - 1 36,e7e6,-4,black
23,73,6RR/p4r2/1p1pk3/5r1p/1P6/1K6/P1P5/8 w - - 2 37,a2a4,9,white
23,74,6RR/p4r2/1p1pk3/5r1p/PP6/1K6/2P5/8 b - - 0 37,d6d5,0,black
23,75,6RR/p4r2/1p2k3/3p1r1p/PP6/1K6/2P5/8 w - - 0 38,g8g6,0,white
23,76,7R/p4r2/1p2k1R1/3p1r1p/PP6/1K6/2P5/8 b - - 1 38,f7f6,0,black
23,77,7R/p7/1p2krR1/3p1r1p/PP6/1K6/2P5/8 w - - 2 39,g6g3,0,white
23,78,7R/p7/1p2kr2/3p1r1p/PP6/1K4R1/2P5/8 b - - 3 39,f5f3,0,black
23,79,7R/p7/1p2kr2/3p3p/PP6/1K3rR1/2P5/8 w - - 4 40,g3f3,-2,white
23,80,7R/p7/1p2kr2/3p3p/PP6/1K3R2/2P5/8 b - - 0 40,f6f3,4,black
23,81,7R/p7/1p2k3/3p3p/PP6/1K3r2/2P5/8 w - - 0 41,b3b2,-1,white
23,82,7R/p7/1p2k3/3p3p/PP6/5r2/1KP5/8 b - - 1 41,f3f4,8,black
23,83,7R/p7/1p2k3/3p3p/PP3r2/8/1KP5/8 w - - 2 42,h8h6,-1,white
23,84,8/p7/1p2k2R/3p3p/PP3r2/8/1KP5/8 b - - 3 42,e6e5,0,black
23,85,8/p7/1p5R/3pk2p/PP3r2/8/1KP5/8 w - - 4 43,h6h5,0,white
23,86,8/p7/1p6/3pk2R/PP3r2/8/1KP5/8 b - - 0 43,e5d4,0,black
23,87,8/p7/1p6/3p3R/PP1k1r2/8/1KP5/8 w - - 1 44,b4b5,0,white
23,88,8/p7/1p6/1P1p3R/P2k1r2/8/1KP5/8 b - - 0 44,d4c4,0,black
23,89,8/p7/1p6/1P1p3R/P1k2r2/8/1KP5/8 w - - 1 45,h5h7,0,white
23,90,8/p6R/1p6/1P1p4/P1k2r2/8/1KP5/8 b - - 2 45,c4b4,0,black
23,91,8/p6R/1p6/1P1p4/Pk3r2/8/1KP5/8 w - - 3 46,h7a7,0,white
23,92,8/R7/1p6/1P1p4/Pk3r2/8/1KP5/8 b - - 0 46,f4f3,0,black
23,93,8/R7/1p6/1P1p4/Pk6/5r2/1KP5/8 w - - 1 47,a7a6,0,white
23,94,8/8/Rp6/1P1p4/Pk6/5r2/1KP5/8 b - - 2 47,f3a3,0,black
23,95,8/8/Rp6/1P1p4/Pk6/r7/1KP5/8 w - - 3 48,c2c3,0,white
23,96,8/8/Rp6/1P1p4/Pk6/r1P5/1K6/8 b - - 0 48,a3c3,0,black
23,97,8/8/Rp6/1P1p4/Pk6/2r5/1K6/8 w - - 0 49,a6b6,0,white
23,98,8/8/1R6/1P1p4/Pk6/2r5/1K6/8 b - - 0 49,c3b3,0,black
23,99,8/8/1R6/1P1p4/Pk6/1r6/1K6/8 w - - 1 50,b2c2,0,white
23,100,8/8/1R6/1P1p4/Pk6/1r6/2K5/8 b - - 2 50,b4a4,0,black
23,101,8/8/1R6/1P1p4/k7/1r6/2K5/8 w - - 0 51,b6d6,0,white
23,102,8/8/3R4/1P1p4/k7/1r6/2K5/8 b - - 1 51,b3b5,0,black
23,103,8/8/3R4/1r1p4/k7/8/2K5/8 w - - 0 52,c2c3,0,white
23,104,8/8/3R4/1r1p4/k7/2K5/8/8 b - - 1 52,b5b1,0,black
23,105,8/8/3R4/3p4/k7/2K5/8/1r6 w - - 2 53,d6d5,0,white
23,106,8/8/8/3R4/k7/2K5/8/1r6 b - - 0 53,b1h1,0,black
23,107,8/8/8/3R4/k7/2K5/8/7r w - - 1 54,c3c4,0,white
23,108,8/8/8/3R4/k1K5/8/8/7r b - - 2 54,h1c1,0,black
23,109,8/8/8/3R4/k1K5/8/8/2r5 w - - 3 55,c4d4,0,white
23,110,8/8/8/3R4/k2K4/8/8/2r5 b - - 4 55,c1h1,0,black
23,111,8/8/8/3R4/k2K4/8/8/7r w - - 5 56,d4e4,0,white
23,112,8/8/8/3R4/k3K3/8/8/7r b - - 6 56,h1h4,0,black
23,113,8/8/8/3R4/k3K2r/8/8/8 w - - 7 57,e4d3,0,white
23,114,8/8/8/3R4/k6r/3K4/8/8 b - - 8 57,a4b4,0,black
23,115,8/8/8/3R4/1k5r/3K4/8/8 w - - 9 58,d3e3,0,white
23,116,8/8/8/3R4/1k5r/4K3/8/8 b - - 10 58,h4h1,0,black
23,117,8/8/8/3R4/1k6/4K3/8/7r w - - 11 59,e3f3,0,white
23,118,8/8/8/3R4/1k6/5K2/8/7r b - - 12 59,b4c4,0,black
23,119,8/8/8/3R4/2k5/5K2/8/7r w - - 13 60,d5d8,0,white
23,120,3R4/8/8/8/2k5/5K2/8/7r b - - 14 60,h1f1,0,black
23,121,3R4/8/8/8/2k5/5K2/8/5r2 w - - 15 61,f3e2,0,white
23,122,3R4/8/8/8/2k5/8/4K3/5r2 b - - 16 61,f1h1,0,black
23,123,3R4/8/8/8/2k5/8/4K3/7r w - - 17 62,e2e3,0,white
23,124,3R4/8/8/8/2k5/4K3/8/7r b - - 18 62,h1h3,0,black
23,125,3R4/8/8/8/2k5/4K2r/8/8 w - - 19 63,e3e4,0,white
23,126,3R4/8/8/8/2k1K3/7r/8/8 b - - 20 63,h3h4,0,black
23,127,3R4/8/8/8/2k1K2r/8/8/8 w - - 21 64,e4f3,0,white
23,128,3R4/8/8/8/2k4r/5K2/8/8 b - - 22 64,h4h3,0,black
23,129,3R4/8/8/8/2k5/5K1r/8/8 w - - 23 65,f3e2,0,white
23,130,3R4/8/8/8/2k5/7r/4K3/8 b - - 24 65,h3h6,0,black
23,131,3R4/8/7r/8/2k5/8/4K3/8 w - - 25 66,d8d1,0,white
23,132,8/8/7r/8/2k5/8/4K3/3R4 b - - 26 66,h6h5,0,black
23,133,8/8/8/7r/2k5/8/4K3/3R4 w - - 27 67,d1d6,0,white
23,134,8/8/3R4/7r/2k5/8/4K3/8 b - - 28 67,c4c3,0,black
23,135,8/8/3R4/7r/8/2k5/4K3/8 w - - 29 68,e2f3,0,white
23,136,8/8/3R4/7r/8/2k2K2/8/8 b - - 30 68,h5h1,0,black
23,137,8/8/3R4/8/8/2k2K2/8/7r w - - 31 69,f3e3,0,white
23,138,8/8/3R4/8/8/2k1K3/8/7r b - - 32 69,h1h3,0,black
23,139,8/8/3R4/8/8/2k1K2r/8/8 w - - 33 70,e3e4,0,white
23,140,8/8/3R4/8/4K3/2k4r/8/8 b - - 34 70,h3h1,0,black
23,141,8/8/3R4/8/4K3/2k5/8/7r w - - 35 71,d6d3,0,white
23,142,8/8/8/8/4K3/2kR4/8/7r b - - 36 71,c3b2,0,black
23,143,8/8/8/8/4K3/3R4/1k6/7r w - - 37 72,d3d8,0,white
23,144,3R4/8/8/8/4K3/8/1k6/7r b - - 38 72,b2c2,0,black
23,145,3R4/8/8/8/4K3/8/2k5/7r w - - 39 73,d8d6,0,white
23,146,8/8/3R4/8/4K3/8/2k5/7r b - - 40 73,h1h4,0,black
23,147,8/8/3R4/8/4K2r/8/2k5/8 w - - 41 74,e4e3,0,white
23,148,8/8/3R4/8/7r/4K3/2k5/8 b - - 42 74,h4h3,0,black
23,149,8/8/3R4/8/8/4K2r/2k5/8 w - - 43 75,e3f4,0,white
23,150,8/8/3R4/8/5K2/7r/2k5/8 b - - 44 75,h3h4,0,black
24,1,rnbqkbnr/pppppppp/8/8/8/8/PPPPPPPP/RNBQKBNR w KQkq - 0 1,e2e4,25,white
24,2,rnbqkbnr/pppppppp/8/8/4P3/8/PPPP1PPP/RNBQKBNR b KQkq - 0 1,e7e5,-20,black
24,3,rnbqkbnr/pppp1ppp/8/4p3/4P3/8/PPPP1PPP/RNBQKBNR w KQkq - 0 2,g1f3,19,white
24,4,rnbqkbnr/pppp1ppp/8/4p3/4P3/5N2/PPPP1PPP/RNBQKB1R b KQkq - 1 2,b8c6,-15,black
24,5,r1bqkbnr/pppp1ppp/2n5/4p3/4P3/5N2/PPPP1PPP/RNBQKB1R w KQkq - 2 3,f1b5,20,white
24,6,r1bqkbnr/pppp1ppp/2n5/1B2p3/4P3/5N2/PPPP1PPP/RNBQK2R b KQkq - 3 3,g8f6,-16,black
24,7,r1bqkb1r/pppp1ppp/2n2n2/1B2p3/4P3/5N2/PPPP1PPP/RNBQK2R w KQkq - 4 4,e1g1,16,white
24,8,r1bqkb1r/pppp1ppp/2n2n2/1B2p3/4P3/5N2/PPPP1PPP/RNBQ1RK1 b kq - 5 4,f6e4,-14,black
24,9,r1bqkb1r/pppp1ppp/2n5/1B2p3/4n3/5N2/PPPP1PPP/RNBQ1RK1 w kq - 0 5,f1e1,10,white
24,10,r1bqkb1r/pppp1ppp/2n5/1B2p3/4n3/5N2/PPPP1PPP/RNBQR1K1 b kq - 1 5,e4d6,-13,black
24,11,r1bqkb1r/pppp1ppp/2nn4/1B2p3/8/5N2/PPPP1PPP/RNBQR1K1 w kq - 2 6,f3e5,19,white
24,12,r1bqkb1r/pppp1ppp/2nn4/1B2N3/8/8/PPPP1PPP/RNBQR1K1 b kq - 0 6,f8e7,-21,black
24,13,r1bqk2r/ppppbppp/2nn4/1B2N3/8/8/PPPP1PPP/RNBQR1K1 w kq - 1 7,b5f1,10,white
24,14,r1bqk2r/ppppbppp/2nn4/4N3/8/8/PPPP1PPP/RNBQRBK1 b kq - 2 7,c6e5,-18,black
24,15,r1bqk2r/ppppbppp/3n4/4n3/8/8/PPPP1PPP/RNBQRBK1 w kq - 0 8,e1e5,16,white
24,16,r1bqk2r/ppppbppp/3n4/4R3/8/8/PPPP1PPP/RNBQ1BK1 b kq - 0 8,e8g8,-19,black
24,17,r1bq1rk1/ppppbppp/3n4/4R3/8/8/PPPP1PPP/RNBQ1BK1 w - - 1 9,d2d4,15,white
24,18,r1bq1rk1/ppppbppp/3n4/4R3/3P4/8/PPP2PPP/RNBQ1BK1 b - - 0 9,e7f6,-13,black
24,19,r1bq1rk1/pppp1ppp/3n1b2/4R3/3P4/8/PPP2PPP/RNBQ1BK1 w - - 1 10,e5e1,11,white
24,20,r1bq1rk1/pppp1ppp/3n1b2/8/3P4/8/PPP2PPP/RNBQRBK1 b - - 2 10,f8e8,-2,black
24,21,r1bqr1k1/pppp1ppp/3n1b2/8/3P4/8/PPP2PPP/RNBQRBK1 w - - 3 11,c1f4,10,white
24,22,r1bqr1k1/pppp1ppp/3n1b2/8/3P1B2/8/PPP2PPP/RN1QRBK1 b - - 4 11,e8e1,-12,black
24,23,r1bq2k1/pppp1ppp/3n1b2/8/3P1B2/8/PPP2PPP/RN1QrBK1 w - - 0 12,d1e1,12,white
24,24,r1bq2k1/pppp1ppp/3n1b2/8/3P1B2/8/PPP2PPP/RN2QBK1 b - - 0 12,d6e8,-17,black
24,25,r1bqn1k1/pppp1ppp/5b2/8/3P1B2/8/PPP2PPP/RN2QBK1 w - - 1 13,c2c3,10,white
24,26,r1bqn1k1/pppp1ppp/5b2/8/3P1B2/2P5/PP3PPP/RN2QBK1 b - - 0 13,d7d5,-4,black
24,27,r1bqn1k1/ppp2ppp/5b2/3p4/3P1B2/2P5/PP3PPP/RN2QBK1 w - - 0 14,b1d2,4,white
24,28,r1bqn1k1/ppp2ppp/5b2/3p4/3P1B2/2P5/PP1N1PPP/R3QBK1 b - - 1 14,c8f5,-8,black
24,29,r2qn1k1/ppp2ppp/5b2/3p1b2/3P1B2/2P5/PP1N1PPP/R3QBK1 w - - 2 15,e1e2,11,white
24,30,r2qn1k1/ppp2ppp/5b2/3p1b2/3P1B2/2P5/PP1NQPPP/R4BK1 b - - 3 15,c7c6,-15,black
24,31,r2qn1k1/pp3ppp/2p2b2/3p1b2/3P1B2/2P5/PP1NQPPP/R4BK1 w - - 0 16,a1e1,11,white
24,32,r2qn1k1/pp3ppp/2p2b2/3p1b2/3P1B2/2P5/PP1NQPPP/4RBK1 b - - 1 16,e8d6,-13,black
24,33,r2q2k1/pp3ppp/2pn1b2/3p1b2/3P1B2/2P5/PP1NQPPP/4RBK1 w - - 2 17,d2b3,15,white
24,34,r2q2k1/pp3ppp/2pn1b2/3p1b2/3P1B2/1NP5/PP2QPPP/4RBK1 b - - 3 17,b7b6,-15,black
24,35,r2q2k1/p4ppp/1ppn1b2/3p1b2/3P1B2/1NP5/PP2QPPP/4RBK1 w - - 0 18,e2a6,11,white
24,36,r2q2k1/p4ppp/Qppn1b2/3p1b2/3P1B2/1NP5/PP3PPP/4RBK1 b - - 1 18,g7g6,-1,black
24,37,r2q2k1/p4p1p/Qppn1bp1/3p1b2/3P1B2/1NP5/PP3PPP/4RBK1 w - - 0 19,b3d2,0,white
24,38,r2q2k1/p4p1p/Qppn1bp1/3p1b2/3P1B2/2P5/PP1N1PPP/4RBK1 b - - 1 19,f6g5,-5,black
24,39,r2q2k1/p4p1p/Qppn2p1/3p1bb1/3P1B2/2P5/PP1N1PPP/4RBK1 w - - 2 20,f4g5,8,white
24,40,r2q2k1/p4p1p/Qppn2p1/3p1bB1/3P4/2P5/PP1N1PPP/4RBK1 b - - 0 20,d8g5,-1,black
24,41,r5k1/p4p1p/Qppn2p1/3p1bq1/3P4/2P5/PP1N1PPP/4RBK1 w - - 0 21,d2f3,-1,white
24,42,r5k1/p4p1p/Qppn2p1/3p1bq1/3P4/2P2N2/PP3PPP/4RBK1 b - - 1 21,g5d8,-3,black
24,43,r2q2k1/p4p1p/Qppn2p1/3p1b2/3P4/2P2N2/PP3PPP/4RBK1 w - - 2 22,f3e5,14,white
24,44,r2q2k1/p4p1p/Qppn2p1/3pNb2/3P4/2P5/PP3PPP/4RBK1 b - - 3 22,d8c7,-12,black
24,45,r5k1/p1q2p1p/Qppn2p1/3pNb2/3P4/2P5/PP3PPP/4RBK1 w - - 4 23,g2g4,10,white
24,46,r5k1/p1q2p1p/Qppn2p1/3pNb2/3P2P1/2P5/PP3P1P/4RBK1 b - - 0 23,f5e6,-13,black
24,47,r5k1/p1q2p1p/Qppnb1p1/3pN3/3P2P1/2P5/PP3P1P/4RBK1 w - - 1 24,a6d3,1,white
24,48,r5k1/p1q2p1p/1ppnb1p1/3pN3/3P2P1/2PQ4/PP3P1P/4RBK1 b - - 2 24,a8e8,-5,black
24,49,4r1k1/p1q2p1p/1ppnb1p1/3pN3/3P2P1/2PQ4/PP3P1P/4RBK1 w - - 3 25,g4g5,6,white
24,50,4r1k1/p1q2p1p/1ppnb1p1/3pN1P1/3P4/2PQ4/PP3P1P/4RBK1 b - - 0 25,e6f5,-1,black
24,51,4r1k1/p1q2p1p/1ppn2p1/3pNbP1/3P4/2PQ4/PP3P1P/4RBK1 w - - 1 26,d3g3,2,white
24,52,4r1k1/p1q2p1p/1ppn2p1/3pNbP1/3P4/2P3Q1/PP3P1P/4RBK1 b - - 2 26,c6c5,0,black
24,53,4r1k1/p1q2p1p/1p1n2p1/2ppNbP1/3P4/2P3Q1/PP3P1P/4RBK1 w - - 0 27,g3f4,4,white
24,54,4r1k1/p1q2p1p/1p1n2p1/2ppNbP1/3P1Q2/2P5/PP3P1P/4RBK1 b - - 1 27,c5d4,-7,black
24,55,4r1k1/p1q2p1p/1p1n2p1/3pNbP1/3p1Q2/2P5/PP3P1P/4RBK1 w - - 0 28,f4d4,1,white
24,56,4r1k1/p1q2p1p/1p1n2p1/3pNbP1/3Q4/2P5/PP3P1P/4RBK1 b - - 0 28,d6e4,0,black
24,57,4r1k1/p1q2p1p/1p4p1/3pNbP1/3Qn3/2P5/PP3P1P/4RBK1 w - - 1 29,f2f4,0,white
24,58,4r1k1/p1q2p1p/1p4p1/3pNbP1/3QnP2/2P5/PP5P/4RBK1 b - - 0 29,e8d8,0,black
24,59,3r2k1/p1q2p1p/1p4p1/3pNbP1/3QnP2/2P5/PP5P/4RBK1 w - - 1 30,f1g2,0,white
24,60,3r2k1/p1q2p1p/1p4p1/3pNbP1/3QnP2/2P5/PP4BP/4R1K1 b - - 2 30,h7h5,0,black
24,61,3r2k1/p1q2p2/1p4p1/3pNbPp/3QnP2/2P5/PP4BP/4R1K1 w - h6 0 31,g5h6,0,white
24,62,3r2k1/p1q2p2/1p4pP/3pNb2/3QnP2/2P5/PP4BP/4R1K1 b - - 0 31,f7f6,0,black
24,63,3r2k1/p1q5/1p3ppP/3pNb2/3QnP2/2P5/PP4BP/4R1K1 w - - 0 32,e5c6,0,white
24,64,3r2k1/p1q5/1pN2ppP/3p1b2/3QnP2/2P5/PP4BP/4R1K1 b - - 1 32,c7c6,0,black
24,65,3r2k1/p7/1pq2ppP/3p1b2/3QnP2/2P5/PP4BP/4R1K1 w - - 0 33,g2e4,0,white
24,66,3r2k1/p7/1pq2ppP/3p1b2/3QBP2/2P5/PP5P/4R1K1 b - - 0 33,f5e4,0,black
24,67,3r2k1/p7/1pq2ppP/3p4/3QbP2/2P5/PP5P/4R1K1 w - - 0 34,e1e4,0,white
24,68,3r2k1/p7/1pq2ppP/3p4/3QRP2/2P5/PP5P/6K1 b - - 0 34,d5e4,0,black
24,69,3r2k1/p7/1pq2ppP/8/3QpP2/2P5/PP5P/6K1 w - - 0 35,d4d8,0,white
24,70,3Q2k1/p7/1pq2ppP/8/4pP2/2P5/PP5P/6K1 b - - 0 35,g8h7,0,black
24,71,3Q4/p6k/1pq2ppP/8/4pP2/2P5/PP5P/6K1 w - - 1 36,d8e7,0,white
24,72,8/p3Q2k/1pq2ppP/8/4pP2/2P5/PP5P/6K1 b - - 2 36,h7h6,0,black
24,73,8/p3Q3/1pq2ppk/8/4pP2/2P5/PP5P/6K1 w - - 0 37,e7f8,0,white
24,74,5Q2/p7/1pq2ppk/8/4pP2/2P5/PP5P/6K1 b - - 1 37,h6h7,0,black
24,75,5Q2/p6k/1pq2pp1/8/4pP2/2P5/PP5P/6K1 w - - 2 38,f8f7,0,white
24,76,8/p4Q1k/1pq2pp1/8/4pP2/2P5/PP5P/6K1 b - - 3 38,h7h6,0,black
24,77,8/p4Q2/1pq2ppk/8/4pP2/2P5/PP5P/6K1 w - - 4 39,f7f8,0,white
24,78,5Q2/p7/1pq2ppk/8/4pP2/2P5/PP5P/6K1 b - - 5 39,h6h5,0,black
24,79,5Q2/p7/1pq2pp1/7k/4pP2/2P5/PP5P/6K1 w - - 6 40,h2h3,0,white
24,80,5Q2/p7/1pq2pp1/7k/4pP2/2P4P/PP6/6K1 b - - 0 40,g6g5,0,black
24,81,5Q2/p7/1pq2p2/6pk/4pP2/2P4P/PP6/6K1 w - - 0 41,f8f7,0,white
24,82,8/p4Q2/1pq2p2/6pk/4pP2/2P4P/PP6/6K1 b - - 1 41,h5h6,0,black
24,83,8/p4Q2/1pq2p1k/6p1/4pP2/2P4P/PP6/6K1 w - - 2 42,f4f5,0,white
24,84,8/p4Q2/1pq2p1k/5Pp1/4p3/2P4P/PP6/6K1 b - - 0 42,c6c5,0,black
24,85,8/p4Q2/1p3p1k/2q2Pp1/4p3/2P4P/PP6/6K1 w - - 1 43,g1h1,0,white
24,86,8/p4Q2/1p3p1k/2q2Pp1/4p3/2P4P/PP6/7K b - - 2 43,c5f5,0,black
24,87,8/p4Q2/1p3p1k/5qp1/4p3/2P4P/PP6/7K w - - 0 44,f7f8,0,white
24,88,5Q2/p7/1p3p1k/5qp1/4p3/2P4P/PP6/7K b - - 1 44,h6h7,0,black
24,89,5Q2/p6k/1p3p2/5qp1/4p3/2P4P/PP6/7K w - - 2 45,f8e7,0,white
24,90,8/p3Q2k/1p3p2/5qp1/4p3/2P4P/PP6/7K b - - 3 45,h7g6,0,black
24,91,8/p3Q3/1p3pk1/5qp1/4p3/2P4P/PP6/7K w - - 4 46,e7e8,0,white
24,92,4Q3/p7/1p3pk1/5qp1/4p3/2P4P/PP6/7K b - - 5 46,g6g7,0,black
24,93,4Q3/p5k1/1p3p2/5qp1/4p3/2P4P/PP6/7K w - - 6 47,e8e7,0,white
24,94,8/p3Q1k1/1p3p2/5qp1/4p3/2P4P/PP6/7K b - - 7 47,g7g6,0,black
24,95,8/p3Q3/1p3pk1/5qp1/4p3/2P4P/PP6/7K w - - 8 48,e7e8,0,white
24,96,4Q3/p7/1p3pk1/5qp1/4p3/2P4P/PP6/7K b - - 9 48,g6g7,0,black
24,97,4Q3/p5k1/1p3p2/5qp1/4p3/2P4P/PP6/7K w - - 10 49,e8e7,0,white
24,98,8/p3Q1k1/1p3p2/5qp1/4p3/2P4P/PP6/7K b - - 11 49,g7g6,0,black
24,99,8/p3Q3/1p3pk1/5qp1/4p3/2P4P/PP6/7K w - - 12 50,e7e8,0,white
24,100,4Q3/p7/1p3pk1/5qp1/4p3/2P4P/PP6/7K b - - 13 50,g6g7,0,black
24,101,4Q3/p5k1/1p3p2/5qp1/4p3/2P4P/PP6/7K w - - 14 51,e8e7,0,white
24,102,8/p3Q1k1/1p3p2/5qp1/4p3/2P4P/PP6/7K b - - 15 51,g7g6,0,black
24,103,8/p3Q3/1p3pk1/5qp1/4p3/2P4P/PP6/7K w - - 16 52,e7e8,0,white
24,104,4Q3/p7/1p3pk1/5qp1/4p3/2P4P/PP6/7K b - - 17 52,g6g7,0,black
24,105,4Q3/p5k1/1p3p2/5qp1/4p3/2P4P/PP6/7K w - - 18 53,e8e7,0,white
24,106,8/p3Q1k1/1p3p2/5qp1/4p3/2P4P/PP6/7K b - - 19 53,g7g8,0,black
24,107,6k1/p3Q3/1p3p2/5qp1/4p3/2P4P/PP6/7K w - - 20 54,e7e8,0,white
24,108,4Q1k1/p7/1p3p2/5qp1/4p3/2P4P/PP6/7K b - - 21 54,g8h7,0,black
24,109,4Q3/p6k/1p3p2/5qp1/4p3/2P4P/PP6/7K w - - 22 55,e8f7,0,white
24,110,8/p4Q1k/1p3p2/5qp1/4p3/2P4P/PP6/7K b - - 23 55,h7h6,0,black
24,111,8/p4Q2/1p3p1k/5qp1/4p3/2P4P/PP6/7K w - - 24 56,f7f8,0,white
24,112,5Q2/p7/1p3p1k/5qp1/4p3/2P4P/PP6/7K b - - 25 56,h6h5,0,black
24,113,5Q2/p7/1p3p2/5qpk/4p3/2P4P/PP6/7K w - - 26 57,f8h8,0,white
24,114,7Q/p7/1p3p2/5qpk/4p3/2P4P/PP6/7K b - - 27 57,h5g6,0,black
24,115,7Q/p7/1p3pk1/5qp1/4p3/2P4P/PP6/7K w - - 28 58,h8g8,0,white
24,116,6Q1/p7/1p3pk1/5qp1/4p3/2P4P/PP6/7K b - - 29 58,g6h6,0,black
24,117,6Q1/p7/1p3p1k/5qp1/4p3/2P4P/PP6/7K w - - 30 59,g8f8,0,white
24,118,5Q2/p7/1p3p1k/5qp1/4p3/2P4P/PP6/7K b - - 31 59,h6h7,0,black
24,119,5Q2/p6k/1p3p2/5qp1/4p3/2P4P/PP6/7K w - - 32 60,f8e7,0,white
24,120,8/p3Q2k/1p3p2/5qp1/4p3/2P4P/PP6/7K b - - 33 60,h7g6,0,black
25,1,rnbqkbnr/pppppppp/8/8/8/8/PPPPPPPP/RNBQKBNR w KQkq - 0 1,e2e4,19,white
25,2,rnbqkbnr/pppppppp/8/8/4P3/8/PPPP1PPP/RNBQKBNR b KQkq - 0 1,e7e6,-33,black
25,3,rnbqkbnr/pppp1ppp/4p3/8/4P3/8/PPPP1PPP/RNBQKBNR w KQkq - 0 2,d2d4,30,white
25,4,rnbqkbnr/pppp1ppp/4p3/8/3PP3/8/PPP2PPP/RNBQKBNR b KQkq - 0 2,d7d5,-22,black
25,5,rnbqkbnr/ppp2ppp/4p3/3p4/3PP3/8/PPP2PPP/RNBQKBNR w KQkq - 0 3,b1c3,33,white
25,6,rnbqkbnr/ppp2ppp/4p3/3p4/3PP3/2N5/PPP2PPP/R1BQKBNR b KQkq - 1 3,g8f6,-29,black
25,7,rnbqkb1r/ppp2ppp/4pn2/3p4/3PP3/2N5/PPP2PPP/R1BQKBNR w KQkq - 2 4,e4e5,36,white
25,8,rnbqkb1r/ppp2ppp/4pn2/3pP3/3P4/2N5/PPP2PPP/R1BQKBNR b KQkq - 0 4,f6d7,-33,black
25,9,rnbqkb1r/pppn1ppp/4p3/3pP3/3P4/2N5/PPP2PPP/R1BQKBNR w KQkq - 1 5,f2f4,36,white
25,10,rnbqkb1r/pppn1ppp/4p3/3pP3/3P1P2/2N5/PPP3PP/R1BQKBNR b KQkq - 0 5,c7c5,-42,black
25,11,rnbqkb1r/pp1n1ppp/4p3/2ppP3/3P1P2/2N5/PPP3PP/R1BQKBNR w KQkq - 0 6,g1f3,43,white
25,12,rnbqkb1r/pp1n1ppp/4p3/2ppP3/3P1P2/2N2N2/PPP3PP/R1BQKB1R b KQkq - 1 6,b8c6,-45,black
25,13,r1bqkb1r/pp1n1ppp/2n1p3/2ppP3/3P1P2/2N2N2/PPP3PP/R1BQKB1R w KQkq - 2 7,c1e3,37,white
25,14,r1bqkb1r/pp1n1ppp/2n1p3/2ppP3/3P1P2/2N1BN2/PPP3PP/R2QKB1R b KQkq - 3 7,a7a6,-41,black
25,15,r1bqkb1r/1p1n1ppp/p1n1p3/2ppP3/3P1P2/2N1BN2/PPP3PP/R2QKB1R w KQkq - 0 8,d1d2,39,white
25,16,r1bqkb1r/1p1n1ppp/p1n1p3/2ppP3/3P1P2/2N1BN2/PPPQ2PP/R3KB1R b KQkq - 1 8,f8e7,-36,black
25,17,r1bqk2r/1p1nbppp/p1n1p3/2ppP3/3P1P2/2N1BN2/PPPQ2PP/R3KB1R w KQkq - 2 9,d4c5,36,white
25,18,r1bqk2r/1p1nbppp/p1n1p3/2PpP3/5P2/2N1BN2/PPPQ2PP/R3KB1R b KQkq - 0 9,d7c5,-34,black
25,19,r1bqk2r/1p2bppp/p1n1p3/2npP3/5P2/2N1BN2/PPPQ2PP/R3KB1R w KQkq - 0 10,a2a3,40,white
25,20,r1bqk2r/1p2bppp/p1n1p3/2npP3/5P2/P1N1BN2/1PPQ2PP/R3KB1R b KQkq - 0 10,e8g8,-41,black
25,21,r1bq1rk1/1p2bppp/p1n1p3/2npP3/5P2/P1N1BN2/1PPQ2PP/R3KB1R w KQ - 1 11,d2f2,34,white
25,22,r1bq1rk1/1p2bppp/p1n1p3/2npP3/5P2/P1N1BN2/1PP2QPP/R3KB1R b KQ - 2 11,d8a5,-37,black
25,23,r1b2rk1/1p2bppp/p1n1p3/q1npP3/5P2/P1N1BN2/1PP2QPP/R3KB1R w KQ - 3 12,e1c1,31,white
25,24,r1b2rk1/1p2bppp/p1n1p3/q1npP3/5P2/P1N1BN2/1PP2QPP/2KR1B1R b - - 4 12,a8b8,-37,black
25,25,1rb2rk1/1p2bppp/p1n1p3/q1npP3/5P2/P1N1BN2/1PP2QPP/2KR1B1R w - - 5 13,c1b1,43,white
25,26,1rb2rk1/1p2bppp/p1n1p3/q1npP3/5P2/P1N1BN2/1PP2QPP/1K1R1B1R b - - 6 13,c8d7,-44,black
25,27,1r3rk1/1p1bbppp/p1n1p3/q1npP3/5P2/P1N1BN2/1PP2QPP/1K1R1B1R w - - 7 14,h2h4,82,white
25,28,1r3rk1/1p1bbppp/p1n1p3/q1npP3/5P1P/P1N1BN2/1PP2QP1/1K1R1B1R b - - 0 14,c5a4,-105,black
25,29,1r3rk1/1p1bbppp/p1n1p3/q2pP3/n4P1P/P1N1BN2/1PP2QP1/1K1R1B1R w - - 1 15,c3a4,105,white
25,30,1r3rk1/1p1bbppp/p1n1p3/q2pP3/N4P1P/P3BN2/1PP2QP1/1K1R1B1R b - - 0 15,a5a4,-123,black
25,31,1r3rk1/1p1bbppp/p1n1p3/3pP3/q4P1P/P3BN2/1PP2QP1/1K1R1B1R w - - 0 16,f1d3,127,white
25,32,1r3rk1/1p1bbppp/p1n1p3/3pP3/q4P1P/P2BBN2/1PP2QP1/1K1R3R b - - 1 16,h7h6,-111,black
25,33,1r3rk1/1p1bbpp1/p1n1p2p/3pP3/q4P1P/P2BBN2/1PP2QP1/1K1R3R w - - 0 17,f3d4,113,white
25,34,1r3rk1/1p1bbpp1/p1n1p2p/3pP3/q2N1P1P/P2BB3/1PP2QP1/1K1R3R b - - 1 17,c6d4,-131,black
25,35,1r3rk1/1p1bbpp1/p3p2p/3pP3/q2n1P1P/P2BB3/1PP2QP1/1K1R3R w - - 0 18,e3d4,137,white
25,36,1r3rk1/1p1bbpp1/p3p2p/3pP3/q2B1P1P/P2B4/1PP2QP1/1K1R3R b - - 0 18,b7b5,-109,black
25,37,1r3rk1/3bbpp1/p3p2p/1p1pP3/q2B1P1P/P2B4/1PP2QP1/1K1R3R w - - 0 19,g2g4,97,white
25,38,1r3rk1/3bbpp1/p3p2p/1p1pP3/q2B1PPP/P2B4/1PP2Q2/1K1R3R b - - 0 19,b5b4,-104,black
25,39,1r3rk1/3bbpp1/p3p2p/3pP3/qp1B1PPP/P2B4/1PP2Q2/1K1R3R w - - 0 20,f4f5,129,white
25,40,1r3rk1/3bbpp1/p3p2p/3pPP2/qp1B2PP/P2B4/1PP2Q2/1K1R3R b - - 0 20,b4a3,-142,black
25,41,1r3rk1/3bbpp1/p3p2p/3pPP2/q2B2PP/p2B4/1PP2Q2/1K1R3R w - - 0 21,b2b3,47,white
25,42,1r3rk1/3bbpp1/p3p2p/3pPP2/q2B2PP/pP1B4/2P2Q2/1K1R3R b - - 0 21,f8c8,-50,black
25,43,1rr3k1/3bbpp1/p3p2p/3pPP2/q2B2PP/pP1B4/2P2Q2/1K1R3R w - - 1 22,b1a2,41,white
25,44,1rr3k1/3bbpp1/p3p2p/3pPP2/q2B2PP/pP1B4/K1P2Q2/3R3R b - - 2 22,a4b4,-55,black
25,45,1rr3k1/3bbpp1/p3p2p/3pPP2/1q1B2PP/pP1B4/K1P2Q2/3R3R w - - 3 23,g4g5,53,white
25,46,1rr3k1/3bbpp1/p3p2p/3pPPP1/1q1B3P/pP1B4/K1P2Q2/3R3R b - - 0 23,e7c5,-47,black
25,47,1rr3k1/3b1pp1/p3p2p/2bpPPP1/1q1B3P/pP1B4/K1P2Q2/3R3R w - - 1 24,d4c5,33,white
25,48,1rr3k1/3b1pp1/p3p2p/2BpPPP1/1q5P/pP1B4/K1P2Q2/3R3R b - - 0 24,b4c5,-25,black
25,49,1rr3k1/3b1pp1/p3p2p/2qpPPP1/7P/pP1B4/K1P2Q2/3R3R w - - 0 25,f2c5,28,white
25,50,1rr3k1/3b1pp1/p3p2p/2QpPPP1/7P/pP1B4/K1P5/3R3R b - - 0 25,c8c5,-41,black
25,51,1r4k1/3b1pp1/p3p2p/2rpPPP1/7P/pP1B4/K1P5/3R3R w - - 0 26,g5h6,27,white
25,52,1r4k1/3b1pp1/p3p2P/2rpPP2/7P/pP1B4/K1P5/3R3R b - - 0 26,e6f5,-29,black
25,53,1r4k1/3b1pp1/p6P/2rpPp2/7P/pP1B4/K1P5/3R3R w - - 0 27,h6g7,21,white
25,54,1r4k1/3b1pP1/p7/2rpPp2/7P/pP1B4/K1P5/3R3R b - - 0 27,g8g7,-16,black
25,55,1r6/3b1pk1/p7/2rpPp2/7P/pP1B4/K1P5/3R3R w - - 0 28,h4h5,15,white
25,56,1r6/3b1pk1/p7/2rpPp1P/8/pP1B4/K1P5/3R3R b - - 0 28,g7h6,-12,black
25,57,1r6/3b1p2/p6k/2rpPp1P/8/pP1B4/K1P5/3R3R w - - 1 29,h1f1,7,white
25,58,1r6/3b1p2/p6k/2rpPp1P/8/pP1B4/K1P5/3R1R2 b - - 2 29,d5d4,-9,black
25,59,1r6/3b1p2/p6k/2r1Pp1P/3p4/pP1B4/K1P5/3R1R2 w - - 0 30,d1d2,9,white
25,60,1r6/3b1p2/p6k/2r1Pp1P/3p4/pP1B4/K1PR4/5R2 b - - 1 30,b8c8,-8,black
25,61,2r5/3b1p2/p6k/2r1Pp1P/3p4/pP1B4/K1PR4/5R2 w - - 2 31,f1f4,10,white
25,62,2r5/3b1p2/p6k/2r1Pp1P/3p1R2/pP1B4/K1PR4/8 b - - 3 31,a6a5,-3,black
25,63,2r5/3b1p2/7k/p1r1Pp1P/3p1R2/pP1B4/K1PR4/8 w - - 0 32,f4d4,2,white
25,64,2r5/3b1p2/7k/p1r1Pp1P/3R4/pP1B4/K1PR4/8 b - - 0 32,d7e6,0,black
25,65,2r5/5p2/4b2k/p1r1Pp1P/3R4/pP1B4/K1PR4/8 w - - 1 33,d2e2,2,white
25,66,2r5/5p2/4b2k/p1r1Pp1P/3R4/pP1B4/K1P1R3/8 b - - 2 33,c8g8,-2,black
25,67,6r1/5p2/4b2k/p1r1Pp1P/3R4/pP1B4/K1P1R3/8 w - - 3 34,d4d6,0,white
25,68,6r1/5p2/3Rb2k/p1r1Pp1P/8/pP1B4/K1P1R3/8 b - - 4 34,g8g5,-1,black
25,69,8/5p2/3Rb2k/p1r1PprP/8/pP1B4/K1P1R3/8 w - - 5 35,d3c4,1,white
25,70,8/5p2/3Rb2k/p1r1PprP/2B5/pP6/K1P1R3/8 b - - 6 35,c5c4,-1,black
25,71,8/5p2/3Rb2k/p3PprP/2r5/pP6/K1P1R3/8 w - - 0 36,b3c4,0,white
25,72,8/5p2/3Rb2k/p3PprP/2P5/p7/K1P1R3/8 b - - 0 36,h6h5,0,black
25,73,8/5p2/3Rb3/p3Pprk/2P5/p7/K1P1R3/8 w - - 0 37,e2h2,0,white
25,74,8/5p2/3Rb3/p3Pprk/2P5/p7/K1P4R/8 b - - 1 37,h5g4,0,black
25,75,8/5p2/3Rb3/p3Ppr1/2P3k1/p7/K1P4R/8 w - - 2 38,d6e6,0,white
25,76,8/5p2/4R3/p3Ppr1/2P3k1/p7/K1P4R/8 b - - 0 38,f7e6,0,black
25,77,8/8/4p3/p3Ppr1/2P3k1/p7/K1P4R/8 w - - 0 39,h2g2,0,white
25,78,8/8/4p3/p3Ppr1/2P3k1/p7/K1P3R1/8 b - - 1 39,g4f4,0,black
25,79,8/8/4p3/p3Ppr1/2P2k2/p7/K1P3R1/8 w - - 2 40,g2g5,0,white
25,80,8/8/4p3/p3PpR1/2P2k2/p7/K1P5/8 b - - 0 40,f4g5,0,black
25,81,8/8/4p3/p3Ppk1/2P5/p7/K1P5/8 w - - 0 41,c4c5,0,white
25,82,8/8/4p3/p1P1Ppk1/8/p7/K1P5/8 b - - 0 41,f5f4,0,black
25,83,8/8/4p3/p1P1P1k1/5p2/p7/K1P5/8 w - - 0 42,c5c6,0,white
25,84,8/8/2P1p3/p3P1k1/5p2/p7/K1P5/8 b - - 0 42,f4f3,0,black
25,85,8/8/2P1p3/p3P1k1/8/p4p2/K1P5/8 w - - 0 43,c6c7,0,white
25,86,8/2P5/4p3/p3P1k1/8/p4p2/K1P5/8 b - - 0 43,f3f2,0,black
25,87,8/2P5/4p3/p3P1k1/8/p7/K1P2p2/8 w - - 0 44,c7c8q,0,white
25,88,2Q5/8/4p3/p3P1k1/8/p7/K1P2p2/8 b - - 0 44,f2f1q,0,black
25,89,2Q5/8/4p3/p3P1k1/8/p7/K1P5/5q2 w - - 0 45,c8g8,0,white
25,90,6Q1/8/4p3/p3P1k1/8/p7/K1P5/5q2 b - - 1 45,g5h5,0,black
25,91,6Q1/8/4p3/p3P2k/8/p7/K1P5/5q2 w - - 2 46,g8e8,0,white
25,92,4Q3/8/4p3/p3P2k/8/p7/K1P5/5q2 b - - 3 46,h5g5,0,black
25,93,4Q3/8/4p3/p3P1k1/8/p7/K1P5/5q2 w - - 4 47,e8e7,0,white
25,94,8/4Q3/4p3/p3P1k1/8/p7/K1P5/5q2 b - - 5 47,g5h5,0,black
25,95,8/4Q3/4p3/p3P2k/8/p7/K1P5/5q2 w - - 6 48,e7h7,0,white
25,96,8/7Q/4p3/p3P2k/8/p7/K1P5/5q2 b - - 7 48,h5g5,0,black
25,97,8/7Q/4p3/p3P1k1/8/p7/K1P5/5q2 w - - 8 49,h7e7,0,white
25,98,8/4Q3/4p3/p3P1k1/8/p7/K1P5/5q2 b - - 9 49,g5h5,0,black
25,99,8/4Q3/4p3/p3P2k/8/p7/K1P5/5q2 w - - 10 50,e7h7,0,white
25,100,8/7Q/4p3/p3P2k/8/p7/K1P5/5q2 b - - 11 50,h5g5,0,black
25,101,8/7Q/4p3/p3P1k1/8/p7/K1P5/5q2 w - - 12 51,h7g7,0,white
25,102,8/6Q1/4p3/p3P1k1/8/p7/K1P5/5q2 b - - 13 51,g5h5,0,black
25,103,8/6Q1/4p3/p3P2k/8/p7/K1P5/5q2 w - - 14 52,g7h8,0,white
25,104,7Q/8/4p3/p3P2k/8/p7/K1P5/5q2 b - - 15 52,h5g6,0,black
25,105,7Q/8/4p1k1/p3P3/8/p7/K1P5/5q2 w - - 16 53,h8g8,0,white
25,106,6Q1/8/4p1k1/p3P3/8/p7/K1P5/5q2 b - - 17 53,g6h5,0,black
25,107,6Q1/8/4p3/p3P2k/8/p7/K1P5/5q2 w - - 18 54,g8e8,0,white
25,108,4Q3/8/4p3/p3P2k/8/p7/K1P5/5q2 b - - 19 54,h5g5,0,black
25,109,4Q3/8/4p3/p3P1k1/8/p7/K1P5/5q2 w - - 20 55,e8e6,0,white
25,110,8/8/4Q3/p3P1k1/8/p7/K1P5/5q2 b - - 0 55,f1f5,0,black
25,111,8/8/4Q3/p3Pqk1/8/p7/K1P5/8 w - - 1 56,e6c6,0,white
25,112,8/8/2Q5/p3Pqk1/8/p7/K1P5/8 b - - 2 56,f5e5,-2,black
25,113,8/8/2Q5/p3q1k1/8/p7/K1P5/8 w - - 0 57,c2c3,0,white
25,114,8/8/2Q5/p3q1k1/8/p1P5/K7/8 b - - 0 57,e5e1,0,black
25,115,8/8/2Q5/p5k1/8/p1P5/K7/4q3 w - - 1 58,c6d5,0,white
25,116,8/8/8/p2Q2k1/8/p1P5/K7/4q3 b - - 2 58,g5g6,0,black
25,117,8/8/6k1/p2Q4/8/p1P5/K7/4q3 w - - 3 59,d5a5,0,white
25,118,8/8/6k1/Q7/8/p1P5/K7/4q3 b - - 0 59,e1c1,0,black
25,119,8/8/6k1/Q7/8/p1P5/K7/2q5 w - - 1 60,a5b6,0,white
25,120,8/8/1Q4k1/8/8/p1P5/K7/2q5 b - - 2 60,g6g5,0,black
25,121,8/8/1Q6/6k1/8/p1P5/K7/2q5 w - - 3 61,b6b3,0,white
25,122,8/8/8/6k1/8/pQP5/K7/2q5 b - - 4 61,g5f5,0,black
25,123,8/8/8/5k2/8/pQP5/K7/2q5 w - - 5 62,b3a3,0,white
25,124,8/8/8/5k2/8/Q1P5/K7/2q5 b - - 0 62,c1c2,0,black
25,125,8/8/8/5k2/8/Q1P5/K1q5/8 w - - 1 63,a3b2,0,white
25,126,8/8/8/5k2/8/2P5/KQq5/8 b - - 2 63,c2a4,0,black
25,127,8/8/8/5k2/q7/2P5/KQ6/8 w - - 3 64,b2a3,0,white
25,128,8/8/8/5k2/q7/Q1P5/K7/8 b - - 4 64,a4c2,0,black
25,129,8/8/8/5k2/8/Q1P5/K1q5/8 w - - 5 65,a2a1,0,white
25,130,8/8/8/5k2/8/Q1P5/2q5/K7 b - - 6 65,c2d1,0,black
25,131,8/8/8/5k2/8/Q1P5/8/K2q4 w - - 7 66,a1b2,0,white
25,132,8/8/8/5k2/8/Q1P5/1K6/3q4 b - - 8 66,d1e2,0,black
25,133,8/8/8/5k2/8/Q1P5/1K2q3/8 w - - 9 67,b2a1,0,white
25,134,8/8/8/5k2/8/Q1P5/4q3/K7 b - - 10 67,e2d1,0,black
25,135,8/8/8/5k2/8/Q1P5/8/K2q4 w - - 11 68,a1b2,0,white
25,136,8/8/8/5k2/8/Q1P5/1K6/3q4 b - - 12 68,d1e2,0,black
25,137,8/8/8/5k2/8/Q1P5/1K2q3/8 w - - 13 69,b2c1,0,white
25,138,8/8/8/5k2/8/Q1P5/4q3/2K5 b - - 14 69,e2e3,0,black
25,139,8/8/8/5k2/8/Q1P1q3/8/2K5 w - - 15 70,c1c2,0,white
25,140,8/8/8/5k2/8/Q1P1q3/2K5/8 b - - 16 70,e3e2,0,black
25,141,8/8/8/5k2/8/Q1P5/2K1q3/8 w - - 17 71,c2b1,0,white
25,142,8/8/8/5k2/8/Q1P5/4q3/1K6 b - - 18 71,e2d1,0,black
25,143,8/8/8/5k2/8/Q1P5/8/1K1q4 w - - 19 72,a3c1,0,white
25,144,8/8/8/5k2/8/2P5/8/1KQq4 b - - 20 72,d1b3,0,black
25,145,8/8/8/5k2/8/1qP5/8/1KQ5 w - - 21 73,c1b2,0,white
25,146,8/8/8/5k2/8/1qP5/1Q6/1K6 b - - 22 73,b3d1,0,black
25,147,8/8/8/5k2/8/2P5/1Q6/1K1q4 w - - 23 74,b2c1,0,white
25,148,8/8/8/5k2/8/2P5/8/1KQq4 b - - 24 74,d1b3,0,black
25,149,8/8/8/5k2/8/1qP5/8/1KQ5 w - - 25 75,b1a1,0,white
25,150,8/8/8/5k2/8/1qP5/8/K1Q5 b - - 26 75,b3a4,0,black
26,1,rnbqkbnr/pppppppp/8/8/8/8/PPPPPPPP/RNBQKBNR w KQkq - 0 1,e2e4,31,white
26,2,rnbqkbnr/pppppppp/8/8/4P3/8/PPPP1PPP/RNBQKBNR b KQkq - 0 1,e7e5,-32,black
26,3,rnbqkbnr/pppp1ppp/8/4p3/4P3/8/PPPP1PPP/RNBQKBNR w KQkq - 0 2,g1f3,21,white
26,4,rnbqkbnr/pppp1ppp/8/4p3/4P3/5N2/PPPP1PPP/RNBQKB1R b KQkq - 1 2,b8c6,-20,black
26,5,r1bqkbnr/pppp1ppp/2n5/4p3/4P3/5N2/PPPP1PPP/RNBQKB1R w KQkq - 2 3,f1b5,20,white
26,6,r1bqkbnr/pppp1ppp/2n5/1B2p3/4P3/5N2/PPPP1PPP/RNBQK2R b KQkq - 3 3,g8f6,-24,black
26,7,r1bqkb1r/pppp1ppp/2n2n2/1B2p3/4P3/5N2/PPPP1PPP/RNBQK2R w KQkq - 4 4,e1g1,16,white
26,8,r1bqkb1r/pppp1ppp/2n2n2/1B2p3/4P3/5N2/PPPP1PPP/RNBQ1RK1 b kq - 5 4,f6e4,-16,black
26,9,r1bqkb1r/pppp1ppp/2n5/1B2p3/4n3/5N2/PPPP1PPP/RNBQ1RK1 w kq - 0 5,f1e1,15,white
26,10,r1bqkb1r/pppp1ppp/2n5/1B2p3/4n3/5N2/PPPP1PPP/RNBQR1K1 b kq - 1 5,e4d6,-17,black
26,11,r1bqkb1r/pppp1ppp/2nn4/1B2p3/8/5N2/PPPP1PPP/RNBQR1K1 w kq - 2 6,f3e5,15,white
26,12,r1bqkb1r/pppp1ppp/2nn4/1B2N3/8/8/PPPP1PPP/RNBQR1K1 b kq - 0 6,f8e7,-23,black
26,13,r1bqk2r/ppppbppp/2nn4/1B2N3/8/8/PPPP1PPP/RNBQR1K1 w kq - 1 7,b5f1,21,white
26,14,r1bqk2r/ppppbppp/2nn4/4N3/8/8/PPPP1PPP/RNBQRBK1 b kq - 2 7,c6e5,-13,black
26,15,r1bqk2r/ppppbppp/3n4/4n3/8/8/PPPP1PPP/RNBQRBK1 w kq - 0 8,e1e5,11,white
26,16,r1bqk2r/ppppbppp/3n4/4R3/8/8/PPPP1PPP/RNBQ1BK1 b kq - 0 8,e8g8,-13,black
26,17,r1bq1rk1/ppppbppp/3n4/4R3/8/8/PPPP1PPP/RNBQ1BK1 w - - 1 9,d2d4,10,white
26,18,r1bq1rk1/ppppbppp/3n4/4R3/3P4/8/PPP2PPP/RNBQ1BK1 b - - 0 9,e7f6,-13,black
26,19,r1bq1rk1/pppp1ppp/3n1b2/4R3/3P4/8/PPP2PPP/RNBQ1BK1 w - - 1 10,e5e1,13,white
26,20,r1bq1rk1/pppp1ppp/3n1b2/8/3P4/8/PPP2PPP/RNBQRBK1 b - - 2 10,f8e8,-8,black
26,21,r1bqr1k1/pppp1ppp/3n1b2/8/3P4/8/PPP2PPP/RNBQRBK1 w - - 3 11,e1e8,7,white
26,22,r1bqR1k1/pppp1ppp/3n1b2/8/3P4/8/PPP2PPP/RNBQ1BK1 b - - 0 11,d6e8,-5,black
26,23,r1bqn1k1/pppp1ppp/5b2/8/3P4/8/PPP2PPP/RNBQ1BK1 w - - 0 12,d4d5,6,white
26,24,r1bqn1k1/pppp1ppp/5b2/3P4/8/8/PPP2PPP/RNBQ1BK1 b - - 0 12,d7d6,-5,black
26,25,r1bqn1k1/ppp2ppp/3p1b2/3P4/8/8/PPP2PPP/RNBQ1BK1 w - - 0 13,d1d3,5,white
26,26,r1bqn1k1/ppp2ppp/3p1b2/3P4/8/3Q4/PPP2PPP/RNB2BK1 b - - 1 13,g7g6,2,black
26,27,r1bqn1k1/ppp2p1p/3p1bp1/3P4/8/3Q4/PPP2PPP/RNB2BK1 w - - 0 14,a2a4,11,white
26,28,r1bqn1k1/ppp2p1p/3p1bp1/3P4/P7/3Q4/1PP2PPP/RNB2BK1 b - - 0 14,c8f5,-14,black
26,29,r2qn1k1/ppp2p1p/3p1bp1/3P1b2/P7/3Q4/1PP2PPP/RNB2BK1 w - - 1 15,d3d1,9,white
26,30,r2qn1k1/ppp2p1p/3p1bp1/3P1b2/P7/8/1PP2PPP/RNBQ1BK1 b - - 2 15,f6g7,-10,black
26,31,r2qn1k1/ppp2pbp/3p2p1/3P1b2/P7/8/1PP2PPP/RNBQ1BK1 w - - 3 16,a4a5,5,white
26,32,r2qn1k1/ppp2pbp/3p2p1/P2P1b2/8/8/1PP2PPP/RNBQ1BK1 b - - 0 16,h7h5,-2,black
26,33,r2qn1k1/ppp2pb1/3p2p1/P2P1b1p/8/8/1PP2PPP/RNBQ1BK1 w - - 0 17,c2c3,-4,white
26,34,r2qn1k1/ppp2pb1/3p2p1/P2P1b1p/8/2P5/1P3PPP/RNBQ1BK1 b - - 0 17,e8f6,8,black
26,35,r2q2k1/ppp2pb1/3p1np1/P2P1b1p/8/2P5/1P3PPP/RNBQ1BK1 w - - 1 18,b1a3,-10,white
26,36,r2q2k1/ppp2pb1/3p1np1/P2P1b1p/8/N1P5/1P3PPP/R1BQ1BK1 b - - 2 18,d8e7,12,black
26,37,r5k1/ppp1qpb1/3p1np1/P2P1b1p/8/N1P5/1P3PPP/R1BQ1BK1 w - - 3 19,c1g5,-30,white
26,38,r5k1/ppp1qpb1/3p1np1/P2P1bBp/8/N1P5/1P3PPP/R2Q1BK1 b - - 4 19,e7e5,17,black
26,39,r5k1/ppp2pb1/3p1np1/P2PqbBp/8/N1P5/1P3PPP/R2Q1BK1 w - - 5 20,g5f6,-31,white
26,40,r5k1/ppp2pb1/3p1Bp1/P2Pqb1p/8/N1P5/1P3PPP/R2Q1BK1 b - - 0 20,g7f6,22,black
26,41,r5k1/ppp2p2/3p1bp1/P2Pqb1p/8/N1P5/1P3PPP/R2Q1BK1 w - - 0 21,a3c4,-22,white
26,42,r5k1/ppp2p2/3p1bp1/P2Pqb1p/2N5/2P5/1P3PPP/R2Q1BK1 b - - 1 21,e5e4,23,black
26,43,r5k1/ppp2p2/3p1bp1/P2P1b1p/2N1q3/2P5/1P3PPP/R2Q1BK1 w - - 2 22,c4e3,-14,white
26,44,r5k1/ppp2p2/3p1bp1/P2P1b1p/4q3/2P1N3/1P3PPP/R2Q1BK1 b - - 3 22,f5d7,12,black
26,45,r5k1/pppb1p2/3p1bp1/P2P3p/4q3/2P1N3/1P3PPP/R2Q1BK1 w - - 4 23,d1d3,-17,white
26,46,r5k1/pppb1p2/3p1bp1/P2P3p/4q3/2PQN3/1P3PPP/R4BK1 b - - 5 23,e4e8,18,black
26,47,r3q1k1/pppb1p2/3p1bp1/P2P3p/8/2PQN3/1P3PPP/R4BK1 w - - 6 24,h2h3,-14,white
26,48,r3q1k1/pppb1p2/3p1bp1/P2P3p/8/2PQN2P/1P3PP1/R4BK1 b - - 0 24,a7a6,17,black
26,49,r3q1k1/1ppb1p2/p2p1bp1/P2P3p/8/2PQN2P/1P3PP1/R4BK1 w - - 0 25,d3c4,-24,white
26,50,r3q1k1/1ppb1p2/p2p1bp1/P2P3p/2Q5/2P1N2P/1P3PP1/R4BK1 b - - 1 25,e8b8,23,black
26,51,rq4k1/1ppb1p2/p2p1bp1/P2P3p/2Q5/2P1N2P/1P3PP1/R4BK1 w - - 2 26,g2g3,-28,white
26,52,rq4k1/1ppb1p2/p2p1bp1/P2P3p/2Q5/2P1N1PP/1P3P2/R4BK1 b - - 0 26,g8g7,9,black
26,53,rq6/1ppb1pk1/p2p1bp1/P2P3p/2Q5/2P1N1PP/1P3P2/R4BK1 w - - 1 27,h3h4,-23,white
26,54,rq6/1ppb1pk1/p2p1bp1/P2P3p/2Q4P/2P1N1P1/1P3P2/R4BK1 b - - 0 27,b7b5,20,black
26,55,rq6/2pb1pk1/p2p1bp1/Pp1P3p/2Q4P/2P1N1P1/1P3P2/R4BK1 w - b6 0 28,c4e4,-13,white
26,56,rq6/2pb1pk1/p2p1bp1/Pp1P3p/4Q2P/2P1N1P1/1P3P2/R4BK1 b - - 1 28,b8b7,18,black
26,57,r7/1qpb1pk1/p2p1bp1/Pp1P3p/4Q2P/2P1N1P1/1P3P2/R4BK1 w - - 2 29,e4c2,-13,white
26,58,r7/1qpb1pk1/p2p1bp1/Pp1P3p/7P/2P1N1P1/1PQ2P2/R4BK1 b - - 3 29,a8e8,8,black
26,59,4r3/1qpb1pk1/p2p1bp1/Pp1P3p/7P/2P1N1P1/1PQ2P2/R4BK1 w - - 4 30,c2d2,-11,white
26,60,4r3/1qpb1pk1/p2p1bp1/Pp1P3p/7P/2P1N1P1/1P1Q1P2/R4BK1 b - - 5 30,e8e5,9,black
26,61,8/1qpb1pk1/p2p1bp1/Pp1Pr2p/7P/2P1N1P1/1P1Q1P2/R4BK1 w - - 6 31,f1g2,0,white
26,62,8/1qpb1pk1/p2p1bp1/Pp1Pr2p/7P/2P1N1P1/1P1Q1PB1/R5K1 b - - 7 31,c7c5,-6,black
26,63,8/1q1b1pk1/p2p1bp1/PppPr2p/7P/2P1N1P1/1P1Q1PB1/R5K1 w - c6 0 32,d5c6,14,white
26,64,8/1q1b1pk1/p1Pp1bp1/Pp2r2p/7P/2P1N1P1/1P1Q1PB1/R5K1 b - - 0 32,d7c6,-15,black
26,65,8/1q3pk1/p1bp1bp1/Pp2r2p/7P/2P1N1P1/1P1Q1PB1/R5K1 w - - 0 33,g2c6,0,white
26,66,8/1q3pk1/p1Bp1bp1/Pp2r2p/7P/2P1N1P1/1P1Q1P2/R5K1 b - - 0 33,b7c6,0,black
26,67,8/5pk1/p1qp1bp1/Pp2r2p/7P/2P1N1P1/1P1Q1P2/R5K1 w - - 0 34,d2d1,0,white
26,68,8/5pk1/p1qp1bp1/Pp2r2p/7P/2P1N1P1/1P3P2/R2Q2K1 b - - 1 34,c6e4,0,black
26,69,8/5pk1/p2p1bp1/Pp2r2p/4q2P/2P1N1P1/1P3P2/R2Q2K1 w - - 2 35,d1d6,0,white
26,70,8/5pk1/p2Q1bp1/Pp2r2p/4q2P/2P1N1P1/1P3P2/R5K1 b - - 0 35,f6e7,0,black
26,71,8/4bpk1/p2Q2p1/Pp2r2p/4q2P/2P1N1P1/1P3P2/R5K1 w - - 1 36,d6a6,0,white
26,72,8/4bpk1/Q5p1/Pp2r2p/4q2P/2P1N1P1/1P3P2/R5K1 b - - 0 36,e7c5,0,black
26,73,8/5pk1/Q5p1/Ppb1r2p/4q2P/2P1N1P1/1P3P2/R5K1 w - - 1 37,a1e1,0,white
26,74,8/5pk1/Q5p1/Ppb1r2p/4q2P/2P1N1P1/1P3P2/4R1K1 b - - 2 37,c5e3,0,black
26,75,8/5pk1/Q5p1/Pp2r2p/4q2P/2P1b1P1/1P3P2/4R1K1 w - - 0 38,e1e3,0,white
26,76,8/5pk1/Q5p1/Pp2r2p/4q2P/2P1R1P1/1P3P2/6K1 b - - 0 38,e4b1,0,black
26,77,8/5pk1/Q5p1/Pp2r2p/7P/2P1R1P1/1P3P2/1q4K1 w - - 1 39,g1g2,0,white
26,78,8/5pk1/Q5p1/Pp2r2p/7P/2P1R1P1/1P3PK1/1q6 b - - 2 39,e5e3,0,black
26,79,8/5pk1/Q5p1/Pp5p/7P/2P1r1P1/1P3PK1/1q6 w - - 0 40,f2e3,0,white
26,80,8/5pk1/Q5p1/Pp5p/7P/2P1P1P1/1P4K1/1q6 b - - 0 40,b1c2,0,black
26,81,8/5pk1/Q5p1/Pp5p/7P/2P1P1P1/1Pq3K1/8 w - - 1 41,g2g1,0,white
26,82,8/5pk1/Q5p1/Pp5p/7P/2P1P1P1/1Pq5/6K1 b - - 2 41,c2b2,0,black
26,83,8/5pk1/Q5p1/Pp5p/7P/2P1P1P1/1q6/6K1 w - - 0 42,a6b6,0,white
26,84,8/5pk1/1Q4p1/Pp5p/7P/2P1P1P1/1q6/6K1 b - - 1 42,b2c1,0,black
26,85,8/5pk1/1Q4p1/Pp5p/7P/2P1P1P1/8/2q3K1 w - - 2 43,g1f2,0,white
26,86,8/5pk1/1Q4p1/Pp5p/7P/2P1P1P1/5K2/2q5 b - - 3 43,c1c2,0,black
26,87,8/5pk1/1Q4p1/Pp5p/7P/2P1P1P1/2q2K2/8 w - - 4 44,f2f3,0,white
26,88,8/5pk1/1Q4p1/Pp5p/7P/2P1PKP1/2q5/8 b - - 5 44,c2f5,0,black
26,89,8/5pk1/1Q4p1/Pp3q1p/7P/2P1PKP1/8/8 w - - 6 45,f3e2,0,white
26,90,8/5pk1/1Q4p1/Pp3q1p/7P/2P1P1P1/4K3/8 b - - 7 45,f5c2,0,black
26,91,8/5pk1/1Q4p1/Pp5p/7P/2P1P1P1/2q1K3/8 w - - 8 46,e2f3,0,white
26,92,8/5pk1/1Q4p1/Pp5p/7P/2P1PKP1/2q5/8 b - - 9 46,c2f5,0,black
26,93,8/5pk1/1Q4p1/Pp3q1p/7P/2P1PKP1/8/8 w - - 10 47,f3g2,0,white
26,94,8/5pk1/1Q4p1/Pp3q1p/7P/2P1P1P1/6K1/8 b - - 11 47,f5c2,0,black
26,95,8/5pk1/1Q4p1/Pp5p/7P/2P1P1P1/2q3K1/8 w - - 12 48,g2h3,0,white
26,96,8/5pk1/1Q4p1/Pp5p/7P/2P1P1PK/2q5/8 b - - 13 48,c2f5,0,black
26,97,8/5pk1/1Q4p1/Pp3q1p/7P/2P1P1PK/8/8 w - - 14 49,h3g2,0,white
26,98,8/5pk1/1Q4p1/Pp3q1p/7P/2P1P1P1/6K1/8 b - - 15 49,f5c2,0,black
26,99,8/5pk1/1Q4p1/Pp5p/7P/2P1P1P1/2q3K1/8 w - - 16 50,g2g1,0,white
26,100,8/5pk1/1Q4p1/Pp5p/7P/2P1P1P1/2q5/6K1 b - - 17 50,c2c1,0,black
26,101,8/5pk1/1Q4p1/Pp5p/7P/2P1P1P1/8/2q3K1 w - - 18 51,g1f2,0,white
26,102,8/5pk1/1Q4p1/Pp5p/7P/2P1P1P1/5K2/2q5 b - - 19 51,c1c2,0,black
26,103,8/5pk1/1Q4p1/Pp5p/7P/2P1P1P1/2q2K2/8 w - - 20 52,f2f3,0,white
26,104,8/5pk1/1Q4p1/Pp5p/7P/2P1PKP1/2q5/8 b - - 21 52,c2f5,0,black
26,105,8/5pk1/1Q4p1/Pp3q1p/7P/2P1PKP1/8/8 w - - 22 53,f3g2,0,white
26,106,8/5pk1/1Q4p1/Pp3q1p/7P/2P1P1P1/6K1/8 b - - 23 53,f5c2,0,black
26,107,8/5pk1/1Q4p1/Pp5p/7P/2P1P1P1/2q3K1/8 w - - 24 54,g2f3,0,white
26,108,8/5pk1/1Q4p1/Pp5p/7P/2P1PKP1/2q5/8 b - - 25 54,c2f5,0,black
26,109,8/5pk1/1Q4p1/Pp3q1p/7P/2P1PKP1/8/8 w - - 26 55,f3e2,0,white
26,110,8/5pk1/1Q4p1/Pp3q1p/7P/2P1P1P1/4K3/8 b - - 27 55,f5c2,0,black
26,111,8/5pk1/1Q4p1/Pp5p/7P/2P1P1P1/2q1K3/8 w - - 28 56,e2f3,0,white
27,1,rnbqkbnr/pppppppp/8/8/8/8/PPPPPPPP/RNBQKBNR w KQkq - 0 1,e2e4,21,white
27,2,rnbqkbnr/pppppppp/8/8/4P3/8/PPPP1PPP/RNBQKBNR b KQkq - 0 1,e7e5,-23,black
27,3,rnbqkbnr/pppp1ppp/8/4p3/4P3/8/PPPP1PPP/RNBQKBNR w KQkq - 0 2,g1f3,24,white
27,4,rnbqkbnr/pppp1ppp/8/4p3/4P3/5N2/PPPP1PPP/RNBQKB1R b KQkq - 1 2,b8c6,-21,black
27,5,r1bqkbnr/pppp1ppp/2n5/4p3/4P3/5N2/PPPP1PPP/RNBQKB1R w KQkq - 2 3,f1c4,16,white
27,6,r1bqkbnr/pppp1ppp/2n5/4p3/2B1P3/5N2/PPPP1PPP/RNBQK2R b KQkq - 3 3,f8c5,-16,black
27,7,r1bqk1nr/pppp1ppp/2n5/2b1p3/2B1P3/5N2/PPPP1PPP/RNBQK2R w KQkq - 4 4,b1c3,6,white
27,8,r1bqk1nr/pppp1ppp/2n5/2b1p3/2B1P3/2N2N2/PPPP1PPP/R1BQK2R b KQkq - 5 4,g8f6,-2,black
27,9,r1bqk2r/pppp1ppp/2n2n2/2b1p3/2B1P3/2N2N2/PPPP1PPP/R1BQK2R w KQkq - 6 5,d2d3,9,white
27,10,r1bqk2r/pppp1ppp/2n2n2/2b1p3/2B1P3/2NP1N2/PPP2PPP/R1BQK2R b KQkq - 0 5,h7h6,-13,black
27,11,r1bqk2r/pppp1pp1/2n2n1p/2b1p3/2B1P3/2NP1N2/PPP2PPP/R1BQK2R w KQkq - 0 6,a2a3,9,white
27,12,r1bqk2r/pppp1pp1/2n2n1p/2b1p3/2B1P3/P1NP1N2/1PP2PPP/R1BQK2R b KQkq - 0 6,a7a6,-8,black
27,13,r1bqk2r/1ppp1pp1/p1n2n1p/2b1p3/2B1P3/P1NP1N2/1PP2PPP/R1BQK2R w KQkq - 0 7,e1g1,16,white
27,14,r1bqk2r/1ppp1pp1/p1n2n1p/2b1p3/2B1P3/P1NP1N2/1PP2PPP/R1BQ1RK1 b kq - 1 7,d7d6,-9,black
27,15,r1bqk2r/1pp2pp1/p1np1n1p/2b1p3/2B1P3/P1NP1N2/1PP2PPP/R1BQ1RK1 w kq - 0 8,c1e3,9,white
27,16,r1bqk2r/1pp2pp1/p1np1n1p/2b1p3/2B1P3/P1NPBN2/1PP2PPP/R2Q1RK1 b kq - 1 8,e8g8,-8,black
27,17,r1bq1rk1/1pp2pp1/p1np1n1p/2b1p3/2B1P3/P1NPBN2/1PP2PPP/R2Q1RK1 w - - 2 9,e3c5,17,white
27,18,r1bq1rk1/1pp2pp1/p1np1n1p/2B1p3/2B1P3/P1NP1N2/1PP2PPP/R2Q1RK1 b - - 0 9,d6c5,-4,black
27,19,r1bq1rk1/1pp2pp1/p1n2n1p/2p1p3/2B1P3/P1NP1N2/1PP2PPP/R2Q1RK1 w - - 0 10,c3d5,10,white
27,20,r1bq1rk1/1pp2pp1/p1n2n1p/2pNp3/2B1P3/P2P1N2/1PP2PPP/R2Q1RK1 b - - 1 10,f8e8,-7,black
27,21,r1bqr1k1/1pp2pp1/p1n2n1p/2pNp3/2B1P3/P2P1N2/1PP2PPP/R2Q1RK1 w - - 2 11,d5e3,2,white
27,22,r1bqr1k1/1pp2pp1/p1n2n1p/2p1p3/2B1P3/P2PNN2/1PP2PPP/R2Q1RK1 b - - 3 11,b7b5,17,black
27,23,r1bqr1k1/2p2pp1/p1n2n1p/1pp1p3/2B1P3/P2PNN2/1PP2PPP/R2Q1RK1 w - - 0 12,c4a2,-6,white
27,24,r1bqr1k1/2p2pp1/p1n2n1p/1pp1p3/4P3/P2PNN2/BPP2PPP/R2Q1RK1 b - - 1 12,c6d4,-1,black
27,25,r1bqr1k1/2p2pp1/p4n1p/1pp1p3/3nP3/P2PNN2/BPP2PPP/R2Q1RK1 w - - 2 13,c2c3,6,white
27,26,r1bqr1k1/2p2pp1/p4n1p/1pp1p3/3nP3/P1PPNN2/BP3PPP/R2Q1RK1 b - - 0 13,d4f3,-4,black
27,27,r1bqr1k1/2p2pp1/p4n1p/1pp1p3/4P3/P1PPNn2/BP3PPP/R2Q1RK1 w - - 0 14,d1f3,14,white
27,28,r1bqr1k1/2p2pp1/p4n1p/1pp1p3/4P3/P1PPNQ2/BP3PPP/R4RK1 b - - 0 14,c7c6,-14,black
27,29,r1bqr1k1/5pp1/p1p2n1p/1pp1p3/4P3/P1PPNQ2/BP3PPP/R4RK1 w - - 0 15,a1d1,19,white
27,30,r1bqr1k1/5pp1/p1p2n1p/1pp1p3/4P3/P1PPNQ2/BP3PPP/3R1RK1 b - - 1 15,a8a7,-15,black
27,31,2bqr1k1/r4pp1/p1p2n1p/1pp1p3/4P3/P1PPNQ2/BP3PPP/3R1RK1 w - - 2 16,h2h3,6,white
27,32,2bqr1k1/r4pp1/p1p2n1p/1pp1p3/4P3/P1PPNQ1P/BP3PP1/3R1RK1 b - - 0 16,g7g6,-2,black
27,33,2bqr1k1/r4p2/p1p2npp/1pp1p3/4P3/P1PPNQ1P/BP3PP1/3R1RK1 w - - 0 17,e3c2,-3,white
27,34,2bqr1k1/r4p2/p1p2npp/1pp1p3/4P3/P1PP1Q1P/BPN2PP1/3R1RK1 b - - 1 17,f6h5,7,black
27,35,2bqr1k1/r4p2/p1p3pp/1pp1p2n/4P3/P1PP1Q1P/BPN2PP1/3R1RK1 w - - 2 18,d3d4,-8,white
27,36,2bqr1k1/r4p2/p1p3pp/1pp1p2n/3PP3/P1P2Q1P/BPN2PP1/3R1RK1 b - - 0 18,c5c4,16,black
27,37,2bqr1k1/r4p2/p1p3pp/1p2p2n/2pPP3/P1P2Q1P/BPN2PP1/3R1RK1 w - - 0 19,b2b3,-21,white
27,38,2bqr1k1/r4p2/p1p3pp/1p2p2n/2pPP3/PPP2Q1P/B1N2PP1/3R1RK1 b - - 0 19,c4b3,22,black
27,39,2bqr1k1/r4p2/p1p3pp/1p2p2n/3PP3/PpP2Q1P/B1N2PP1/3R1RK1 w - - 0 20,a2b3,-21,white
27,40,2bqr1k1/r4p2/p1p3pp/1p2p2n/3PP3/PBP2Q1P/2N2PP1/3R1RK1 b - - 0 20,d8g5,14,black
27,41,2b1r1k1/r4p2/p1p3pp/1p2p1qn/3PP3/PBP2Q1P/2N2PP1/3R1RK1 w - - 1 21,c2b4,-18,white
27,42,2b1r1k1/r4p2/p1p3pp/1p2p1qn/1N1PP3/PBP2Q1P/5PP1/3R1RK1 b - - 2 21,h5f4,22,black
27,43,2b1r1k1/r4p2/p1p3pp/1p2p1q1/1N1PPn2/PBP2Q1P/5PP1/3R1RK1 w - - 3 22,g1h2,-21,white
27,44,2b1r1k1/r4p2/p1p3pp/1p2p1q1/1N1PPn2/PBP2Q1P/5PPK/3R1R2 b - - 4 22,a7c7,22,black
27,45,2b1r1k1/2r2p2/p1p3pp/1p2p1q1/1N1PPn2/PBP2Q1P/5PPK/3R1R2 w - - 5 23,b4d3,-20,white
27,46,2b1r1k1/2r2p2/p1p3pp/1p2p1q1/3PPn2/PBPN1Q1P/5PPK/3R1R2 b - - 6 23,f4d3,19,black
27,47,2b1r1k1/2r2p2/p1p3pp/1p2p1q1/3PP3/PBPn1Q1P/5PPK/3R1R2 w - - 0 24,f3d3,-17,white
27,48,2b1r1k1/2r2p2/p1p3pp/1p2p1q1/3PP3/PBPQ3P/5PPK/3R1R2 b - - 0 24,g5f4,20,black
27,49,2b1r1k1/2r2p2/p1p3pp/1p2p3/3PPq2/PBPQ3P/5PPK/3R1R2 w - - 1 25,g2g3,-23,white
27,50,2b1r1k1/2r2p2/p1p3pp/1p2p3/3PPq2/PBPQ2PP/5P1K/3R1R2 b - - 0 25,f4g5,27,black
27,51,2b1r1k1/2r2p2/p1p3pp/1p2p1q1/3PP3/PBPQ2PP/5P1K/3R1R2 w - - 1 26,h3h4,-28,white
27,52,2b1r1k1/2r2p2/p1p3pp/1p2p1q1/3PP2P/PBPQ2P1/5P1K/3R1R2 b - - 0 26,g5e7,22,black
27,53,2b1r1k1/2r1qp2/p1p3pp/1p2p3/3PP2P/PBPQ2P1/5P1K/3R1R2 w - - 1 27,d4e5,-24,white
27,54,2b1r1k1/2r1qp2/p1p3pp/1p2P3/4P2P/PBPQ2P1/5P1K/3R1R2 b - - 0 27,e7e5,29,black
27,55,2b1r1k1/2r2p2/p1p3pp/1p2q3/4P2P/PBPQ2P1/5P1K/3R1R2 w - - 0 28,d3e3,-24,white
27,56,2b1r1k1/2r2p2/p1p3pp/1p2q3/4P2P/PBP1Q1P1/5P1K/3R1R2 b - - 1 28,h6h5,19,black
27,57,2b1r1k1/2r2p2/p1p3p1/1p2q2p/4P2P/PBP1Q1P1/5P1K/3R1R2 w - - 0 29,f1e1,-22,white
27,58,2b1r1k1/2r2p2/p1p3p1/1p2q2p/4P2P/PBP1Q1P1/5P1K/3RR3 b - - 1 29,c7e7,19,black
27,59,2b1r1k1/4rp2/p1p3p1/1p2q2p/4P2P/PBP1Q1P1/5P1K/3RR3 w - - 2 30,f2f3,-21,white
27,60,2b1r1k1/4rp2/p1p3p1/1p2q2p/4P2P/PBP1QPP1/7K/3RR3 b - - 0 30,a6a5,24,black
27,61,2b1r1k1/4rp2/2p3p1/pp2q2p/4P2P/PBP1QPP1/7K/3RR3 w - - 0 31,e1e2,-24,white
27,62,2b1r1k1/4rp2/2p3p1/pp2q2p/4P2P/PBP1QPP1/4R2K/3R4 b - - 1 31,g8g7,17,black
27,63,2b1r3/4rpk1/2p3p1/pp2q2p/4P2P/PBP1QPP1/4R2K/3R4 w - - 2 32,e2d2,-25,white
27,64,2b1r3/4rpk1/2p3p1/pp2q2p/4P2P/PBP1QPP1/3R3K/3R4 b - - 3 32,a5a4,4,black
27,65,2b1r3/4rpk1/2p3p1/1p2q2p/p3P2P/PBP1QPP1/3R3K/3R4 w - - 0 33,b3c2,-5,white
27,66,2b1r3/4rpk1/2p3p1/1p2q2p/p3P2P/P1P1QPP1/2BR3K/3R4 b - - 1 33,e5e6,6,black
27,67,2b1r3/4rpk1/2p1q1p1/1p5p/p3P2P/P1P1QPP1/2BR3K/3R4 w - - 2 34,h2g1,-2,white
27,68,2b1r3/4rpk1/2p1q1p1/1p5p/p3P2P/P1P1QPP1/2BR4/3R2K1 b - - 3 34,g7g8,6,black
27,69,2b1r1k1/4rp2/2p1q1p1/1p5p/p3P2P/P1P1QPP1/2BR4/3R2K1 w - - 4 35,e3c5,-16,white
27,70,2b1r1k1/4rp2/2p1q1p1/1pQ4p/p3P2P/P1P2PP1/2BR4/3R2K1 b - - 5 35,e7d7,4,black
27,71,2b1r1k1/3r1p2/2p1q1p1/1pQ4p/p3P2P/P1P2PP1/2BR4/3R2K1 w - - 6 36,d2d7,-3,white
27,72,2b1r1k1/3R1p2/2p1q1p1/1pQ4p/p3P2P/P1P2PP1/2B5/3R2K1 b - - 0 36,c8d7,4,black
27,73,4r1k1/3b1p2/2p1q1p1/1pQ4p/p3P2P/P1P2PP1/2B5/3R2K1 w - - 0 37,c5d6,-11,white
27,74,4r1k1/3b1p2/2pQq1p1/1p5p/p3P2P/P1P2PP1/2B5/3R2K1 b - - 1 37,d7c8,5,black
27,75,2b1r1k1/5p2/2pQq1p1/1p5p/p3P2P/P1P2PP1/2B5/3R2K1 w - - 2 38,d6e6,-5,white
27,76,2b1r1k1/5p2/2p1Q1p1/1p5p/p3P2P/P1P2PP1/2B5/3R2K1 b - - 0 38,c8e6,6,black
27,77,4r1k1/5p2/2p1b1p1/1p5p/p3P2P/P1P2PP1/2B5/3R2K1 w - - 0 39,d1d6,-1,white
27,78,4r1k1/5p2/2pRb1p1/1p5p/p3P2P/P1P2PP1/2B5/6K1 b - - 1 39,e8b8,0,black
27,79,1r4k1/5p2/2pRb1p1/1p5p/p3P2P/P1P2PP1/2B5/6K1 w - - 2 40,g1f2,0,white
27,80,1r4k1/5p2/2pRb1p1/1p5p/p3P2P/P1P2PP1/2B2K2/8 b - - 3 40,c6c5,0,black
27,81,1r4k1/5p2/3Rb1p1/1pp4p/p3P2P/P1P2PP1/2B2K2/8 w - - 0 41,d6a6,0,white
27,82,1r4k1/5p2/R3b1p1/1pp4p/p3P2P/P1P2PP1/2B2K2/8 b - - 1 41,b8d8,0,black
27,83,3r2k1/5p2/R3b1p1/1pp4p/p3P2P/P1P2PP1/2B2K2/8 w - - 2 42,f2e3,0,white
27,84,3r2k1/5p2/R3b1p1/1pp4p/p3P2P/P1P1KPP1/2B5/8 b - - 3 42,e6b3,0,black
27,85,3r2k1/5p2/R5p1/1pp4p/p3P2P/PbP1KPP1/2B5/8 w - - 4 43,c2d3,0,white
27,86,3r2k1/5p2/R5p1/1pp4p/p3P2P/PbPBKPP1/8/8 b - - 5 43,c5c4,0,black
27,87,3r2k1/5p2/R5p1/1p5p/p1p1P2P/PbPBKPP1/8/8 w - - 0 44,d3e2,0,white
27,88,3r2k1/5p2/R5p1/1p5p/p1p1P2P/PbP1KPP1/4B3/8 b - - 1 44,b3d1,0,black
27,89,3r2k1/5p2/R5p1/1p5p/p1p1P2P/P1P1KPP1/4B3/3b4 w - - 2 45,e2f1,0,white
27,90,3r2k1/5p2/R5p1/1p5p/p1p1P2P/P1P1KPP1/8/3b1B2 b - - 3 45,d1b3,0,black
27,91,3r2k1/5p2/R5p1/1p5p/p1p1P2P/PbP1KPP1/8/5B2 w - - 4 46,f1e2,0,white
27,92,3r2k1/5p2/R5p1/1p5p/p1p1P2P/PbP1KPP1/4B3/8 b - - 5 46,b3d1,0,black
27,93,3r2k1/5p2/R5p1/1p5p/p1p1P2P/P1P1KPP1/4B3/3b4 w - - 6 47,e2f1,0,white
27,94,3r2k1/5p2/R5p1/1p5p/p1p1P2P/P1P1KPP1/8/3b1B2 b - - 7 47,d1b3,0,black
27,95,3r2k1/5p2/R5p1/1p5p/p1p1P2P/PbP1KPP1/8/5B2 w - - 8 48,f1e2,0,white
27,96,3r2k1/5p2/R5p1/1p5p/p1p1P2P/PbP1KPP1/4B3/8 b - - 9 48,b3d1,0,black
27,97,3r2k1/5p2/R5p1/1p5p/p1p1P2P/P1P1KPP1/4B3/3b4 w - - 10 49,e2f1,0,white
27,98,3r2k1/5p2/R5p1/1p5p/p1p1P2P/P1P1KPP1/8/3b1B2 b - - 11 49,d1b3,0,black
27,99,3r2k1/5p2/R5p1/1p5p/p1p1P2P/PbP1KPP1/8/5B2 w - - 12 50,f1e2,0,white
27,100,3r2k1/5p2/R5p1/1p5p/p1p1P2P/PbP1KPP1/4B3/8 b - - 13 50,b3d1,0,black
27,101,3r2k1/5p2/R5p1/1p5p/p1p1P2P/P1P1KPP1/4B3/3b4 w - - 14 51,e2f1,0,white
27,102,3r2k1/5p2/R5p1/1p5p/p1p1P2P/P1P1KPP1/8/3b1B2 b - - 15 51,d1b3,0,black
27,103,3r2k1/5p2/R5p1/1p5p/p1p1P2P/PbP1KPP1/8/5B2 w - - 16 52,f1e2,0,white
