1,100,2.6222918581962587
1,200,1.9059323215484618
1,100,1.6731545805931092
1,200,1.6858401250839234
1,300,1.8637499797344208
1,400,1.773438321352005
1,500,1.8390090131759644
1,600,1.8294570803642274
1,700,1.6834229373931884
1,800,1.5784698903560639
1,900,1.6851433026790619
1,1000,1.5909595429897307
1,1100,1.501661491394043
1,1200,1.5385260093212128
1,1300,1.6170118570327758
1,1400,1.641969907283783
1,1500,1.7049974203109741
1,1600,1.3837969732284545
1,1700,1.3465713608264922
1,1800,1.66767904818058
1,1900,1.826072828769684
1,2000,1.6662004029750823
1,2100,1.5223303961753845
1,2200,1.5946140933036803
1,2300,1.5343136441707612
1,2400,1.614938373565674
1,2500,1.5703163361549377
1,2600,1.3243885660171508
1,2700,1.402578307390213
1,2800,1.4889366269111632
1,2900,1.698465224504471
1,3000,1.5977598381042482
1,3100,1.4212098240852356
1,3200,1.5335241329669953
1,3300,1.4787141048908234
1,3400,1.487147192955017
1,3500,1.5186819314956665
1,3600,1.3792545008659363
1,3700,1.4305276238918305
1,3800,1.420433914065361
1,3900,1.3424898797273637
1,4000,1.3730757987499238
1,4100,1.4313389956951141
1,4200,1.5203476977348327
1,4300,1.3999362075328827
1,4400,1.2030683052539826
1,4500,1.3025833261013031
1,4600,1.4229896396398545
1,4700,1.6594878935813904
1,4800,1.453186079263687
1,4900,1.5395109498500823
1,5000,1.4172066712379456
1,5100,1.4118554615974426
1,5200,1.465898606777191
1,5300,1.2960042262077331
1,5400,1.2554295921325684
1,5500,1.471359499692917
1,5600,1.66007861495018
1,5700,1.923634318113327
1,5800,1.6551039969921113
1,5900,1.4647580111026763
1,6000,1.4770878851413727
1,6100,1.5299163806438445
1,6200,1.5139977216720581
1,6300,1.4571819186210633
1,6400,1.4568259406089783
1,6500,1.4379033243656159
1,6600,1.3741956317424775
1,6700,1.4395707869529724
1,6800,1.5219268596172333
1,6900,1.5241598916053771
1,7000,1.43318430185318
1,7100,1.4355826818943023
1,7200,1.393042299747467
1,7300,1.403305742740631
1,7400,1.4410070252418519
1,7500,1.4603041875362397
1,7600,1.4434697926044464
1,7700,1.3961054241657258
1,7800,1.4556415927410127
1,7900,1.3948038017749786
1,8000,1.3363066577911378
1,8100,1.4450447833538056
1,8200,1.5377828347682954
1,8300,1.4335873025655745
1,8400,1.415285400748253
1,8500,1.3983247917890549
1,8600,1.3641200441122054
1,8700,1.3450283789634705
1,8800,1.5194884490966798
1,8900,1.3381706655025483
1,9000,1.4163779044151306
1,9100,1.4093482929468155
1,9200,1.3177430629730225
1,9300,1.384992190003395
1,9400,1.3128841245174407
1,9500,1.4317443937063217
1,9600,1.3177534461021423
1,9700,1.2826308280229568
1,9800,1.3442936372756957
1,9900,1.349052984714508
1,10000,1.348598109483719
1,10100,1.3599129235744476
1,10200,1.3491116279363633
1,10300,1.4073797595500945
1,10400,1.3711707842350007
1,10500,1.4001228785514832
1,10600,1.3681126046180725
1,10700,1.321705748438835
1,10800,1.4300932097434997
1,10900,1.4401838707923889
1,11000,1.4272974193096162
1,11100,1.375161470770836
1,11200,1.4190719163417815
1,11300,1.3819103515148163
1,11400,1.417152876853943
1,11500,1.3662136191129683
1,11600,1.504811487197876
1,11700,1.4112697410583497
1,11800,1.396280882358551
1,11900,1.354222185611725
1,12000,1.294430657029152
1,12100,1.2942113357782363
1,12200,1.4362121629714966
1,12300,1.4311553966999053
1,12400,1.3182641220092775
1,12500,1.3812846183776855
1,12600,1.288422417640686
1,12700,1.297886112332344
1,12800,1.3311269402503967
1,12900,1.4593841207027436
1,13000,1.3459838712215424
1,13100,1.4111598122119904
1,13200,1.3151409602165223
1,13300,1.3190224587917327
1,13400,1.4104103767871856
1,13500,1.347426187992096
1,13600,1.3461453515291213
1,13700,1.3360306656360625
1,13800,1.306514063477516
1,13900,1.3646564728021622
1,14000,1.3236557829380036
1,14100,1.3297440350055694
1,14200,1.380559391975403
1,14300,1.2829114234447478
1,14400,1.2851634830236436
1,14500,1.3258117920160293
1,14600,1.3276829838752746
1,14700,1.3626077008247375
1,14800,1.421192959547043
1,14900,1.2885584539175035
1,15000,1.3385146188735961
1,15100,1.2867439895868302
1,15200,1.3759304630756377
1,15300,1.4193344342708587
1,15400,1.4443440008163453
1,15500,1.3322632330656052
1,15600,1.4165563261508942
1,15700,1.2960066950321198
1,15800,1.3319996482133865
1,15900,1.3686358499526978
1,16000,1.4606383681297301
1,16100,1.3396608996391297
1,16200,1.3795267444849015
1,16300,1.2774539959430695
1,16400,1.3776859772205352
1,16500,1.5226176464557648
1,16600,1.3725434464216233
1,16700,1.303838963508606
1,16800,1.368743758201599
1,16900,1.3084752386808396
1,17000,1.3858879911899566
1,17100,1.4050894975662231
1,17200,1.4133022916316986
1,17300,1.2766531348228454
1,17400,1.3369862568378448
1,17500,1.3044924813508987
1,17600,1.315298410654068
1,17700,1.2969188070297242
1,17800,1.395428373813629
1,17900,1.2308397847414017
1,18000,1.2954424327611924
1,18100,1.3339848023653031
1,18200,1.32834214925766
1,18300,1.2662681299448013
1,18400,1.3896910095214843
1,18500,1.2014763218164444
1,18600,1.2840604829788207
1,18700,1.3198105281591415
1,18800,1.351333863735199
1,18900,1.3646494579315185
1,19000,1.3459532850980758
1,19100,1.2875991010665893
1,19200,1.3413814514875413
1,19300,1.2752771347761154
1,19400,1.2936339193582536
1,19500,1.3120736026763915
1,19600,1.3210708862543106
1,19700,1.2361277210712434
1,19800,1.3204221868515014
1,19900,1.278841472864151
1,20000,1.3076582676172257
1,20100,1.348278865814209
1,20200,1.3714812767505646
1,20300,1.2931989789009095
1,20400,1.3061369663476945
1,20500,1.256397801041603
1,20600,1.3618734377622603
1,20700,1.3898107409477234
1,20800,1.2162072414159775
1,20900,1.3548729884624482
1,21000,1.267056972384453
1,21100,1.3052879863977431
1,21200,1.4115899074077607
1,21300,1.3509257185459136
1,21400,1.2419474285840988
1,21500,1.2986731547117234
1,21600,1.2184435325860976
1,21700,1.2590631240606307
1,21800,1.3395486146211624
1,21900,1.271493945121765
1,22000,1.2937661123275757
1,22100,1.2681266975402832
1,22200,1.1752839517593383
1,22300,1.2391196775436402
1,22400,1.2323751419782638
1,22500,1.1659051471948623
1,22600,1.1747529023885728
1,22700,1.262175408601761
1,22800,1.2382789212465286
1,22900,1.2041280376911163
1,23000,1.3321143126487731
1,23100,1.2876645702123641
1,23200,1.2590612995624542
1,23300,1.249571739435196
1,23400,1.2427892005443573
1,23500,1.2151682955026626
1,23600,1.306501042842865
1,23700,1.2905399614572526
1,23800,1.2029122895002364
1,23900,1.3456825304031372
1,24000,1.2529022204875946
1,24100,1.2048940771818162
1,24200,1.3555242878198623
1,24300,1.313998292684555
1,24400,1.1993378353118898
1,24500,1.2436642146110535
1,24600,1.1971606367826462
1,24700,1.2398445665836335
1,24800,1.3744593703746795
1,24900,1.2979721182584762
1,25000,1.292173480987549
1,25100,1.3249340486526489
1,25200,1.2597502982616424
1,25300,1.2610258561372758
1,25400,1.3347286683321
1,25500,1.2832565367221833
1,25600,1.2534303802251816
1,25700,1.242833498120308
1,25800,1.2772507721185684
1,25900,1.2733045202493667
1,26000,1.2356329625844955
1,26100,1.2113166958093644
1,26200,1.2622708129882811
1,26300,1.2031131368875503
1,26400,1.2596750158071517
1,26500,1.1757431852817535
1,26600,1.2394218403100967
1,26700,1.2921411782503127
1,26800,1.2066416430473328
1,26900,1.2053528225421906
1,27000,1.213282955288887
1,27100,1.1522080987691878
1,27200,1.2620449686050415
1,27300,1.2713594675064086
1,27400,1.2160706162452697
1,27500,1.2778909873962403
1,27600,1.221996300816536
1,27700,1.2478572916984558
1,27800,1.2084022450447083
1,27900,1.3213317716121673
1,28000,1.2824408626556396
1,28100,1.2993758642673492
1,28200,1.2307999938726426
1,28300,1.2257611244916915
1,28400,1.2293611460924148
1,28500,1.319706260561943
1,28600,1.2103982430696487
1,28700,1.284387202858925
1,28800,1.2303332191705705
1,28900,1.2192277586460114
1,29000,1.2167704433202744
1,29100,1.3228501677513123
1,29200,1.2660332161188126
1,29300,1.2385318207740783
1,29400,1.2035344219207764
1,29500,1.2022342908382415
1,29600,1.2653776425123215
1,29700,1.2540099173784256
1,29800,1.3230116045475007
1,29900,1.2336964535713195
1,30000,1.2548206889629363
1,30100,1.1736774826049805
1,30200,1.2267529934644699
1,30300,1.1297369182109833
1,30400,1.2776533114910125
1,30500,1.2092026501893998
1,30600,1.2304535013437272
1,30700,1.1833975750207901
1,30800,1.1641670471429826
1,30900,1.1517921310663224
1,31000,1.1654835867881774
1,31100,1.2171779936552047
1,31200,1.2419725370407104
1,31300,1.1624434965848922
1,31400,1.2656152528524398
1,31500,1.1644714289903642
1,31600,1.2017616426944733
1,31700,1.3678960412740708
1,31800,1.2032796770334244
1,31900,1.2191513168811798
1,32000,1.2276130938529968
1,32100,1.1965193712711335
1,32200,1.262449244260788
1,32300,1.319545298218727
1,32400,1.25973391354084
1,32500,1.2011032110452653
1,32600,1.2943528312444688
1,32700,1.222937461733818
1,32800,1.2669385695457458
1,32900,1.3039192706346512
1,33000,1.2734925258159637
1,33100,1.2089563685655593
1,33200,1.2252455121278762
1,33300,1.306048998236656
1,33400,1.3237686944007874
1,33500,1.2432651019096375
1,33600,1.236983995437622
1,33700,1.2477742713689803
1,33800,1.2047598272562028
1,33900,1.2186514914035798
1,34000,1.2130642300844192
1,34100,1.2370025503635407
1,34200,1.236069244146347
1,34300,1.1822830086946488
1,34400,1.211579139828682
1,34500,1.2197193032503129
1,34600,1.217251781821251
1,34700,1.2028405660390853
1,34800,1.2157021594047546
1,34900,1.2120458751916885
1,35000,1.1779117143154145
1,35100,1.249761807322502
1,35200,1.1889702010154723
1,35300,1.1497249758243562
1,35400,1.17983021736145
1,35500,1.1333637785911561
1,35600,1.278177517056465
1,35700,1.2250282764434814
1,35800,1.1679356688261031
1,35900,1.1760848546028138
1,36000,1.1584628927707672
1,36100,1.2669038540124893
1,36200,1.2562992745637893
1,36300,1.3115682750940323
1,36400,1.2028204429149627
1,36500,1.167953833937645
1,36600,1.2013608974218368
1,36700,1.3019184052944184
1,36800,1.291618790626526
1,36900,1.2288930588960647
1,37000,1.2870835995674133
1,37100,1.141910480260849
1,37200,1.226334373354912
1,37300,1.255549630522728
1,37400,1.2143581062555313
1,37500,1.1690034717321396
1,37600,1.2070846170186997
1,37700,1.2010977971553802
1,37800,1.2001886862516402
1,37900,1.2656949996948241
1,38000,1.2869231241941452
1,38100,1.208301358819008
1,38200,1.1905951064825058
1,38300,1.2218025040626526
1,38400,1.23186288356781
1,38500,1.1912776327133179
1,38600,1.2437641775608064
1,38700,1.1739952981472015
1,38800,1.104777461886406
1,38900,1.1857506650686265
1,39000,1.1552793347835542
1,39100,1.1112762045860292
1,39200,1.1404110014438629
1,39300,1.1778091210126878
1,39400,1.2021790844202043
1,39500,1.154915260076523
1,39600,1.160636506676674
1,39700,1.1749556291103362
1,39800,1.1351763981580734
1,39900,1.17753408908844
1,40000,1.1825056266784668
1,40100,1.273947491645813
1,40200,1.2326152127981187
1,40300,1.2662337577342988
1,40400,1.1891555017232895
1,40500,1.2234278494119644
1,40600,1.2877147507667541
1,40700,1.248688377737999
1,40800,1.2189677196741104
1,40900,1.2005904680490493
1,41000,1.2638095194101333
1,41100,1.1988959568738937
1,41200,1.2408039194345475
1,41300,1.2489559578895568
1,41400,1.1789492189884185
1,41500,1.2095007979869843
1,41600,1.2573973900079727
1,41700,1.2317385149002076
1,41800,1.1760180526971817
1,41900,1.165578390955925
1,42000,1.2029818022251129
1,42100,1.16796317756176
1,42200,1.2295457369089127
1,42300,1.1703478002548218
1,42400,1.1972376626729966
1,42500,1.1500474464893342
1,42600,1.160496386885643
1,42700,1.1491866844892502
1,42800,1.0743639492988586
1,42900,1.1521332311630248
1,43000,1.1617224037647247
1,43100,1.1401342087984085
1,43200,1.2255555027723313
1,43300,1.1276922982931137
1,43400,1.1346471482515335
1,43500,1.143354396224022
1,43600,1.1681751203536987
1,43700,1.2021484029293061
1,43800,1.2036315524578094
1,43900,1.2155828595161438
1,44000,1.142017164826393
1,44100,1.1598969328403472
1,44200,1.2064968895912171
1,44300,1.2632543087005614
1,44400,1.1962553268671037
1,44500,1.17786263525486
1,44600,1.1843221116065978
1,44700,1.1847324401140213
1,44800,1.2644407266378404
1,44900,1.2786367857456207
1,45000,1.1934066009521485
1,45100,1.1700693571567535
1,45200,1.1362845867872238
1,45300,1.1634951442480088
1,45400,1.2151130455732346
1,45500,1.1827154183387756
1,45600,1.132568524479866
1,45700,1.2062446749210358
1,45800,1.175190831422806
1,45900,1.2588971590995788
1,46000,1.2754982787370681
1,46100,1.1857005101442337
1,46200,1.1473889738321303
1,46300,1.148720749616623
1,46400,1.0965758848190308
1,46500,1.173762899041176
1,46600,1.105705157518387
1,46700,1.105290619134903
1,46800,1.093442535996437
1,46900,1.1226597344875335
1,47000,1.173808228969574
1,47100,1.1525637578964234
1,47200,1.1079325503110886
1,47300,1.1787093687057495
1,47400,1.1833590453863143
1,47500,1.1201262944936752
1,47600,1.1848596340417863
1,47700,1.1679930299520493
1,47800,1.1533118265867233
1,47900,1.1618267619609832
1,48000,1.1497106373310089
1,48100,1.1690010690689088
1,48200,1.235642650127411
1,48300,1.1547225099802017
1,48400,1.14063625395298
1,48500,1.1057310098409652
1,48600,1.1696497082710267
1,48700,1.233081398010254
1,48800,1.2521386927366256
1,48900,1.1999257600307465
1,49000,1.132424728870392
1,49100,1.1827654534578322
1,49200,1.1275304955244065
1,49300,1.1632361334562302
1,49400,1.1536503624916077
1,49500,1.1642913448810577
1,49600,1.1265670722723007
1,49700,1.1347831922769547
1,49800,1.1870607209205628
1,49900,1.231988446712494
1,50000,1.1229615753889084
1,50100,1.1016785037517547
1,50200,1.1983142757415772
1,50300,1.1019817066192628
1,50400,1.0993893146514893
1,50500,1.1184136706590653
1,50600,1.1041375976800918
1,50700,1.1039989471435547
1,50800,1.158645080924034
1,50900,1.170279523730278
2,51000,0.3673082250356674
2,51100,0.9574785876274109
2,51200,0.9646656113862991
2,51300,1.0397580468654632
2,51400,1.059503984451294
2,51500,1.0945246928930283
2,51600,1.1385105097293853
2,51700,1.0636507433652878
2,51800,1.0366066086292267
2,51900,1.1093500363826752
2,52000,0.9904625785350799
2,52100,1.025434324145317
2,52200,1.053298898935318
2,52300,1.108016100525856
2,52400,1.1737714833021164
2,52500,1.1382725113630294
2,52600,0.8777236658334732
2,52700,1.0045101010799409
2,52800,1.354970315694809
2,52900,1.276448786854744
2,53000,1.1087508738040923
2,53100,1.083092085123062
2,53200,1.157918404340744
2,53300,1.070745707154274
2,53400,1.219248269200325
2,53500,1.123462786078453
2,53600,1.0074660247564315
2,53700,1.0826476377248764
2,53800,1.240502028465271
2,53900,1.2943697685003281
2,54000,1.0953897529840468
2,54100,1.0753266698122024
2,54200,1.1300185972452164
2,54300,1.089594659805298
2,54400,1.1441690969467162
2,54500,1.1465042078495025
2,54600,1.0262597435712815
2,54700,1.1159670090675353
2,54800,1.0401479750871658
2,54900,1.0303632909059524
2,55000,1.0315730440616608
2,55100,1.1259369540214539
2,55200,1.1812645155191421
2,55300,0.9633226710557937
2,55400,0.9860228496789932
2,55500,1.0856640696525575
2,55600,1.3109844040870666
2,55700,1.214387642145157
2,55800,1.118987637758255
2,55900,1.1729821407794951
2,56000,1.08139051258564
2,56100,1.0696266454458236
2,56200,1.1361998856067657
2,56300,0.9472530788183212
2,56400,1.0724912524223327
2,56500,1.2602507197856903
2,56600,1.3221418994665146
2,56700,1.6671648246049882
2,56800,1.1883374172449113
2,56900,1.1388551992177964
2,57000,1.1887709254026413
2,57100,1.2319908142089844
2,57200,1.1673890048265456
2,57300,1.1467123019695282
2,57400,1.2108776170015334
2,57500,1.079746217727661
2,57600,1.1086839789152145
2,57700,1.1833059138059616
2,57800,1.2317371034622193
2,57900,1.2456154829263688
2,58000,1.0797764551639557
2,58100,1.173021696805954
2,58200,1.135912175178528
2,58300,1.0896173310279846
2,58400,1.166293797492981
2,58500,1.2028892928361892
2,58600,1.1080064553022384
2,58700,1.2195984244346618
2,58800,1.125953998565674
2,58900,1.1105681943893433
2,59000,1.0765734738111497
2,59100,1.2089098387956618
2,59200,1.2777162486314773
2,59300,1.1145096969604493
2,59400,1.1293414837121964
2,59500,1.120445722937584
2,59600,1.1179361522197724
2,59700,1.1342177730798721
2,59800,1.1777981334924699
2,59900,1.0868900537490844
2,60000,1.1710854876041412
2,60100,1.0978422582149505
2,60200,1.0824186772108078
2,60300,1.099649144411087
2,60400,1.1128326731920242
2,60500,1.156014541387558
2,60600,1.0449915647506713
2,60700,1.0559923708438874
2,60800,1.0998667252063752
2,60900,1.111494763493538
2,61000,1.1209841322898866
2,61100,1.1015755212306977
2,61200,1.1243164998292923
2,61300,1.1314484918117522
2,61400,1.1234557688236237
2,61500,1.1526406866312027
2,61600,1.1030992329120637
2,61700,1.085660576224327
2,61800,1.1959579795598985
2,61900,1.1740236574411391
2,62000,1.1718423181772233
2,62100,1.150451877117157
2,62200,1.1871904277801513
2,62300,1.1491232877969741
2,62400,1.1510524052381514
2,62500,1.1752160638570786
2,62600,1.2833361703157424
2,62700,1.1216257119178772
2,62800,1.1433196556568146
2,62900,1.0933083879947663
2,63000,1.0635707676410675
2,63100,1.1349282199144364
2,63200,1.2084550815820694
2,63300,1.1753065675497054
2,63400,1.0997031688690186
2,63500,1.1463509279489517
2,63600,1.0955923455953598
2,63700,1.0729425221681594
2,63800,1.1844755762815475
2,63900,1.1976303040981293
2,64000,1.112621688246727
2,64100,1.1828934621810914
2,64200,1.091925204396248
2,64300,1.1190374958515168
2,64400,1.1725134497880936
2,64500,1.148389506340027
2,64600,1.0876262986660004
2,64700,1.139399475455284
2,64800,1.0946870458126068
2,64900,1.1749924522638322
2,65000,1.0802394992113113
2,65100,1.177667548060417
2,65200,1.1182539504766464
2,65300,1.054763541817665
2,65400,1.0962157917022706
2,65500,1.130829246044159
2,65600,1.1099314612150193
2,65700,1.178997129201889
2,65800,1.1537867045402528
2,65900,1.1215517204999923
2,66000,1.1242396301031112
2,66100,1.106226915717125
2,66200,1.1827534526586532
2,66300,1.2303018641471863
2,66400,1.2257816618680955
2,66500,1.1269547027349471
2,66600,1.1897523069381715
2,66700,1.1322655332088472
2,66800,1.1374939662218093
2,66900,1.2034455746412278
2,67000,1.2117804402112962
2,67100,1.172823981642723
2,67200,1.0959609359502793
2,67300,1.1269420880079268
2,67400,1.1551435655355453
2,67500,1.318935718536377
2,67600,1.168018834590912
2,67700,1.1516900140047073
2,67800,1.126511161327362
2,67900,1.1513273334503173
2,68000,1.1766642755270005
2,68100,1.2266268157958984
2,68200,1.1640520209074021
2,68300,1.11999391913414
2,68400,1.1260455185174942
2,68500,1.1253048694133758
2,68600,1.10793920814991
2,68700,1.1675304335355758
2,68800,1.136662696003914
2,68900,1.1060294461250306
2,69000,1.116030688881874
2,69100,1.123437637090683
2,69200,1.1372157913446426
2,69300,1.1153403282165528
2,69400,1.1276934266090393
2,69500,1.0542345339059829
2,69600,1.0941854226589203
2,69700,1.1889775544404984
2,69800,1.151244768500328
2,69900,1.1593425112962723
2,70000,1.1711315131187439
2,70100,1.1014131581783295
2,70200,1.1434803718328477
2,70300,1.1108107978105546
2,70400,1.104169700741768
2,70500,1.1478470027446748
2,70600,1.0907305032014847
2,70700,1.1130553203821183
2,70800,1.1005348891019822
2,70900,1.1226070725917816
2,71000,1.1583632844686509
2,71100,1.2294347327947617
2,71200,1.1358540272712707
2,71300,1.1141391593217849
2,71400,1.111837191581726
2,71500,1.0899322193861007
2,71600,1.2057133936882019
2,71700,1.1386510401964187
2,71800,1.0766360282897949
2,71900,1.1655912786722182
2,72000,1.1457144492864608
2,72100,1.1653735148906708
2,72200,1.2108879089355469
2,72300,1.1446735614538193
2,72400,1.1455458289384841
2,72500,1.0944579935073853
2,72600,1.037851248383522
2,72700,1.161706532239914
2,72800,1.129932872056961
2,72900,1.1005420970916748
2,73000,1.133505601286888
2,73100,1.0848550808429718
2,73200,1.0239408576488496
2,73300,1.1039149743318557
2,73400,1.047929453253746
2,73500,1.0184840917587281
2,73600,1.0436936682462692
2,73700,1.1113556784391403
2,73800,1.0477474731206895
2,73900,1.1209933459758759
2,74000,1.1439047479629516
2,74100,1.1005667281150817
2,74200,1.0901491576433182
2,74300,1.0921576929092407
2,74400,1.0662945008277893
2,74500,1.0765122038125992
2,74600,1.1709434443712234
2,74700,1.0967874032258988
2,74800,1.1021006447076798
2,74900,1.1617117244005204
2,75000,1.072152018547058
2,75100,1.0853148019313812
2,75200,1.2142088752985
2,75300,1.1213432890176773
2,75400,1.0706316614151001
2,75500,1.0702350735664368
2,75600,1.0813129204511642
2,75700,1.1182374465465545
2,75800,1.1933375668525696
2,75900,1.1543018800020217
2,76000,1.1582260555028916
2,76100,1.1491930812597275
2,76200,1.097418214082718
2,76300,1.111838884949684
2,76400,1.1904959732294083
2,76500,1.122361769080162
2,76600,1.1078319615125656
2,76700,1.077953519821167
2,76800,1.1377057474851608
2,76900,1.1225262361764907
2,77000,1.1010780227184296
2,77100,1.077984163761139
2,77200,1.12035386800766
2,77300,1.0893481987714768
2,77400,1.08089728474617
2,77500,1.0183500462770463
2,77600,1.1479305732250213
2,77700,1.0536550039052963
2,77800,1.087538104057312
2,77900,1.083526422381401
2,78000,1.0619838738441467
2,78100,1.022454453110695
2,78200,1.1292567455768585
2,78300,1.1128696173429489
2,78400,1.123591167330742
2,78500,1.1194578337669372
2,78600,1.0963575541973114
2,78700,1.071900976896286
2,78800,1.1266697371006011
2,78900,1.1654088217020036
2,79000,1.1619383019208909
2,79100,1.0755856126546859
2,79200,1.120304114818573
2,79300,1.1177295345067977
2,79400,1.0879679715633392
2,79500,1.1667763894796372
2,79600,1.0512015467882156
2,79700,1.1669802504777909
2,79800,1.09176913022995
2,79900,1.1005078381299973
2,80000,1.09309465944767
2,80100,1.2229298108816147
2,80200,1.1078931587934493
2,80300,1.103529394865036
2,80400,1.06750657081604
2,80500,1.0758183723688126
2,80600,1.0958482533693314
2,80700,1.1664757043123246
2,80800,1.194885556101799
2,80900,1.112522320151329
2,81000,1.0729155027866364
2,81100,1.0760984146595
2,81200,1.0700097757577895
2,81300,1.0349241727590561
2,81400,1.1415843170881272
2,81500,1.0799063384532928
2,81600,1.1076150929927826
2,81700,1.0233028602600098
2,81800,1.039410570859909
2,81900,1.0414695024490357
2,82000,1.082513073682785
2,82100,1.0573435407876968
2,82200,1.0775937950611114
2,82300,1.0901866787672043
2,82400,1.1198348903656006
2,82500,1.0365741348266602
2,82600,1.1667814481258392
2,82700,1.1589971387386322
2,82800,1.08685686647892
2,82900,1.1131551122665406
2,83000,1.0863529884815215
2,83100,1.0868894922733308
2,83200,1.1592305272817611
2,83300,1.1669851487874985
2,83400,1.1295850336551667
2,83500,1.099572811126709
2,83600,1.1636531233787537
2,83700,1.0973552238941193
2,83800,1.1393248152732849
2,83900,1.176856066584587
2,84000,1.1190750604867936
2,84100,1.076979860663414
2,84200,1.1185347348451615
2,84300,1.195617241859436
2,84400,1.1766147989034652
2,84500,1.1110099679231644
2,84600,1.1359324586391448
2,84700,1.112187188267708
2,84800,1.0879983633756638
2,84900,1.105190852880478
2,85000,1.0952267748117448
2,85100,1.113698667883873
2,85200,1.127821215391159
2,85300,1.0432700258493424
2,85400,1.1463812243938447
2,85500,1.0942390203475951
2,85600,1.1022115010023117
2,85700,1.0995285773277284
2,85800,1.0913218176364898
2,85900,1.0838397830724715
2,86000,1.0740776485204697
2,86100,1.1351651650667192
2,86200,1.031853529214859
2,86300,1.0511874675750732
2,86400,1.066765860915184
2,86500,1.0418865782022477
2,86600,1.1528802400827407
2,86700,1.1129106611013413
2,86800,1.0774535131454468
2,86900,1.0480878430604934
2,87000,1.0637511700391769
2,87100,1.1627614575624465
2,87200,1.1159292626380921
2,87300,1.178207687139511
2,87400,1.0988563531637192
2,87500,1.0413691914081573
2,87600,1.1295758217573166
2,87700,1.1817896717786789
2,87800,1.1903785759210586
2,87900,1.0983995026350022
2,88000,1.1361800462007523
2,88100,1.0569832360744476
2,88200,1.1081052088737489
2,88300,1.118338841199875
2,88400,1.1305756759643555
2,88500,1.0673618823289872
2,88600,1.0505979520082473
2,88700,1.1196429002285004
2,88800,1.0931770652532578
2,88900,1.1476669251918792
2,89000,1.2069469219446183
2,89100,1.1008392655849457
2,89200,1.0316897773742675
2,89300,1.1719108039140702
2,89400,1.1000222593545914
2,89500,1.1250825667381286
2,89600,1.0676564079523088
2,89700,1.0371693193912506
2,89800,1.054318391084671
2,89900,1.0534726196527482
2,90000,1.0550700306892395
2,90100,0.9943589699268341
2,90200,1.066071274280548
2,90300,1.0875535380840302
2,90400,1.0920913261175156
2,90500,1.0649994963407516
2,90600,1.0473532778024675
2,90700,1.0417730629444122
2,90800,1.0633569610118867
2,90900,1.078470197916031
2,91000,1.1015345412492752
2,91100,1.1844578284025191
2,91200,1.1381862556934357
2,91300,1.1342754328250886
2,91400,1.1090783524513244
2,91500,1.1126592326164246
2,91600,1.1895532232522965
2,91700,1.1325282472372056
2,91800,1.123675937652588
2,91900,1.09815691947937
2,92000,1.1378714644908905
2,92100,1.1275656145811082
2,92200,1.1223642808198928
2,92300,1.143739601969719
2,92400,1.0521740078926087
2,92500,1.1308166831731796
2,92600,1.1478644549846648
2,92700,1.1069687116146087
2,92800,1.0374522548913956
2,92900,1.1096008080244064
2,93000,1.0837304133176804
2,93100,1.0939296633005142
2,93200,1.1148496615886687
2,93300,1.0803190606832505
2,93400,1.1009154444932938
2,93500,1.0522468101978302
2,93600,1.0623835653066636
2,93700,1.0270347499847412
2,93800,1.0208539527654648
2,93900,1.0427086871862412
2,94000,1.0647051215171814
2,94100,1.0575296306610107
2,94200,1.0903842169046403
2,94300,1.0407728856801988
2,94400,1.0605473500490188
2,94500,1.0535397017002106
2,94600,1.0561882281303405
2,94700,1.1341921335458756
2,94800,1.0995645493268966
2,94900,1.1191963177919388
2,95000,1.0437878262996674
2,95100,1.0719505959749223
2,95200,1.1295596373081207
2,95300,1.152299821972847
2,95400,1.1037414485216142
2,95500,1.0788063645362853
2,95600,1.0613072872161866
2,95700,1.1089437800645827
2,95800,1.255749843120575
2,95900,1.0861099994182586
2,96000,1.0903601521253585
2,96100,1.0975478422641753
2,96200,1.043153294324875
2,96300,1.0987363588809966
2,96400,1.130908920764923
2,96500,1.057258620262146
2,96600,1.0524078118801117
2,96700,1.1146476393938065
2,96800,1.0924292010068894
2,96900,1.215274282693863
2,97000,1.122498887181282
2,97100,1.0659557682275773
2,97200,1.058652758002281
2,97300,1.0341150641441346
2,97400,1.0241300636529922
2,97500,1.0855492198467254
2,97600,1.0080014657974243
2,97700,1.007689733505249
2,97800,1.0405572354793549
2,97900,1.0470856726169586
2,98000,1.122450116276741
2,98100,1.0140297639369964
2,98200,1.0318898183107377
2,98300,1.1051985478401185
2,98400,1.0652850544452668
2,98500,1.0567929065227508
2,98600,1.1093029206991196
2,98700,1.0792791521549225
2,98800,1.0774587666988373
2,98900,1.0641931915283203
2,99000,1.0665312969684602
2,99100,1.1378504931926727
2,99200,1.1209216123819352
2,99300,1.0453079587221146
2,99400,1.0390208756923676
2,99500,1.0290046036243439
2,99600,1.0857679945230485
2,99700,1.227663698196411
2,99800,1.0838148015737534
2,99900,1.102258239388466
2,100000,1.0787342363595962
2,100100,1.0725781506299972
2,100200,1.0483146303892135
2,100300,1.0966381454467773
2,100400,1.0576051515340805
2,100500,1.0632190507650376
2,100600,1.0371600490808488
2,100700,1.0812812012434005
2,100800,1.1045260006189346
2,100900,1.109253466129303
2,101000,1.0373795431852342
2,101100,1.0124470430612564
2,101200,1.1190298342704772
2,101300,0.9901037383079528
2,101400,1.0494771337509154
2,101500,1.0093692046403886
2,101600,1.0292450964450837
2,101700,1.0613504606485367
2,101800,1.0904761534929275
2,101900,1.068927252292633
3,102000,0.6336554729938507
3,102100,0.865347712635994
3,102200,0.937565405368805
3,102300,0.9565275824069976
3,102400,0.9847623896598816
3,102500,1.0484347087144852
3,102600,1.0290436041355133
3,102700,0.940359258055687
3,102800,0.9931943100690842
3,102900,1.0150789976119996
3,103000,0.8931262248754501
3,103100,0.9642570567131042
3,103200,1.0241060084104538
3,103300,0.9948227143287659
3,103400,1.103600982427597
3,103500,0.9836718547344208
3,103600,0.8471149224042892
3,103700,1.018756582736969
3,103800,1.22075832426548
3,103900,1.1373291826248169
3,104000,1.0269544446468353
3,104100,1.003159338235855
3,104200,1.0581953048706054
3,104300,1.0467665660381318
3,104400,1.1129857909679413
3,104500,0.9520835864543915
3,104600,0.983912136554718
3,104700,1.0498959875106813
3,104800,1.1859004193544387
3,104900,1.1418585187196733
3,105000,0.9963761156797409
3,105100,1.0275355154275894
3,105200,1.0191800093650818
3,105300,1.0268640327453613
3,105400,1.0756795710325242
3,105500,1.0244162273406983
3,105600,1.003522971868515
3,105700,1.0079058969020844
3,105800,0.9457933783531189
3,105900,0.9810277777910232
3,106000,0.9764202600717544
3,106100,1.0475380551815032
3,106200,1.0625137555599213
3,106300,0.8674138605594635
3,106400,0.9600214064121246
3,106500,1.0330487704277038
3,106600,1.329459903240204
3,106700,0.9924762386083603
3,106800,1.0874672400951386
3,106900,1.0367504698038101
3,107000,1.0177434659004212
3,107100,1.0083233737945556
3,107200,1.029216150045395
3,107300,0.8873029434680939
3,107400,1.0874430710077285
3,107500,1.2106534242630005
3,107600,1.277345740199089
3,107700,1.4734202527999878
3,107800,1.1029919701814652
3,107900,1.069046059846878
3,108000,1.1070042949914933
3,108100,1.1561142313480377
3,108200,1.071514101624489
3,108300,1.0531366044282913
3,108400,1.1159052658081055
3,108500,0.9895108264684677
3,108600,1.0550292766094207
3,108700,1.1398174810409545
3,108800,1.1558966320753097
3,108900,1.1044244247674941
3,109000,1.0320721083879472
3,109100,1.0499426037073136
3,109200,1.0823324382305146
3,109300,1.0347521823644639
3,109400,1.1144384491443633
3,109500,1.1147451919317246
3,109600,1.0503153306245805
3,109700,1.1337959545850753
3,109800,1.0318026667833329
3,109900,1.0357522022724153
3,110000,1.03132210791111
3,110100,1.1672772413492203
3,110200,1.1417587101459503
3,110300,1.0401282495260238
3,110400,1.057521984577179
3,110500,1.0312114572525024
3,110600,1.041183055639267
3,110700,1.104075898528099
3,110800,1.044949586391449
3,110900,1.034013934135437
3,111000,1.0920883798599244
3,111100,1.0181911027431487
3,111200,1.0227699565887451
3,111300,1.0052700752019883
3,111400,1.0851155358552933
3,111500,1.0605221104621887
3,111600,0.9656154721975326
3,111700,1.0035365903377533
3,111800,1.0469298523664474
3,111900,1.0205173712968827
3,112000,1.053565936088562
3,112100,1.021954836845398
3,112200,1.0759316772222518
3,112300,1.0413094997406005
3,112400,1.0553293746709824
3,112500,1.0862762916088105
3,112600,0.9865104645490647
3,112700,1.0731738770008088
3,112800,1.1238297647237778
3,112900,1.1250220340490342
3,113000,1.060419361591339
3,113100,1.100296573638916
3,113200,1.0810532754659652
3,113300,1.1015005785226821
3,113400,1.057026482820511
3,113500,1.138863673210144
3,113600,1.1579689770936965
3,113700,1.0687366223335266
3,113800,1.0511176735162735
3,113900,1.0148419487476348
3,114000,1.0078950339555741
3,114100,1.1119950038194657
3,114200,1.137597279548645
3,114300,1.0375237274169922
3,114400,1.05111947119236
3,114500,1.0580020022392274
3,114600,1.0537779009342194
3,114700,1.0216293001174928
3,114800,1.144877650141716
3,114900,1.079501097202301
3,115000,1.0733415818214416
3,115100,1.086834995150566
3,115200,1.007380028963089
3,115300,1.0923683834075928
3,115400,1.0662121427059175
3,115500,1.0868409991264343
3,115600,1.0197865056991577
3,115700,1.0486224007606506
3,115800,1.0706324952840804
3,115900,1.089300964474678
3,116000,1.0111166906356812
3,116100,1.1172676855325698
3,116200,1.0263708239793778
3,116300,1.010656380057335
3,116400,1.0131367200613022
3,116500,1.071741665005684
3,116600,1.0504342496395112
3,116700,1.1311694413423539
3,116800,1.0579870921373367
3,116900,1.0711519289016724
3,117000,1.0325345385074616
3,117100,1.0684473991394043
3,117200,1.133544147014618
3,117300,1.1729396218061447
3,117400,1.1267133593559264
3,117500,1.0951500642299652
3,117600,1.0833552646636964
3,117700,1.0822372424602509
3,117800,1.09574003636837
3,117900,1.1304042011499404
3,118000,1.1147946101427078
3,118100,1.114838534593582
3,118200,1.0088115614652633
3,118300,1.0788154584169387
3,118400,1.1922489362955093
3,118500,1.1377242523431779
3,118600,1.0828605586290359
3,118700,1.097010452747345
3,118800,1.0544742965698242
3,118900,1.1000830239057542
3,119000,1.1415368288755416
3,119100,1.1020133239030838
3,119200,1.0662759602069856
3,119300,1.0756435567140579
3,119400,1.05281742811203
3,119500,1.0763829118013382
3,119600,1.03433041036129
3,119700,1.1145976316928863
3,119800,1.058441528081894
3,119900,1.033806871175766
3,120000,1.0753049868345261
3,120100,1.0746838051080703
3,120200,1.023329612016678
3,120300,1.1052754408121108
3,120400,0.9923113268613816
3,120500,1.0248251658678056
3,120600,1.0358257949352265
3,120700,1.1527827990055084
3,120800,1.0772783839702607
3,120900,1.1046956384181976
3,121000,1.0676827317476272
3,121100,1.073443484902382
3,121200,1.0665183186531066
3,121300,1.0766681843996049
3,121400,1.0111559319496155
3,121500,1.1096596884727479
3,121600,1.0153768545389175
3,121700,1.0808753788471221
3,121800,1.0076625764369964
3,121900,1.0747145640850067
3,122000,1.107266048192978
3,122100,1.153901160955429
3,122200,1.0598701012134553
3,122300,1.052536969780922
3,122400,1.0359075343608857
3,122500,1.0447569000720978
3,122600,1.1714382022619247
3,122700,1.0330364668369294
3,122800,1.080130764245987
3,122900,1.0684885239601136
3,123000,1.056639850139618
3,123100,1.1519376397132874
3,123200,1.1469919860363007
3,123300,1.0218722635507584
3,123400,1.0857197189331054
3,123500,1.034873760342598
3,123600,0.981485738158226
3,123700,1.126431441307068
3,123800,1.068002479672432
3,123900,1.053267525434494
3,124000,1.0661856865882873
3,124100,0.9875747466087341
3,124200,0.98783622443676
3,124300,1.0575837862491608
3,124400,0.9435073149204254
3,124500,0.9777586674690246
3,124600,1.0225575333833694
3,124700,1.0453201633691789
3,124800,0.9874855828285217
3,124900,1.081688983440399
3,125000,1.0755189776420593
3,125100,1.0691235196590423
3,125200,1.0134619438648225
3,125300,1.0295937687158585
3,125400,1.0070444393157958
3,125500,1.0635492926836014
3,125600,1.104445257782936
3,125700,1.0138723665475846
3,125800,1.1031771391630172
3,125900,1.0348359608650208
3,126000,1.0126554203033447
3,126100,1.098364726305008
3,126200,1.1280297803878785
3,126300,1.0037788480520249
3,126400,1.037244513630867
3,126500,0.9877825701236724
3,126600,1.0398878079652787
3,126700,1.1318518596887588
3,126800,1.1169907861948014
3,126900,1.0740023791790008
3,127000,1.1190395522117615
3,127100,1.066754183769226
3,127200,1.055943137407303
3,127300,1.066345239877701
3,127400,1.1127344065904616
3,127500,1.048616006374359
3,127600,1.0530110770463943
3,127700,1.0347236520051957
3,127800,1.065547106862068
3,127900,1.0766868782043457
3,128000,1.021934400200844
3,128100,1.035699245929718
3,128200,1.047716148495674
3,128300,1.0427887815237045
3,128400,1.0235344141721725
3,128500,0.9869122421741485
3,128600,1.092754870057106
3,128700,0.9715623462200165
3,128800,1.039736848473549
3,128900,1.0493549656867982
3,129000,0.9706103879213334
3,129100,1.00156318962574
3,129200,1.1033001661300659
3,129300,1.0214436024427413
3,129400,1.0645554208755492
3,129500,1.0544020503759384
3,129600,1.0589161288738251
3,129700,1.0078450268507004
3,129800,1.1126133781671523
3,129900,1.0855733895301818
3,130000,1.1089851087331772
3,130100,1.0452715480327606
3,130200,1.0345848000049591
3,130300,1.043944200873375
3,130400,1.0770954430103301
3,130500,1.0888096410036088
3,130600,1.0273659271001816
3,130700,1.0785790979862213
3,130800,1.037921475172043
3,130900,1.0431736838817596
3,131000,1.0666732186079024
3,131100,1.1348735517263413
3,131200,1.0651532328128814
3,131300,1.0246973115205764
3,131400,1.015973436832428
3,131500,1.0776028746366502
3,131600,1.0284754395484925
3,131700,1.1126434099674225
3,131800,1.1213719588518143
3,131900,1.0678122013807296
3,132000,1.004672828912735
3,132100,1.0327346152067185
3,132200,0.9784104484319687
3,132300,1.077070609331131
3,132400,1.0229388535022736
3,132500,1.0435572189092637
3,132600,1.0369691240787506
3,132700,0.9839106911420822
3,132800,0.9967513287067413
3,132900,0.9966864675283432
3,133000,1.029268689751625
3,133100,1.0029247814416886
3,133200,1.0087291139364243
3,133300,1.05857368350029
3,133400,1.0359407323598862
3,133500,0.9936271876096725
3,133600,1.159582512974739
3,133700,1.0797418755292894
3,133800,1.0309809249639512
3,133900,1.0527073729038239
3,134000,1.0633548927307128
3,134100,1.0316430306434632
3,134200,1.1384148639440537
3,134300,1.0783349400758744
3,134400,1.053839888572693
3,134500,1.092733138203621
3,134600,1.0790815287828446
3,134700,1.0587769341468811
3,134800,1.1104492628574372
3,134900,1.105662654042244
3,135000,1.030807102918625
3,135100,1.02936517059803
3,135200,1.112083095908165
3,135300,1.1598821783065796
3,135400,1.0573063468933106
3,135500,1.0565780240297318
3,135600,1.1014117074012757
3,135700,1.043309561610222
3,135800,1.0219696593284606
3,135900,1.039761062860489
3,136000,1.0907496476173402
3,136100,1.0776761317253112
3,136200,1.0186848443746568
3,136300,1.0281859260797501
3,136400,1.078991812467575
3,136500,1.0623226124048233
3,136600,1.0298021787405014
3,136700,1.0539344936609267
3,136800,1.0542375612258912
3,136900,1.011060602068901
3,137000,1.0495505785942079
3,137100,1.0629588395357132
3,137200,0.9903832298517227
3,137300,1.0042578369379043
3,137400,1.008094882965088
3,137500,1.0054231917858123
3,137600,1.1261050397157668
3,137700,1.0207000344991684
3,137800,1.0395032417774202
3,137900,0.988180011510849
3,138000,1.0409009158611298
3,138100,1.1205917662382125
3,138200,1.117318834066391
3,138300,1.0480948197841644
3,138400,1.037107800245285
3,138500,1.000533145070076
3,138600,1.1244993484020234
3,138700,1.1295276445150375
3,138800,1.1154749393463135
3,138900,1.0818877023458482
3,139000,1.0327893620729447
3,139100,1.0206288236379624
3,139200,1.0821978223323823
3,139300,1.0453402423858642
3,139400,1.0438407361507416
3,139500,1.0658259266614913
3,139600,0.9976807928085327
3,139700,1.0719230484962463
3,139800,1.0679775685071946
3,139900,1.1289568156003953
3,140000,1.077374312877655
3,140100,1.0754503232240678
3,140200,1.0072608071565627
3,140300,1.1025884211063386
3,140400,1.0340073919296264
3,140500,1.085692428946495
3,140600,1.0195512652397156
3,140700,0.9730646538734437
3,140800,1.0212435972690583
3,140900,0.9974026709794999
3,141000,0.9894131362438202
3,141100,0.9783508569002152
3,141200,1.0466493833065034
3,141300,1.0314748579263686
3,141400,1.0172715121507645
3,141500,1.0310293841362
3,141600,0.9991799336671829
3,141700,0.9849234098196029
3,141800,1.0289581745862961
3,141900,1.012824780344963
3,142000,1.099974809885025
3,142100,1.1181145077943802
3,142200,1.0983830964565278
3,142300,1.0632688814401627
3,142400,1.0746673715114594
3,142500,1.0553990054130553
3,142600,1.1344196271896363
3,142700,1.0892210507392883
3,142800,1.04178069293499
3,142900,1.077913942337036
3,143000,1.0940746748447419
3,143100,1.0864954018592834
3,143200,1.0735341721773148
3,143300,1.0607685005664826
3,143400,1.0093187803030015
3,143500,1.09817769408226
3,143600,1.1051136708259583
3,143700,1.0255133467912674
3,143800,1.0009119403362274
3,143900,1.075396547317505
3,144000,1.0338121336698531
3,144100,1.0738862162828446
3,144200,1.0456345957517623
3,144300,1.0384801638126373
3,144400,1.0478616559505463
3,144500,0.9962576931715011
3,144600,1.0226702666282654
3,144700,0.942729481458664
3,144800,1.0050287878513335
3,144900,1.0294269734621049
3,145000,0.9867044156789779
3,145100,1.0513554149866104
3,145200,1.0024904310703278
3,145300,1.0005546694993972
3,145400,1.0080779248476028
3,145500,1.0278756034374237
3,145600,1.0051326251029968
3,145700,1.10261043548584
3,145800,1.0507254832983017
3,145900,1.0604010373353958
3,146000,1.005131378173828
3,146100,1.0364450085163117
3,146200,1.1244512432813645
3,146300,1.050510413646698
3,146400,1.04223093688488
3,146500,1.0451574283838272
3,146600,1.0372189968824386
3,146700,1.0817082250118255
3,146800,1.1933469277620317
3,146900,1.0298662716150284
3,147000,1.0521881705522538
3,147100,1.0441131311655045
3,147200,0.9975338500738143
3,147300,1.064458616375923
3,147400,1.0645917302370071
3,147500,1.0265544199943542
3,147600,1.0217444205284119
3,147700,1.0588773781061172
3,147800,1.097990898489952
3,147900,1.1631455278396607
3,148000,1.0417609351873398
3,148100,1.0178895860910415
3,148200,1.0404116076231003
3,148300,0.9356998074054718
3,148400,1.0094449973106385
3,148500,1.0112668079137803
3,148600,0.973807692527771
3,148700,0.9700138372182846
3,148800,1.0002287489175796
3,148900,1.0135673761367798
3,149000,1.0815779274702073
3,149100,0.9621646600961685
3,149200,1.0295431703329085
3,149300,1.0570835268497467
3,149400,0.9904329764842987
3,149500,1.0376346433162689
3,149600,1.0494850558042526
3,149700,1.044729608297348
3,149800,1.0313750654459
3,149900,1.0478241401910782
3,150000,1.0004579037427903
3,150100,1.1200967794656753
3,150200,1.0353909569978714
3,150300,1.0077844893932342
3,150400,1.002630157470703
3,150500,1.0087716120481491
3,150600,1.045756379365921
3,150700,1.1841927951574325
3,150800,1.0534860092401503
3,150900,1.0245405739545823
3,151000,1.0484297394752502
3,151100,1.0080268436670303
3,151200,1.0210787296295165
3,151300,1.0540680253505708
3,151400,1.0340743070840837
3,151500,0.995437570810318
3,151600,0.9858278357982635
3,151700,1.057904224395752
3,151800,1.1015227007865906
3,151900,1.0107569068670272
3,152000,0.9857624971866608
3,152100,0.9833308082818984
3,152200,1.0456804686784744
3,152300,0.9710484457015991
3,152400,1.0071798640489578
3,152500,0.9767720204591751
3,152600,0.9947273123264313
3,152700,1.037322313785553
3,152800,1.0248466265201568
3,152900,1.0363334780931472
4,153000,0.8648275828361511
4,153100,0.8702456468343734
4,153200,0.8982756870985031
4,153300,0.9130621635913849
4,153400,0.9698455399274826
4,153500,1.0029297828674317
4,153600,0.9671652096509934
4,153700,0.8897683954238892
4,153800,0.9738886588811875
4,153900,0.9261014157533646
4,154000,0.8705841493606568
4,154100,0.9210070639848709
4,154200,0.9902550464868546
4,154300,0.980966746211052
4,154400,1.0425364941358566
4,154500,0.8502253198623657
4,154600,0.8667208009958267
4,154700,1.1149366158246994
4,154800,1.152985526919365
4,154900,1.012443601489067
4,155000,0.9488934969902039
4,155100,1.001746746301651
4,155200,0.9868749380111694
4,155300,1.0323284256458283
4,155400,1.0391057705879212
4,155500,0.8807242316007614
4,155600,0.949374053478241
4,155700,1.078520848751068
4,155800,1.1783760166168213
4,155900,1.0263134360313415
4,156000,0.9494842576980591
4,156100,0.9994625872373581
4,156200,0.9799690192937851
4,156300,0.9962957179546357
4,156400,1.0363978713750839
4,156500,0.9303774279356003
4,156600,0.989961770772934
4,156700,0.9500391429662705
4,156800,0.906268492937088
4,156900,0.9342967838048934
4,157000,0.967431144118309
4,157100,1.0157389837503432
4,157200,0.947797823548317
4,157300,0.8539233070611953
4,157400,0.9591732305288315
4,157500,1.0623768609762192
4,157600,1.2177738857269287
4,157700,0.9700498825311661
4,157800,1.0440778613090516
4,157900,0.9686482006311417
4,158000,0.9604111790657044
4,158100,1.0031912785768509
4,158200,0.8966082590818405
4,158300,0.9216661357879639
4,158400,1.0905207538604735
4,158500,1.233453887104988
4,158600,1.4488307416439057
4,158700,1.155285295844078
4,158800,1.0199490886926652
4,158900,1.0419447642564774
4,159000,1.0796965354681014
4,159100,1.0749481219053267
4,159200,1.02729059278965
4,159300,1.0326853185892104
4,159400,1.0367975229024886
4,159500,0.9727284705638886
4,159600,1.0290782767534257
4,159700,1.098673769235611
4,159800,1.1110475236177444
4,159900,1.035833460688591
4,160000,1.0194207364320755
4,160100,0.9972901761531829
4,160200,1.0140254443883896
4,160300,1.0317656528949737
4,160400,1.0613052201271058
4,160500,1.0562209898233414
4,160600,1.0324596387147904
4,160700,1.0654885202646256
4,160800,1.00618927359581
4,160900,0.9614721089601517
4,161000,1.0533794915676118
4,161100,1.1259917056560516
4,161200,1.0527403843402863
4,161300,1.0199926203489305
4,161400,1.0048815548419952
4,161500,0.9879355782270431
4,161600,0.9926406234502793
4,161700,1.092635182738304
4,161800,0.9737395107746124
4,161900,1.028565559387207
4,162000,1.0131437301635742
4,162100,0.9738441342115403
4,162200,0.9984291011095047
4,162300,0.9781774002313613
4,162400,1.0520724952220917
4,162500,0.9700721496343613
4,162600,0.9398047202825546
4,162700,0.9961278140544891
4,162800,0.9834209311008454
4,162900,0.998802872300148
4,163000,1.0186690700054168
4,163100,0.9850290858745575
4,163200,1.0314555031061172
4,163300,1.0032237249612808
4,163400,1.027463928461075
4,163500,1.0036347019672394
4,163600,0.9602147912979127
4,163700,1.073599466085434
4,163800,1.0665355998277664
4,163900,1.0690711325407027
4,164000,1.0224003142118454
4,164100,1.0701401388645173
4,164200,1.0246471512317656
4,164300,1.063811912536621
4,164400,1.0370541203022003
4,164500,1.13020228266716
4,164600,1.0549535191059112
4,164700,1.042326766848564
4,164800,0.9895304572582245
4,164900,0.9814009517431259
4,165000,0.9870433342456818
4,165100,1.0760976642370224
4,165200,1.08791069149971
4,165300,0.9948871994018554
4,165400,1.0398027753829957
4,165500,0.9944584262371063
4,165600,0.9989209818840027
4,165700,0.9986650794744492
4,165800,1.1201522982120513
4,165900,1.0138958418369293
4,166000,1.060681284070015
4,166100,0.9990699696540832
4,166200,1.0089066803455353
4,166300,1.057746133208275
4,166400,1.014762568473816
4,166500,1.017044849395752
4,166600,1.0211562824249267
4,166700,0.9936751753091813
4,166800,1.0421942704916
4,166900,1.021057002544403
4,167000,1.0059607547521592
4,167100,1.0530600237846375
4,167200,0.9716327649354934
4,167300,0.9825751924514771
4,167400,0.9922118359804153
4,167500,1.023820806145668
4,167600,1.048271758556366
4,167700,1.0746103376150131
4,167800,0.9970166665315628
4,167900,1.031032059788704
4,168000,0.9885826402902603
4,168100,1.062064798474312
4,168200,1.1093291264772416
4,168300,1.125550622344017
4,168400,1.0453985220193862
4,168500,1.1056077247858047
4,168600,0.9940572047233581
4,168700,1.0446036547422408
4,168800,1.0552262270450592
4,168900,1.13586006462574
4,169000,1.0478045028448104
4,169100,1.0558521342277527
4,169200,0.9919830787181855
4,169300,1.0626195442676545
4,169400,1.159097676873207
4,169500,1.0864581847190857
4,169600,1.017720828652382
4,169700,1.06480053126812
4,169800,1.0189703059196473
4,169900,1.0946978217363357
4,170000,1.0827088868618011
4,170100,1.0682264959812164
4,170200,1.0033162289857864
4,170300,1.0387004125118255
4,170400,1.0317519861459732
4,170500,1.0180295449495316
4,170600,1.0198173534870147
4,170700,1.0857375478744506
4,170800,0.9661165326833725
4,170900,1.0203506070375443
4,171000,1.0578542149066925
4,171100,1.0320418322086333
4,171200,0.9662027418613434
4,171300,1.0774721014499664
4,171400,0.9361992752552033
4,171500,0.9999982810020447
4,171600,1.0429292595386506
4,171700,1.0648957335948943
4,171800,1.0650136572122575
4,171900,1.0502048361301421
4,172000,1.0150601422786714
4,172100,1.0609307968616486
4,172200,1.005606455206871
4,172300,1.0213279807567597
4,172400,1.0282857364416123
4,172500,1.044089497923851
4,172600,0.9754198431968689
4,172700,1.0336258399486542
4,172800,1.0070048242807388
4,172900,1.0403438341617584
4,173000,1.0677385157346726
4,173100,1.0912663716077804
4,173200,1.0277265816926957
4,173300,1.018322536945343
4,173400,0.9715157443284989
4,173500,1.0714810115098954
4,173600,1.1067094296216964
4,173700,0.9670633226633072
4,173800,1.0906105995178224
4,173900,1.0093859845399857
4,174000,1.0383837181329727
4,174100,1.1235619598627091
4,174200,1.08051324903965
4,174300,0.9909281516075135
4,174400,1.0339379388093948
4,174500,0.9681239926815033
4,174600,1.0136303716897965
4,174700,1.066953292489052
4,174800,1.018168615102768
4,174900,1.0343625074625016
4,175000,1.0051661485433578
4,175100,0.9405369251966477
4,175200,0.9907232749462128
4,175300,0.9917671084403992
4,175400,0.9194074338674545
4,175500,0.9320338273048401
4,175600,1.016939766407013
4,175700,0.9912924021482468
4,175800,0.9692337822914123
4,175900,1.0600557482242585
4,176000,1.0318673878908158
4,176100,1.011040273308754
4,176200,0.9841125684976578
4,176300,0.9977698624134064
4,176400,0.9750677341222763
4,176500,1.048614205121994
4,176600,1.0529093205928803
4,176700,0.9771056693792343
4,176800,1.0806463038921357
4,176900,1.006371010541916
4,177000,0.9671232259273529
4,177100,1.1000203609466552
4,177200,1.068978334069252
4,177300,0.968024668097496
4,177400,0.9883389109373093
4,177500,0.9653891795873641
4,177600,1.006875826716423
4,177700,1.1194950664043426
4,177800,1.062649809718132
4,177900,1.0530171293020247
4,178000,1.0715264761447907
4,178100,1.0172385627031326
4,178200,1.0194670140743256
4,178300,1.0732262527942658
4,178400,1.037884736061096
4,178500,1.010372514128685
4,178600,1.0091797959804536
4,178700,1.030002037882805
4,178800,1.034834771156311
4,178900,1.012229481935501
4,179000,0.9766636222600937
4,179100,1.0316919022798539
4,179200,0.9855817848443985
4,179300,1.028108719587326
4,179400,0.9417715126276016
4,179500,0.9974076151847839
4,179600,1.0448962187767028
4,179700,0.9883687627315522
4,179800,0.9725124537944794
4,179900,0.9857861596345902
4,180000,0.935423590540886
4,180100,1.0174152529239655
4,180200,1.0503162544965745
4,180300,0.9867926764488221
4,180400,1.041487725377083
4,180500,1.0002600771188737
4,180600,1.0178157341480256
4,180700,0.9944021517038345
4,180800,1.0872410160303116
4,180900,1.042841883301735
4,181000,1.0502424150705338
4,181100,1.017155978679657
4,181200,0.9980874246358872
4,181300,1.0028466248512269
4,181400,1.0912175858020783
4,181500,1.0011862456798553
4,181600,1.0486389672756196
4,181700,1.0096792733669282
4,181800,1.0030544006824493
4,181900,0.9980605161190033
4,182000,1.0967073106765748
4,182100,1.0631533432006837
4,182200,1.0160158789157867
4,182300,0.9801178306341172
4,182400,0.9902111810445785
4,182500,1.044068974852562
4,182600,1.0338503682613374
4,182700,1.103677648305893
4,182800,1.0219408416748046
4,182900,1.0204023289680482
4,183000,0.9765288656949997
4,183100,1.0176902425289154
4,183200,0.9202984607219696
4,183300,1.0700890821218492
4,183400,0.9923912107944488
4,183500,1.0091091537475585
4,183600,0.9744473224878312
4,183700,0.9609195524454117
4,183800,0.9449391490221024
4,183900,0.9793714588880539
4,184000,0.9846960192918778
4,184100,1.0191396981477738
4,184200,0.9539536625146866
4,184300,1.048594327569008
4,184400,0.9686022228002549
4,184500,1.0100667536258698
4,184600,1.1413866543769837
4,184700,1.0080787360668182
4,184800,1.000273100733757
4,184900,1.0188116472959519
4,185000,0.9979397058486938
4,185100,1.036818832755089
4,185200,1.1114464265108108
4,185300,1.050847865343094
4,185400,0.9974997743964196
4,185500,1.0813758581876756
4,185600,1.012006847858429
4,185700,1.054734974503517
4,185800,1.0726937901973725
4,185900,1.0641909790039064
4,186000,0.9864976638555527
4,186100,1.0071769827604293
4,186200,1.0805341470241547
4,186300,1.112438017129898
4,186400,1.0344087755680085
4,186500,1.0322819447517395
4,186600,1.0367702054977417
4,186700,1.010561032295227
4,186800,1.013547875881195
4,186900,1.0136574137210845
4,187000,1.0351599037647248
4,187100,1.0292848658561706
4,187200,0.981588180065155
4,187300,1.0202269041538239
4,187400,1.0296805095672608
4,187500,1.0324466091394424
4,187600,1.0070689278841018
4,187700,1.016256394982338
4,187800,1.0164635860919953
4,187900,0.9934486109018326
4,188000,1.0361938029527664
4,188100,0.9945962989330291
4,188200,0.9502641713619232
4,188300,0.9794186866283416
4,188400,0.9552540719509125
4,188500,1.0718267905712127
4,188600,1.0309070509672165
4,188700,0.9762713521718979
4,188800,0.9884903186559677
4,188900,0.9596707481145859
4,189000,1.0659367376565934
4,189100,1.0550138002634049
4,189200,1.1172894936800004
4,189300,1.0018909567594527
4,189400,0.9809928745031357
4,189500,1.0035554200410843
4,189600,1.0958710902929305
4,189700,1.0911605888605118
4,189800,1.0421558809280396
4,189900,1.075600238442421
4,190000,0.9624644786119461
4,190100,1.0148245161771774
4,190200,1.0558362358808517
4,190300,1.0195907920598983
4,190400,0.9910355931520463
4,190500,1.0238070464134217
4,190600,1.017885867357254
4,190700,1.014280744791031
4,190800,1.0807827091217042
4,190900,1.0990234637260436
4,191000,1.020773258805275
4,191100,0.9950467842817307
4,191200,1.0347017443180084
4,191300,1.0417939746379852
4,191400,1.0072865217924118
4,191500,1.0456125050783158
4,191600,0.9737239331007004
4,191700,0.9432160377502441
4,191800,0.9924263435602189
4,191900,0.9742415410280227
4,192000,0.9525011301040649
4,192100,0.9642448174953461
4,192200,1.0094682228565217
4,192300,1.0095560127496719
4,192400,0.9730083584785462
4,192500,0.9882404428720474
4,192600,0.9858258038759231
4,192700,0.9443536996841431
4,192800,0.9923162114620209
4,192900,1.00800294816494
4,193000,1.0984632515907287
4,193100,1.0547786927223206
4,193200,1.0780312669277192
4,193300,1.010904381275177
4,193400,1.0245761424303055
4,193500,1.0953108513355254
4,193600,1.065650532245636
4,193700,1.0451065385341645
4,193800,1.0148572969436644
4,193900,1.0631157106161118
4,194000,1.0331515687704087
4,194100,1.042659379839897
4,194200,1.0573980987071991
4,194300,0.9925833731889725
4,194400,1.0183091521263123
4,194500,1.0811273217201234
4,194600,1.0511960649490357
4,194700,0.9928059953451157
4,194800,0.9879146254062653
4,194900,1.0232575517892837
4,195000,0.9997274529933929
4,195100,1.0624874490499496
4,195200,0.9973240971565247
4,195300,1.027869164943695
4,195400,0.9867268419265747
4,195500,0.9899311375617981
4,195600,0.9738859015703202
4,195700,0.9144512951374054
4,195800,0.9781943225860595
4,195900,0.9874660009145737
4,196000,0.9639552849531173
4,196100,1.0463476753234864
4,196200,0.9634597331285477
4,196300,0.9549926030635834
4,196400,0.9886034351587295
4,196500,0.9919755780696868
4,196600,1.032774562239647
4,196700,1.0311993378400803
4,196800,1.0441463136672973
4,196900,0.9762892323732376
4,197000,0.9905196392536163
4,197100,1.0370933425426483
4,197200,1.0867292976379395
4,197300,1.0293229514360427
4,197400,0.9931894207000732
4,197500,1.0190690314769746
4,197600,1.019465798139572
4,197700,1.0907365089654923
4,197800,1.096363326907158
4,197900,1.0311777353286744
4,198000,1.0109580779075622
4,198100,0.9806216824054718
4,198200,0.9962276315689087
4,198300,1.0509989333152772
4,198400,1.0139040571451188
4,198500,0.9759357607364655
4,198600,1.0329785233736037
4,198700,1.0098685485124588
4,198800,1.0910521340370178
4,198900,1.0941770547628402
4,199000,1.009199281334877
4,199100,0.9877659004926681
4,199200,0.9839451670646667
4,199300,0.9416098302602768
4,199400,1.0053095591068268
4,199500,0.9561335700750351
4,199600,0.9389750969409942
4,199700,0.9429277575016022
4,199800,0.9783203554153442
4,199900,1.0154751306772232
4,200000,1.002929345369339
4,200100,0.9522528505325317
4,200200,1.0116285926103592
4,200300,1.028029002547264
4,200400,0.9726520186662674
4,200500,1.0231994962692261
4,200600,1.0117510622739792
4,200700,0.996110965013504
4,200800,1.0053299778699876
4,200900,0.9975803208351135
4,201000,1.0192995858192444
4,201100,1.0759326601028443
4,201200,0.9956982564926148
4,201300,0.9705045247077941
4,201400,0.9604342603683471
4,201500,1.003136179447174
4,201600,1.0720484226942062
4,201700,1.082301013469696
4,201800,1.0338715887069703
4,201900,0.9808453392982482
4,202000,1.0293520539999008
4,202100,0.9835338860750198
4,202200,1.003134971857071
4,202300,0.9997532838582992
4,202400,1.0019504094123841
4,202500,0.9756112670898438
4,202600,0.9792493218183518
4,202700,1.030714032649994
4,202800,1.0599295097589492
4,202900,0.9663394141197205
4,203000,0.9587851792573929
4,203100,1.030655380487442
4,203200,0.9545378589630127
4,203300,0.9498859810829162
4,203400,0.9695470970869065
4,203500,0.9604071497917175
4,203600,0.954341276884079
4,203700,1.0119869458675383
4,203800,1.0068043673038483
5,203900,0.3079793894290924
5,204000,0.8175710809230804
5,204100,0.8360730910301208
5,204200,0.8863662880659103
5,204300,0.90829569876194
5,204400,0.932346453666687
5,204500,0.9654964888095856
5,204600,0.9041761761903763
5,204700,0.8774705630540848
5,204800,0.9582479101419449
5,204900,0.8538432151079178
5,205000,0.8713079565763473
5,205100,0.9067150777578354
5,205200,0.9368649339675903
5,205300,1.0000869554281235
5,205400,0.975189379453659
5,205500,0.7632964080572129
5,205600,0.868701138496399
5,205700,1.163289892077446
5,205800,1.1193386340141296
5,205900,0.9459166651964188
5,206000,0.9296726167201996
5,206100,0.9940247803926467
5,206200,0.9084134751558304
5,206300,1.0438553720712662
5,206400,0.9637580847740174
5,206500,0.8687222504615784
5,206600,0.956443350315094
5,206700,1.0856010174751283
5,206800,1.126679134964943
5,206900,0.938490915298462
5,207000,0.9328724831342697
5,207100,0.979181882739067
5,207200,0.9421916794776917
5,207300,0.9870071578025817
5,207400,0.9866777896881104
5,207500,0.880397561788559
5,207600,0.9782608258724212
5,207700,0.9005536198616028
5,207800,0.8855832552909851
5,207900,0.8840945827960968
5,208000,0.9751963746547699
5,208100,1.0194591188430786
5,208200,0.8318032336235046
5,208300,0.8550923627614975
5,208400,0.9568224436044693
5,208500,1.1712664061784743
5,208600,1.0705430179834365
5,208700,0.9630827760696411
5,208800,1.0113016295433044
5,208900,0.9444006127119065
5,209000,0.9219780105352402
5,209100,0.9699498850107193
5,209200,0.83017682492733
5,209300,0.9460640352964401
5,209400,1.1227250272035598
5,209500,1.1929618227481842
5,209600,1.4744380915164947
5,209700,1.0309918290376663
5,209800,0.9774585366249084
5,209900,1.0368439704179764
5,210000,1.0538627415895463
5,210100,1.020156697034836
5,210200,0.9982620364427567
5,210300,1.0411034846305847
5,210400,0.9321121805906296
5,210500,0.9699761545658112
5,210600,1.0218335163593293
5,210700,1.0749051266908645
5,210800,1.0850527364015579
5,210900,0.9533335155248642
5,211000,1.0142067748308181
5,211100,0.9921556949615479
5,211200,0.9492764973640442
5,211300,1.0142340952157973
5,211400,1.0541832596063614
5,211500,0.9757538861036301
5,211600,1.067325679063797
5,211700,0.994331287741661
5,211800,0.9780472213029862
5,211900,0.9329086381196976
5,212000,1.0598509120941162
5,212100,1.1049086725711823
5,212200,0.9754456406831742
5,212300,0.979900022149086
5,212400,0.9775262969732285
5,212500,0.9696339410543442
5,212600,1.0002238309383393
5,212700,1.0255269080400466
5,212800,0.9551675027608871
5,212900,1.0222907823324203
5,213000,0.9471531361341476
5,213100,0.9520110791921615
5,213200,0.9528546762466431
5,213300,0.9825450766086579
5,213400,1.0132881480455398
5,213500,0.9180957812070847
5,213600,0.9192402750253678
5,213700,0.963887026309967
5,213800,0.9718634915351868
5,213900,0.9817675060033798
5,214000,0.9679440647363663
5,214100,0.9851315522193909
5,214200,0.9905458611249923
5,214300,0.9684717828035354
5,214400,1.0149641859531402
5,214500,0.9682016026973724
5,214600,0.945128983259201
5,214700,1.0478791069984437
5,214800,1.0413362127542496
5,214900,1.0139709722995758
5,215000,1.0156002926826477
5,215100,1.0409907227754593
5,215200,0.9954282808303833
5,215300,1.0121077907085418
5,215400,1.0384698629379272
5,215500,1.1171315133571624
5,215600,0.9941041672229767
5,215700,0.9991911858320236
5,215800,0.9609886473417282
5,215900,0.9403998631238938
5,216000,0.9998188942670823
5,216100,1.0539724415540694
5,216200,1.0398488700389863
5,216300,0.9679676806926727
5,216400,1.002772411108017
5,216500,0.968587470650673
5,216600,0.948352432847023
5,216700,1.039180539250374
5,216800,1.0540839004516602
5,216900,0.9813495516777039
5,217000,1.0374457794427872
5,217100,0.962412571310997
5,217200,0.9880038976669312
5,217300,1.0125755423307419
5,217400,1.0093402308225632
5,217500,0.9573883330821991
5,217600,1.00615581035614
5,217700,0.9650464034080506
5,217800,1.0327011543512343
5,217900,0.9623643016815185
5,218000,1.0226671975851058
5,218100,0.9870270752906799
5,218200,0.9365710335969925
5,218300,0.967058892250061
5,218400,0.9937837040424347
5,218500,0.9793165153265
5,218600,1.0419676572084426
5,218700,1.007842652797699
5,218800,0.9943289893865586
5,218900,0.993962037563324
5,219000,0.975274909734726
5,219100,1.0391187691688537
5,219200,1.093325628042221
5,219300,1.0803116071224212
5,219400,0.9960217994451522
5,219500,1.0561852431297303
5,219600,0.9985011410713196
5,219700,1.0069199049472808
5,219800,1.060877149105072
5,219900,1.076164972782135
5,220000,1.0531837964057922
5,220100,0.9658676743507385
5,220200,1.001876038312912
5,220300,1.019472348690033
5,220400,1.1548269027471543
5,220500,1.035859323143959
5,220600,1.0216366869211198
5,220700,0.9971722131967544
5,220800,1.0246888208389282
5,220900,1.0432391554117202
5,221000,1.0609171414375305
5,221100,1.0246148264408113
5,221200,0.991965234875679
5,221300,0.9974154031276703
5,221400,1.0010259407758713
5,221500,0.9823323392868042
5,221600,1.034159660935402
5,221700,1.0046965038776399
5,221800,0.9806376332044602
5,221900,0.9844470155239106
5,222000,1.0022756677865983
5,222100,1.0023256182670592
5,222200,0.9841973286867142
5,222300,0.9938399916887284
5,222400,0.9355728387832641
5,222500,0.9667717236280441
5,222600,1.0522838705778121
5,222700,1.0134103393554688
5,222800,1.0250012004375457
5,222900,1.0402003091573715
5,223000,0.98141028881073
5,223100,1.0195335388183593
5,223200,0.9869445008039475
5,223300,0.9863401466608047
5,223400,1.0214460152387619
5,223500,0.9734213668107986
5,223600,0.9944576776027679
5,223700,0.9743690717220307
5,223800,0.9998367822170258
5,223900,1.0213540703058244
5,224000,1.0981729298830032
5,224100,1.0167772102355956
5,224200,0.9914972931146622
5,224300,0.973190997838974
5,224400,0.9695946776866913
5,224500,1.0718482220172882
5,224600,1.0101800417900086
5,224700,0.9636059105396271
5,224800,1.0477282255887985
5,224900,1.0150575917959213
5,225000,1.0323757874965667
5,225100,1.077734384536743
5,225200,1.0120307850837706
5,225300,1.0193213284015656
5,225400,0.9695401901006698
5,225500,0.9233264517784119
5,225600,1.035075956583023
5,225700,1.014454447031021
5,225800,0.9787041574716568
5,225900,1.018755306005478
5,226000,0.9707924658060074
5,226100,0.9189136624336243
5,226200,0.9790040075778961
5,226300,0.9322193843126297
5,226400,0.9090434920787811
5,226500,0.929952067732811
5,226600,0.9888952177762985
5,226700,0.9359758150577545
5,226800,1.0052448970079422
5,226900,1.0223817205429078
5,227000,0.9844652074575424
5,227100,0.9721590274572373
5,227200,0.9731477260589599
5,227300,0.9613746583461762
5,227400,0.9665960729122162
5,227500,1.0423370379209518
5,227600,0.9892736518383026
5,227700,0.9908833080530166
5,227800,1.0415382999181748
5,227900,0.9650969392061234
5,228000,0.9700144976377487
5,228100,1.081198928952217
5,228200,1.001933291554451
5,228300,0.9589947044849396
5,228400,0.9564559614658356
5,228500,0.9631020510196686
5,228600,1.0023496329784394
5,228700,1.0709150230884552
5,228800,1.039751405119896
5,228900,1.0312414759397506
5,229000,1.0383365905284883
5,229100,0.9861825758218765
5,229200,0.9935943454504013
5,229300,1.0556023401021957
5,229400,0.9991748601198196
5,229500,0.9952027189731598
5,229600,0.9644502931833268
5,229700,1.0145603448152543
5,229800,1.0102649450302124
5,229900,0.9830498015880584
5,230000,0.9677340871095658
5,230100,1.0019359964132308
5,230200,0.9738940960168838
5,230300,0.9685634016990662
5,230400,0.9062191581726075
5,230500,1.028513805270195
5,230600,0.9437983083724976
5,230700,0.9791582709550858
5,230800,0.9656699538230896
5,230900,0.9576088935136795
5,231000,0.9147481817007065
5,231100,1.0113126409053803
5,231200,0.9985212779045105
5,231300,0.9990886014699936
5,231400,1.0006269299983979
5,231500,0.9827285939455033
5,231600,0.9565885806083679
5,231700,1.0120725244283677
5,231800,1.0491851902008056
5,231900,1.0417666375637054
5,232000,0.9651415079832077
5,232100,1.0039966958761215
5,232200,1.0032884192466736
5,232300,0.981254820227623
5,232400,1.0573028743267059
5,232500,0.9496794098615646
5,232600,1.0398486125469208
5,232700,0.9849376249313354
5,232800,0.9881807780265808
5,232900,0.9850374525785446
5,233000,1.1131062644720078
5,233100,0.9984343618154525
5,233200,0.9876623117923736
5,233300,0.9619925397634507
5,233400,0.9688590830564499
5,233500,0.9793449330329895
5,233600,1.0559032440185547
5,233700,1.0805646789073944
5,233800,0.9937963509559631
5,233900,0.9651385396718979
5,234000,0.9662212783098221
5,234100,0.9622962260246277
5,234200,0.9332880067825318
5,234300,1.0279932725429535
5,234400,0.9713847875595093
5,234500,0.9924476075172425
5,234600,0.921529198884964
5,234700,0.9331931924819946
5,234800,0.9372388845682145
5,234900,0.9694138145446778
5,235000,0.9483367431163788
5,235100,0.9684154033660889
5,235200,0.981308788061142
5,235300,1.0009382331371308
5,235400,0.9420167690515518
5,235500,1.0634334629774094
5,235600,1.0377852618694305
5,235700,0.9911499291658401
5,235800,0.993257983326912
5,235900,0.9730341750383377
5,236000,0.9773896294832229
5,236100,1.0396931052207947
5,236200,1.0642294532060623
5,236300,1.022857841849327
5,236400,0.9920529794692993
5,236500,1.0504774701595307
5,236600,0.9839916533231735
5,236700,1.0369621354341507
5,236800,1.0576304686069489
5,236900,1.0072689706087112
5,237000,0.9619675362110138
5,237100,1.0093479698896408
5,237200,1.0696886247396469
5,237300,1.0670998787879944
5,237400,1.0015098983049393
5,237500,1.0206101620197296
5,237600,0.9984997421503067
5,237700,0.9777330815792084
5,237800,0.9990186899900436
5,237900,0.9885893702507019
5,238000,1.0067908585071563
5,238100,1.011878506541252
5,238200,0.9389121586084366
5,238300,1.0393322187662124
5,238400,0.9866944026947021
5,238500,1.0062787640094757
5,238600,0.9959339272975921
5,238700,0.9913204377889633
5,238800,0.9766891700029373
5,238900,0.9689254015684128
5,239000,1.027648668885231
5,239100,0.9305526000261307
5,239200,0.9429738038778305
5,239300,0.9578363513946533
5,239400,0.9425684875249862
5,239500,1.0477024430036546
5,239600,1.0034261572360992
5,239700,0.971073237657547
5,239800,0.9528829568624496
5,239900,0.9578335905075073
5,240000,1.0465439194440842
5,240100,1.010353907942772
5,240200,1.0727431470155715
5,240300,0.9931134343147278
5,240400,0.9407352381944656
5,240500,1.0231683403253555
5,240600,1.059087240099907
5,240700,1.084230717420578
5,240800,0.9950892013311387
5,240900,1.014512176513672
5,241000,0.9621136456727981
5,241100,0.9992545872926712
5,241200,1.0088450992107392
5,241300,1.0267241293191909
5,241400,0.973031245470047
5,241500,0.9536235386133194
5,241600,1.0179356157779693
5,241700,0.988750279545784
5,241800,1.0447954249382019
5,241900,1.1017442083358764
5,242000,0.9969230604171753
5,242100,0.9350685721635819
5,242200,1.0620595932006835
5,242300,0.9928419476747513
5,242400,1.012995011806488
5,242500,0.9738067698478698
5,242600,0.9319279760122299
5,242700,0.9525895911455154
5,242800,0.95418752014637
5,242900,0.9592426443099975
5,243000,0.9014427101612091
5,243100,0.9665614306926728
5,243200,0.9897006821632385
5,243300,0.9828750836849213
5,243400,0.9603367084264756
5,243500,0.9543075096607209
5,243600,0.9377939999103546
5,243700,0.9573257565498352
5,243800,0.9757745832204818
5,243900,0.9942246782779693
5,244000,1.0772288519144058
5,244100,1.0349502980709075
5,244200,1.0237007540464402
5,244300,1.006876773238182
5,244400,0.9977471119165421
5,244500,1.080382022857666
5,244600,1.032275871038437
5,244700,1.0134199237823487
5,244800,0.9895529997348785
5,244900,1.0298017233610153
5,245000,1.0258939111232757
5,245100,1.0148404622077942
5,245200,1.0365975505113603
5,245300,0.9502692741155624
5,245400,1.0279554957151413
5,245500,1.0426336115598678
5,245600,1.0048897069692613
5,245700,0.9412339425086975
5,245800,1.003440456390381
5,245900,0.9829074776172638
5,246000,1.008081743121147
5,246100,1.019669760465622
5,246200,0.9810673797130585
5,246300,1.0120984882116317
5,246400,0.9442006576061249
5,246500,0.9692081832885742
5,246600,0.9261497980356217
5,246700,0.9299794054031372
5,246800,0.9527332812547684
5,246900,0.9614875453710556
5,247000,0.9529679107666016
5,247100,0.9883544063568115
5,247200,0.9442558717727662
5,247300,0.9648802345991134
5,247400,0.9549852031469345
5,247500,0.9571795684099197
5,247600,1.0380211251974105
5,247700,1.0027331185340882
5,247800,1.0161704212427138
5,247900,0.9500720524787902
5,248000,0.9783658087253571
5,248100,1.0223234486579895
5,248200,1.0604007214307785
5,248300,1.0004397416114807
5,248400,0.9757883071899414
5,248500,0.9725004905462264
5,248600,1.0077051091194154
5,248700,1.1460004818439484
5,248800,0.9932112669944764
5,248900,1.001078999042511
5,249000,1.0036072838306427
5,249100,0.9489926332235337
5,249200,1.0069191718101502
5,249300,1.034466297030449
5,249400,0.9582366871833802
5,249500,0.9620255035161972
5,249600,1.013515934944153
5,249700,0.992958796620369
5,249800,1.1143877863883973
5,249900,1.0279758203029632
5,250000,0.9624004793167115
5,250100,0.9615455901622773
5,250200,0.9411886805295944
5,250300,0.9313955700397492
5,250400,0.9907733225822448
5,250500,0.9225720453262329
5,250600,0.9143401175737381
5,250700,0.9493477326631546
5,250800,0.9584982293844223
5,250900,1.026848806142807
5,251000,0.9233326745033265
5,251100,0.9416213887929916
5,251200,1.0042556619644165
5,251300,0.9763118726015091
5,251400,0.9664400947093964
5,251500,1.0141111475229263
5,251600,0.9805039989948273
5,251700,0.9804302680492402
5,251800,0.9713634532690049
5,251900,0.9822189730405807
5,252000,1.036190659403801
5,252100,1.0287239092588425
5,252200,0.9542252033948898
5,252300,0.9457639634609223
5,252400,0.9334939229488373
5,252500,0.9926497703790664
5,252600,1.121031773686409
5,252700,0.9850742048025132
5,252800,1.0037632495164872
5,252900,0.9834548115730286
5,253000,0.9827472782135009
5,253100,0.9624429786205292
5,253200,1.0018002384901046
5,253300,0.9647277873754502
5,253400,0.9752593660354614
5,253500,0.9435098153352738
5,253600,0.983767746090889
5,253700,1.0089687377214431
5,253800,1.0156378483772277
5,253900,0.9514001208543778
5,254000,0.9235619807243347
5,254100,1.023216544985771
5,254200,0.9021904700994492
5,254300,0.9605298537015915
5,254400,0.9264722508192063
5,254500,0.9360991644859314
5,254600,0.9727131825685501
5,254700,0.99129931807518
5,254800,0.9775285583734512
6,254900,0.5633082187175751
6,255000,0.7820055693387985
6,255100,0.853731404542923
6,255200,0.8617550897598266
6,255300,0.8915661805868149
6,255400,0.9396623665094376
6,255500,0.9199840915203095
6,255600,0.8427807688713074
6,255700,0.9011715549230576
6,255800,0.9191109436750412
6,255900,0.808238268494606
6,256000,0.8736417633295059
6,256100,0.924751461148262
6,256200,0.8979617828130722
6,256300,0.9898453956842422
6,256400,0.892056541442871
6,256500,0.7738011789321899
6,256600,0.9349289977550507
6,256700,1.1147627598047256
6,256800,1.036685973405838
6,256900,0.9274584412574768
6,257000,0.9076462405920028
6,257100,0.9586885279417038
6,257200,0.94123599588871
6,257300,1.0084251832962037
6,257400,0.866832531094551
6,257500,0.8982818603515625
6,257600,0.9695521748065948
6,257700,1.1052360689640046
6,257800,1.03102099776268
6,257900,0.9119436925649643
6,258000,0.9298028469085693
6,258100,0.9293067574501037
6,258200,0.9278892403841019
6,258300,0.9744229519367218
6,258400,0.9311133301258088
6,258500,0.9095686858892441
6,258600,0.9201810693740845
6,258700,0.8586233580112457
6,258800,0.8902289199829102
6,258900,0.8876372927427292
6,259000,0.9569541233778
6,259100,0.963100693821907
6,259200,0.7897340953350067
6,259300,0.8828576564788818
6,259400,0.9517317324876785
6,259500,1.2569118988513948
6,259600,0.8982492280006409
6,259700,0.9886153548955917
6,259800,0.9466450047492981
6,259900,0.9264164400100708
6,260000,0.9157980626821518
6,260100,0.9218426984548569
6,260200,0.8208340021967888
6,260300,1.0009208577871322
6,260400,1.1348344498872758
6,260500,1.1897151684761047
6,260600,1.36859073638916
6,260700,1.0021849489212036
6,260800,0.964137464761734
6,260900,1.0054040223360061
6,261000,1.0513777899742127
6,261100,0.9782484662532807
6,261200,0.9610429072380066
6,261300,1.009431055188179
6,261400,0.8940755218267441
6,261500,0.9606710481643677
6,261600,1.0384798121452332
6,261700,1.050546869635582
6,261800,1.0140478807687758
6,261900,0.9495084249973297
6,262000,0.95193552672863
6,262100,0.9910467785596847
6,262200,0.9463959586620331
6,262300,1.0145252847671509
6,262400,1.0239479428529739
6,262500,0.9597903114557266
6,262600,1.0407890784740448
6,262700,0.9434758454561234
6,262800,0.9438468724489212
6,262900,0.941086717247963
6,263000,1.0692203849554063
6,263100,1.038249751329422
6,263200,0.9441399133205414
6,263300,0.969591253399849
6,263400,0.9365478628873825
6,263500,0.9540154063701629
6,263600,1.0039943903684616
6,263700,0.9638375246524811
6,263800,0.947329290509224
6,263900,0.9951877796649933
6,264000,0.9293912816047668
6,264100,0.9308759915828705
6,264200,0.9212919819355011
6,264300,0.9941177028417587
6,264400,0.9760974878072739
6,264500,0.8818947678804397
6,264600,0.9197059088945388
6,264700,0.9505507922172547
6,264800,0.9296451336145402
6,264900,0.9612852352857589
6,265000,0.9384849846363068
6,265100,0.9834187597036361
6,265200,0.9490912735462189
6,265300,0.9615975916385651
6,265400,1.0002461439371109
6,265500,0.9031994825601578
6,265600,0.9710469514131546
6,265700,1.027798392176628
6,265800,1.0264512717723846
6,265900,0.968852905035019
6,266000,1.0099836778640747
6,266100,0.9878998750448227
6,266200,1.005059504508972
6,266300,0.9682979309558868
6,266400,1.0465069097280502
6,266500,1.0629898828268052
6,266600,0.9776802051067353
6,266700,0.959588588476181
6,266800,0.9331262832880021
6,266900,0.927846097946167
6,267000,1.0223266917467118
6,267100,1.0337997096776963
6,267200,0.9572682851552963
6,267300,0.9646074593067169
6,267400,0.9710078287124634
6,267500,0.9687279576063156
6,267600,0.9321759086847305
6,267700,1.0517079848051072
6,267800,0.9859143644571304
6,267900,0.9828653627634049
6,268000,0.9961017322540283
6,268100,0.9209479749202728
6,268200,0.9984415698051453
6,268300,0.9734837877750396
6,268400,0.9887652081251145
6,268500,0.9286409932374954
6,268600,0.9639597004652023
6,268700,0.9779185891151428
6,268800,0.9993420881032944
6,268900,0.9265449178218842
6,269000,1.0220921850204467
6,269100,0.9408837759494781
6,269200,0.9340403807163239
6,269300,0.9268638950586319
6,269400,0.9791484290361404
6,269500,0.9711835807561875
6,269600,1.028450558781624
6,269700,0.9665810441970826
6,269800,0.9849343883991242
6,269900,0.9472294616699218
6,270000,0.9760801392793655
6,270100,1.0437820315361024
6,270200,1.075492422580719
6,270300,1.0388171291351318
6,270400,1.000988820195198
6,270500,1.0022209316492081
6,270600,0.9862713587284088
6,270700,1.0030533123016356
6,270800,1.0416859859228134
6,270900,1.0306754326820373
6,271000,1.0276926589012145
6,271100,0.9293237447738647
6,271200,0.9923119252920151
6,271300,1.090937734246254
6,271400,1.054691298007965
6,271500,0.9995965343713761
6,271600,1.0071862733364105
6,271700,0.9708871984481812
6,271800,1.0068954849243164
6,271900,1.0510362493991852
6,272000,0.9959596312046051
6,272100,0.9820908880233765
6,272200,0.9901923137903214
6,272300,0.9678319776058197
6,272400,0.990273866057396
6,272500,0.9529884052276612
6,272600,1.0237785214185715
6,272700,0.9760687816143035
6,272800,0.9459670042991638
6,272900,0.9864297127723693
6,273000,0.9864275312423706
6,273100,0.9329398781061172
6,273200,1.0120420867204667
6,273300,0.9101536202430726
6,273400,0.9475729262828827
6,273500,0.9456519883871078
6,273600,1.0539982157945633
6,273700,0.9937779855728149
6,273800,1.007177820801735
6,273900,0.9813538962602615
6,274000,0.9855007815361023
6,274100,0.9879358428716659
6,274200,0.9920429593324661
6,274300,0.9320806664228439
6,274400,1.0340347272157668
6,274500,0.9358025848865509
6,274600,0.9943661046028137
6,274700,0.9279040390253067
6,274800,0.990380392074585
6,274900,1.017634574174881
6,275000,1.066237091422081
6,275100,0.9791497659683227
6,275200,0.9738304990530015
6,275300,0.949478810429573
6,275400,0.9540721398591995
6,275500,1.079746032357216
6,275600,0.9511255592107772
6,275700,0.9947699415683746
6,275800,0.9930028134584427
6,275900,0.9682949286699295
6,276000,1.065713033080101
6,276100,1.0536739426851272
6,276200,0.9386254942417145
6,276300,0.9938116586208343
6,276400,0.9526178163290023
6,276500,0.9041957044601441
6,276600,1.0421274054050444
6,276700,0.9824957180023194
6,276800,0.970842946767807
6,276900,0.988171169757843
6,277000,0.9139013242721558
6,277100,0.9107066637277603
6,277200,0.9725477010011673
6,277300,0.8651718986034393
6,277400,0.9020861464738846
6,277500,0.9482913434505462
6,277600,0.9626636046171189
6,277700,0.9081669449806213
6,277800,1.001004530787468
6,277900,0.9947403854131699
6,278000,0.992663791179657
6,278100,0.9314328491687774
6,278200,0.951418684720993
6,278300,0.9298243844509124
6,278400,0.988581292629242
6,278500,1.0187865090370178
6,278600,0.9400235968828201
6,278700,1.0231448882818222
6,278800,0.958337641954422
6,278900,0.9374679207801819
6,279000,1.012474867105484
6,279100,1.0425363290309906
6,279200,0.9331413131952285
6,279300,0.9581087279319763
6,279400,0.9105589598417282
6,279500,0.9591134679317475
6,279600,1.0458256202936171
6,279700,1.0341887885332108
6,279800,0.9940633642673492
6,279900,1.026594753265381
6,280000,0.9937001895904541
6,280100,0.9712963980436325
6,280200,0.9828620928525925
6,280300,1.020100000500679
6,280400,0.9701271033287049
6,280500,0.9746689033508301
6,280600,0.9530705535411834
6,280700,0.9845594835281372
6,280800,0.9980493533611298
6,280900,0.9413256698846817
6,281000,0.9532951194047928
6,281100,0.9657326793670654
6,281200,0.9616290456056595
6,281300,0.946718453168869
6,281400,0.9120167356729507
6,281500,1.0084668183326722
6,281600,0.903540820479393
6,281700,0.9563113802671432
6,281800,0.9661570775508881
6,281900,0.9038762646913528
6,282000,0.9264980781078339
6,282100,1.020951697230339
6,282200,0.944597179889679
6,282300,0.9862570959329605
6,282400,0.9699846863746643
6,282500,0.9725096976757049
6,282600,0.9281322300434113
6,282700,1.0365507262945175
6,282800,1.003346599340439
6,282900,1.0293601614236831
6,283000,0.9631619542837143
6,283100,0.958505864739418
6,283200,0.9648137366771699
6,283300,0.994834333062172
6,283400,1.016784741282463
6,283500,0.9543317461013794
6,283600,0.9989695572853088
6,283700,0.964139838218689
6,283800,0.9663390284776687
6,283900,0.9904547744989395
6,284000,1.062222101688385
6,284100,0.9843129312992096
6,284200,0.9461423486471177
6,284300,0.945885671377182
6,284400,0.9984489548206329
6,284500,0.9529437178373337
6,284600,1.0389508312940599
6,284700,1.0339228719472886
6,284800,0.9856401795148849
6,284900,0.9288610708713532
6,285000,0.9525457119941712
6,285100,0.9030677431821823
6,285200,0.9984926921129227
6,285300,0.9487567138671875
6,285400,0.9629094845056534
6,285500,0.957491112947464
6,285600,0.9125670063495636
6,285700,0.9137787395715713
6,285800,0.9308413487672805
6,285900,0.9561809080839158
6,286000,0.9257352441549301
6,286100,0.93405333340168
6,286200,0.9779323732852936
6,286300,0.961531194448471
6,286400,0.9263892614841461
6,286500,1.0757037431001664
6,286600,0.9998570543527603
6,286700,0.9558661103248596
6,286800,0.9693613696098328
6,286900,0.9847293323278428
6,287000,0.9520682895183563
6,287100,1.0681125736236572
6,287200,1.0007213938236237
6,287300,0.9750758990645408
6,287400,1.009744702577591
6,287500,1.0095288503170012
6,287600,0.9815459448099136
6,287700,1.032526245713234
6,287800,1.0269558554887772
6,287900,0.9570416051149369
6,288000,0.9480237609148026
6,288100,1.0337885689735413
6,288200,1.0777556616067887
6,288300,0.9803448808193207
6,288400,0.9765846955776215
6,288500,1.0172277718782425
6,288600,0.9640052509307862
6,288700,0.9476245069503784
6,288800,0.9687029027938843
6,288900,1.0071146965026856
6,289000,0.9998929208517074
6,289100,0.9390982419252396
6,289200,0.9602461779117584
6,289300,0.9984321367740631
6,289400,0.9904807204008103
6,289500,0.9563146662712098
6,289600,0.9836953228712082
6,289700,0.9790526062250138
6,289800,0.9382706952095031
6,289900,0.9750200814008713
6,290000,0.9894146889448165
6,290100,0.9153055089712143
6,290200,0.9279798823595047
6,290300,0.9312137204408646
6,290400,0.9338231605291366
6,290500,1.0494185215234757
6,290600,0.946675221323967
6,290700,0.9622602301836014
6,290800,0.9200877249240875
6,290900,0.9679364323616028
6,291000,1.035626974105835
6,291100,1.0458182734251023
6,291200,0.9765713769197464
6,291300,0.965404759645462
6,291400,0.9260886609554291
6,291500,1.0388558632135392
6,291600,1.04983332157135
6,291700,1.0337093025445938
6,291800,1.01202432513237
6,291900,0.9528298598527908
6,292000,0.9472494488954544
6,292100,1.0060054171085357
6,292200,0.9675655990839005
6,292300,0.9775365698337555
6,292400,0.9919274812936782
6,292500,0.9289551407098771
6,292600,1.0002368426322936
6,292700,0.9946975642442704
6,292800,1.0504388755559921
6,292900,1.0117657369375228
6,293000,1.003275402188301
6,293100,0.9332873409986496
6,293200,1.028377544283867
6,293300,0.9573711109161377
6,293400,1.0062615013122558
6,293500,0.9542749232053757
6,293600,0.9020925831794738
6,293700,0.950597710609436
6,293800,0.9282437485456466
6,293900,0.9236622500419617
6,294000,0.9081012582778931
6,294100,0.9675541913509369
6,294200,0.9563525348901749
6,294300,0.9414190930128098
6,294400,0.9652599513530731
6,294500,0.9264683210849762
6,294600,0.9128339487314224
6,294700,0.9556626373529434
6,294800,0.9388981056213379
6,294900,1.0179771077632904
6,295000,1.0360931432247162
6,295100,1.0195394003391265
6,295200,0.9936901462078095
6,295300,0.9949356389045715
6,295400,0.9793947243690491
6,295500,1.0532389241456985
6,295600,1.016547709107399
6,295700,0.9645925444364548
6,295800,0.996725555062294
6,295900,1.0195562475919724
6,296000,1.01271477997303
6,296100,0.9965625029802322
6,296200,0.9858900690078736
6,296300,0.9395512926578522
6,296400,1.0188102704286575
6,296500,1.0301665216684341
6,296600,0.9572414624691009
6,296700,0.9318352723121643
6,296800,0.995197063088417
6,296900,0.967374637722969
6,297000,1.0103636223077774
6,297100,0.9806926655769348
6,297200,0.9700518989562988
6,297300,0.9673839914798736
6,297400,0.9264324575662612
6,297500,0.9452536106109619
6,297600,0.8798669469356537
6,297700,0.9403120309114457
6,297800,0.9567448371648788
6,297900,0.9174550437927246
6,298000,0.9774873596429825
6,298100,0.9331022483110428
6,298200,0.9328335845470428
6,298300,0.9398682308197022
6,298400,0.956018700003624
6,298500,0.931768918633461
6,298600,1.0358846014738083
6,298700,0.9783725720643998
6,298800,0.9861161363124847
6,298900,0.9404781490564347
6,299000,0.9665355479717255
6,299100,1.043954110145569
6,299200,0.9878989297151566
6,299300,0.9689927572011947
6,299400,0.9737995785474777
6,299500,0.9712902045249939
6,299600,1.001777125597
6,299700,1.1183002561330795
6,299800,0.9667885911464691
6,299900,0.9789403176307678
6,300000,0.9739331787824631
6,300100,0.934489393234253
6,300200,0.9983423221111297
6,300300,0.992140582203865
6,300400,0.9517770993709564
6,300500,0.9543589508533478
6,300600,0.981880065202713
6,300700,1.02438669860363
6,300800,1.092673703432083
6,300900,0.9678517186641693
6,301000,0.9437577915191651
6,301100,0.9681486624479294
6,301200,0.8695901644229889
6,301300,0.9440057116746903
6,301400,0.943169372677803
6,301500,0.9108944743871689
6,301600,0.9024862086772919
6,301700,0.9323001748323441
6,301800,0.9456012558937072
6,301900,1.0163729006052018
6,302000,0.8946670776605606
6,302100,0.9590355312824249
6,302200,0.9848652219772339
6,302300,0.9202729725837707
6,302400,0.9703887754678726
6,302500,0.9819395542144775
6,302600,0.9711782228946686
6,302700,0.9630417454242707
6,302800,0.9772935855388641
6,302900,0.939228241443634
6,303000,1.046510694026947
6,303100,0.9673021739721298
6,303200,0.9424650460481644
6,303300,0.9310992896556854
6,303400,0.9368790936470032
6,303500,0.9753424298763275
6,303600,1.1028279834985732
6,303700,0.97990977704525
6,303800,0.9526629561185836
6,303900,0.9792959874868393
6,304000,0.9468077152967453
6,304100,0.9535475492477417
6,304200,0.9904654270410538
6,304300,0.9644557815790177
6,304400,0.9306264716386795
6,304500,0.9225320029258728
6,304600,0.9920509165525436
6,304700,1.0207171094417573
6,304800,0.9461953389644623
6,304900,0.927006927728653
6,305000,0.9209026229381562
6,305100,0.9770579612255097
6,305200,0.905325529575348
6,305300,0.9447570717334748
6,305400,0.9124193346500397
6,305500,0.9258631986379623
6,305600,0.9680265974998474
6,305700,0.9612640285491943
6,305800,0.9638372004032135
7,305900,0.7940318930149078
7,306000,0.804650132060051
7,306100,0.8318415129184723
7,306200,0.8422139495611191
7,306300,0.9021854466199875
7,306400,0.9223508965969086
7,306500,0.8891841870546341
7,306600,0.8223095095157623
7,306700,0.8998960584402085
7,306800,0.8596641141176223
7,306900,0.8053844749927521
7,307000,0.854768711924553
7,307100,0.9135048770904541
7,307200,0.9075060379505158
7,307300,0.9619156610965729
7,307400,0.7937755697965622
7,307500,0.8109438914060593
7,307600,1.044106262922287
7,307700,1.0850346297025681
7,307800,0.9399291688203811
7,307900,0.8757289779186249
7,308000,0.9288087201118469
7,308100,0.9140876883268356
7,308200,0.9604424315690995
7,308300,0.9597165632247925
7,308400,0.8232083624601364
7,308500,0.8893484801054001
7,308600,1.0192168712615968
7,308700,1.110967791080475
7,308800,0.9500935262441635
7,308900,0.880534952878952
7,309000,0.9257871091365815
7,309100,0.9075656557083129
7,309200,0.9251524168252945
7,309300,0.9616696178913117
7,309400,0.8619394886493683
7,309500,0.9219898921251297
7,309600,0.8835643070936203
7,309700,0.8435309171676636
7,309800,0.8678586262464524
7,309900,0.9001649874448776
7,310000,0.9436688578128815
7,310100,0.8843839883804321
7,310200,0.7955188351869583
7,310300,0.9073959690332413
7,310400,1.0084350180625916
7,310500,1.1657872277498245
7,310600,0.9047167187929154
7,310700,0.9747272312641144
7,310800,0.8998631662130356
7,310900,0.8927988702058792
7,311000,0.9312574005126953
7,311100,0.8308991599082947
7,311200,0.8688389712572098
7,311300,1.0383639681339263
7,311400,1.1813549023866654
7,311500,1.369975375533104
7,311600,1.0887202072143554
7,311700,0.945367056131363
7,311800,0.9649134337902069
7,311900,1.0030586302280426
7,312000,1.0018909412622452
7,312100,0.9504817306995392
7,312200,0.9548724657297134
7,312300,0.9661380124092102
7,312400,0.9029619759321212
7,312500,0.9495509594678879
7,312600,1.0237514978647233
7,312700,1.038673721551895
7,312800,0.9696853452920914
7,312900,0.9533998101949692
7,313000,0.9284562313556671
7,313100,0.9456020802259445
7,313200,0.9594406938552856
7,313300,0.9927396762371063
7,313400,0.984440244436264
7,313500,0.9641044652462005
7,313600,1.000064657330513
7,313700,0.9383535963296891
7,313800,0.893568041920662
7,313900,0.9822108161449432
7,314000,1.0486680716276169
7,314100,0.9852403658628464
7,314200,0.9522870874404907
7,314300,0.9354994904994964
7,314400,0.9195227009057999
7,314500,0.9236863017082214
7,314600,1.0155835127830506
7,314700,0.9159157156944275
7,314800,0.9606191462278366
7,314900,0.9451142311096191
7,315000,0.905602702498436
7,315100,0.9259408748149872
7,315200,0.9158093309402466
7,315300,0.9797791182994843
7,315400,0.9080486214160919
7,315500,0.8742269492149353
7,315600,0.9299317544698715
7,315700,0.914476592540741
7,315800,0.9342189502716064
7,315900,0.9529673910140991
7,316000,0.9174081999063491
7,316100,0.9587403839826584
7,316200,0.9329123771190644
7,316300,0.9577503192424774
7,316400,0.9474333292245865
7,316500,0.8910305827856064
7,316600,1.0033269560337066
7,316700,0.9928215771913529
7,316800,0.9884205204248429
7,316900,0.9576693063974381
7,317000,1.0050463002920151
7,317100,0.949955186843872
7,317200,0.9922382944822311
7,317300,0.9709142595529556
7,317400,1.0572851556539535
7,317500,0.9901903748512269
7,317600,0.9731890326738357
7,317700,0.9175025230646133
7,317800,0.919803004860878
7,317900,0.9205128824710846
7,318000,1.007388870716095
7,318100,1.0096051323413848
7,318200,0.9356828379631043
7,318300,0.9765512400865555
7,318400,0.934888762831688
7,318500,0.9274318873882293
7,318600,0.9326033222675324
7,318700,1.0556918317079544
7,318800,0.9425882071256637
7,318900,0.9868233251571655
7,319000,0.9405753684043884
7,319100,0.9390296465158463
7,319200,0.983093591928482
7,319300,0.942717267870903
7,319400,0.9501170545816422
7,319500,0.9517123597860336
7,319600,0.9270072627067566
7,319700,0.9680552595853805
7,319800,0.9563125443458557
7,319900,0.9422464054822922
7,320000,0.9822997796535492
7,320100,0.913047411441803
7,320200,0.9162775230407715
7,320300,0.9250339490175247
7,320400,0.9559520691633224
7,320500,0.9851674568653107
7,320600,1.0018618541955948
7,320700,0.9322455632686615
7,320800,0.9613089907169342
7,320900,0.9233222317695617
7,321000,0.994337517619133
7,321100,1.0361982679367066
7,321200,1.0563345336914063
7,321300,0.9813436871767044
7,321400,1.034272056221962
7,321500,0.930360991358757
7,321600,0.9711350446939468
7,321700,0.9886056452989578
7,321800,1.0673435181379318
7,321900,0.9827320814132691
7,322000,0.9907820123434067
7,322100,0.9301065707206726
7,322200,0.9918301486968994
7,322300,1.0813372606039047
7,322400,1.0293669587373733
7,322500,0.9487630182504654
7,322600,0.9999304097890854
7,322700,0.9477712887525559
7,322800,1.0242456072568893
7,322900,1.0101625281572342
7,323000,0.9952690887451172
7,323100,0.9423256433010101
7,323200,0.9711611717939377
7,323300,0.9652831625938415
7,323400,0.9525872236490249
7,323500,0.9563581949472427
7,323600,1.0171151113510133
7,323700,0.905304354429245
7,323800,0.9521247786283493
7,323900,0.9900911045074463
7,324000,0.9652171903848648
7,324100,0.9021558618545532
7,324200,1.0090935170650481
7,324300,0.8767215567827225
7,324400,0.9314642000198364
7,324500,0.9746867215633392
7,324600,0.9984786975383758
7,324700,0.9923553735017776
7,324800,0.9786130034923554
7,324900,0.9496761703491211
7,325000,0.9939243996143341
7,325100,0.9395473927259446
7,325200,0.9643255376815796
7,325300,0.9631796753406525
7,325400,0.9862830889225006
7,325500,0.9157622271776199
7,325600,0.9743679964542389
7,325700,0.9379003983736038
7,325800,0.9763061499595642
7,325900,1.0037984704971314
7,326000,1.0266650187969208
7,326100,0.9675568282604218
7,326200,0.9574352049827576
7,326300,0.9100850534439087
7,326400,0.9971989977359772
7,326500,1.0393533408641815
7,326600,0.9043562585115432
7,326700,1.0264894449710846
7,326800,0.9418171030282975
7,326900,0.974872169494629
7,327000,1.0543811953067779
7,327100,1.0114053577184676
7,327200,0.920835599899292
7,327300,0.9692850065231323
7,327400,0.9060443258285522
7,327500,0.9500283205509186
7,327600,0.999096337556839
7,327700,0.9616295337677002
7,327800,0.9668355417251587
7,327900,0.9491476327180862
7,328000,0.8841281390190124
7,328100,0.9283301365375519
7,328200,0.9281244510412217
7,328300,0.8569498652219772
7,328400,0.8750739830732346
7,328500,0.9530276674032211
7,328600,0.933866286277771
7,328700,0.9132517766952515
7,328800,0.9964845645427703
7,328900,0.9657969397306442
7,329000,0.9560383468866348
7,329100,0.9208840900659561
7,329200,0.938493263721466
7,329300,0.9135290682315826
7,329400,0.9899306190013886
7,329500,0.9896593177318573
7,329600,0.9202213209867477
7,329700,1.0132599592208862
7,329800,0.9475102645158767
7,329900,0.9106973922252655
7,330000,1.0306096827983857
7,330100,1.008109560608864
7,330200,0.9073409980535507
7,330300,0.9311402946710586
7,330400,0.9040643197298049
7,330500,0.951783310174942
7,330600,1.055280982851982
7,330700,0.9955532133579255
7,330800,0.9924549829959869
7,330900,1.0036476647853851
7,331000,0.9578345966339111
7,331100,0.9511855989694595
7,331200,1.0042983293533325
7,331300,0.9701538813114167
7,331400,0.9486846452951432
7,331500,0.953763837814331
7,331600,0.9636419486999511
7,331700,0.9749268853664398
7,331800,0.9508615952730178
7,331900,0.9079845649003982
7,332000,0.9683833450078965
7,332100,0.9252242994308472
7,332200,0.9627363359928132
7,332300,0.8907791835069656
7,332400,0.9387636935710907
7,332500,0.9781879305839538
7,332600,0.9276381838321686
7,332700,0.9194031089544297
7,332800,0.9242295449972153
7,332900,0.8787147760391235
7,333000,0.9629399186372757
7,333100,0.9840683031082154
7,333200,0.9322976207733155
7,333300,0.9757022678852081
7,333400,0.9367179799079896
7,333500,0.9507983809709549
7,333600,0.9370288825035096
7,333700,1.025268123149872
7,333800,0.9819664496183396
7,333900,0.9881285941600799
7,334000,0.9538317495584487
7,334100,0.9389363163709641
7,334200,0.9410540419816971
7,334300,1.0248007375001906
7,334400,0.9522544258832931
7,334500,0.9900718313455582
7,334600,0.9505531823635102
7,334700,0.9467312681674958
7,334800,0.9385478854179382
7,334900,1.033888146877289
7,335000,1.0138369828462601
7,335100,0.9559796386957169
7,335200,0.9217363339662552
7,335300,0.9310438263416291
7,335400,0.9858464062213897
7,335500,0.9766371029615403
7,335600,1.035921493768692
7,335700,0.9614468848705292
7,335800,0.9582476741075516
7,335900,0.9181806653738022
7,336000,0.952456283569336
7,336100,0.8690215587615967
7,336200,1.0040941387414932
7,336300,0.9328574424982071
7,336400,0.9457714700698853
7,336500,0.9161560148000717
7,336600,0.9051970106363296
7,336700,0.8831615591049194
7,336800,0.9280943441390991
7,336900,0.9287305837869644
7,337000,0.9605118244886398
7,337100,0.8952802836894989
7,337200,0.9843994385004043
7,337300,0.9179447293281555
7,337400,0.9493225646018982
7,337500,1.076179501414299
7,337600,0.9508241790533066
7,337700,0.9312857031822205
7,337800,0.9631288236379624
7,337900,0.9391535913944244
7,338000,0.9787674874067307
7,338100,1.052086837887764
7,338200,0.986073887348175
7,338300,0.9462340068817139
7,338400,1.02423122882843
7,338500,0.9506768089532852
7,338600,0.9965739446878433
7,338700,1.0155298376083375
7,338800,1.0041246229410172
7,338900,0.9258801436424255
7,339000,0.9475878477096558
7,339100,1.0134569221735001
7,339200,1.0489032775163651
7,339300,0.9719569033384323
7,339400,0.9692682754993439
7,339500,0.976401304602623
7,339600,0.9532719451189041
7,339700,0.9567134898900985
7,339800,0.956275326013565
7,339900,0.9768420034646987
7,340000,0.968821879029274
7,340100,0.9207021743059158
7,340200,0.963248810172081
7,340300,0.9670220923423767
7,340400,0.9762342250347138
7,340500,0.9430494838953019
7,340600,0.9616161864995957
7,340700,0.956914724111557
7,340800,0.9365679085254669
7,340900,0.9811627352237702
7,341000,0.936801090836525
7,341100,0.8957586807012557
7,341200,0.9203769022226334
7,341300,0.9002740091085434
7,341400,1.0163253313302993
7,341500,0.9665680575370789
7,341600,0.919886149764061
7,341700,0.933139157295227
7,341800,0.9043495315313339
7,341900,1.0056404763460158
7,342000,0.9943782478570938
7,342100,1.0640916866064072
7,342200,0.9418492567539215
7,342300,0.9304807561635972
7,342400,0.9432848304510116
7,342500,1.029090982079506
7,342600,1.023798057436943
7,342700,0.988356301188469
7,342800,1.0106802278757094
7,342900,0.9098160487413406
7,343000,0.9537536853551865
7,343100,0.9932517641782761
7,343200,0.9605158865451813
7,343300,0.9432809644937515
7,343400,0.966005687713623
7,343500,0.9593352633714676
7,343600,0.9605502265691758
7,343700,1.0250484710931778
7,343800,1.039577432870865
7,343900,0.9653060883283615
7,344000,0.9427303570508957
7,344100,0.9762943202257156
7,344200,0.9878427582979202
7,344300,0.9497355496883393
7,344400,0.9832605689764022
7,344500,0.9270478075742722
7,344600,0.8899625283479691
7,344700,0.9315643298625946
7,344800,0.9166009068489075
7,344900,0.9017376285791397
7,345000,0.9078499054908753
7,345100,0.9438405549526214
7,345200,0.9525684630870819
7,345300,0.9221427321434021
7,345400,0.9341281354427338
7,345500,0.9268256109952927
7,345600,0.887100020647049
7,345700,0.9345670169591904
7,345800,0.9481468766927719
7,345900,1.0283861595392227
7,346000,0.994141452908516
7,346100,1.019537822008133
7,346200,0.9524337166547775
7,346300,0.9623041987419129
7,346400,1.032258882522583
7,346500,1.007239100933075
7,346600,0.9925462746620178
7,346700,0.9493237924575806
7,346800,1.004695903658867
7,346900,0.9747082155942917
7,347000,0.987169137597084
7,347100,0.9976845765113831
7,347200,0.9352853840589523
7,347300,0.9620118963718415
7,347400,1.0196775108575822
7,347500,0.994088061451912
7,347600,0.941132202744484
7,347700,0.9326435971260071
7,347800,0.963210535645485
7,347900,0.9442253887653351
7,348000,1.0098187494277955
7,348100,0.9533720493316651
7,348200,0.9723927766084671
7,348300,0.9291945511102676
7,348400,0.9309040170907974
7,348500,0.918048409819603
7,348600,0.8681513833999633
7,348700,0.9286659133434295
7,348800,0.9315812194347382
7,348900,0.9033093720674514
7,349000,0.9887233358621598
7,349100,0.9114937907457352
7,349200,0.901644566655159
7,349300,0.9362063586711884
7,349400,0.9340097963809967
7,349500,0.9768495255708695
7,349600,0.975430880188942
7,349700,0.9907643777132035
7,349800,0.9199830102920532
7,349900,0.936642010807991
7,350000,0.9765627431869507
7,350100,1.029291120171547
7,350200,0.972252259850502
7,350300,0.938026819229126
7,350400,0.9670472508668899
7,350500,0.9662428623437882
7,350600,1.0279610931873322
7,350700,1.0386589115858078
7,350800,0.9799655997753143
7,350900,0.9559074610471725
7,351000,0.9274190706014633
7,351100,0.9440401440858841
7,351200,0.9972341829538345
7,351300,0.9592539024353027
7,351400,0.9188456785678863
7,351500,0.9742089575529098
7,351600,0.9570247578620911
7,351700,1.0312798076868057
7,351800,1.0373315465450288
7,351900,0.947782341837883
7,352000,0.9350982224941253
7,352100,0.9272779566049576
7,352200,0.8911102002859116
7,352300,0.9525783324241638
7,352400,0.9063625431060791
7,352500,0.8868153345584869
7,352600,0.8877467161417008
7,352700,0.9237814682722092
7,352800,0.9651840662956238
7,352900,0.9492506271600724
7,353000,0.90111596763134
7,353100,0.9529457956552505
7,353200,0.9697289729118347
7,353300,0.9223820894956589
7,353400,0.9723836213350296
7,353500,0.9492773962020874
7,353600,0.9438754135370254
7,353700,0.949894807934761
7,353800,0.9480485147237778
7,353900,0.9670438897609711
7,354000,1.0176951479911804
7,354100,0.9447984778881073
7,354200,0.9193482917547225
7,354300,0.902525018453598
7,354400,0.947366002202034
7,354500,1.0139466738700866
7,354600,1.0220012706518173
7,354700,0.9761094135046006
7,354800,0.9283357501029968
7,354900,0.9753126126527786
7,355000,0.9375489729642869
7,355100,0.9501041388511657
7,355200,0.9472292840480805
7,355300,0.9465439891815186
7,355400,0.9198486316204071
7,355500,0.9247609502077103
7,355600,0.9803138852119446
7,355700,0.9987965285778045
7,355800,0.9191797047853469
7,355900,0.9122726833820343
7,356000,0.9787304973602295
7,356100,0.9008895355463028
7,356200,0.9032899367809296
7,356300,0.9187667912244797
7,356400,0.9097260391712189
7,356500,0.9017276585102081
7,356600,0.9574606859683991
7,356700,0.9525862210988998
8,356800,0.28031003832817075
8,356900,0.7709140878915787
8,357000,0.7874841070175171
8,357100,0.830457956790924
8,357200,0.8532153075933456
8,357300,0.8824322628974914
8,357400,0.9039641004800797
8,357500,0.8495813477039337
8,357600,0.8163777071237565
8,357700,0.9068152856826782
8,357800,0.8008021378517151
8,357900,0.8163709843158722
8,358000,0.8552799415588379
8,358100,0.8830027294158935
8,358200,0.9404594254493713
8,358300,0.9212331843376159
8,358400,0.7184151518344879
8,358500,0.8255534839630126
8,358600,1.108916562795639
8,358700,1.0655793803930282
8,358800,0.8913105124235153
8,358900,0.8716084229946136
8,359000,0.9376006835699081
8,359100,0.8579841524362564
8,359200,0.9877561569213867
8,359300,0.9136066377162934
8,359400,0.8189526802301407
8,359500,0.9173736292123794
8,359600,1.0424979048967362
8,359700,1.0676044541597367
8,359800,0.8846703517436981
8,359900,0.8789983385801315
8,360000,0.9239342254400253
8,360100,0.8827866017818451
8,360200,0.9258559453487396
8,360300,0.9332082837820053
8,360400,0.8260059320926666
8,360500,0.9250078165531158
8,360600,0.8535045003890991
8,360700,0.8317462921142578
8,360800,0.8368159449100494
8,360900,0.9178405660390854
8,361000,0.9657380479574204
8,361100,0.7844971930980682
8,361200,0.8152345317602158
8,361300,0.9193947386741638
8,361400,1.1211166030168533
8,361500,1.03628446996212
8,361600,0.9073886901140213
8,361700,0.9537194740772247
8,361800,0.8882477462291718
8,361900,0.8691620355844498
8,362000,0.9096974056959152
8,362100,0.7791719305515289
8,362200,0.9064875108003616
8,362300,1.086783255338669
8,362400,1.163798962831497
8,362500,1.4170930182933807
8,362600,0.9733344268798828
8,362700,0.9205390471220016
8,362800,0.9769302552938461
8,362900,0.9927320319414139
8,363000,0.9624372351169587
8,363100,0.9454426860809326
8,363200,0.9728247028589249
8,363300,0.8781247293949127
8,363400,0.9163924086093903
8,363500,0.9599544209241867
8,363600,1.0205758285522462
8,363700,1.0260501462221145
8,363800,0.9045611786842346
8,363900,0.9550251978635788
8,364000,0.9416939330101013
8,364100,0.8937834995985031
8,364200,0.9603132092952729
8,364300,0.9947243672609329
8,364400,0.9303261762857438
8,364500,1.0046345525979996
8,364600,0.9425871425867081
8,364700,0.9286378121376038
8,364800,0.8783822429180145
8,364900,1.0027166444063187
8,365000,1.0427379733324051
8,365100,0.9244758588075638
8,365200,0.9297071021795272
8,365300,0.920672077536583
8,365400,0.9140440762043
8,365500,0.944956169128418
8,365600,0.9682966881990432
8,365700,0.9155708396434784
8,365800,0.9703528147935867
8,365900,0.8914465701580048
8,366000,0.9018382585048675
8,366100,0.8979896980524064
8,366200,0.9286393320560455
8,366300,0.9617871683835983
8,366400,0.8666924887895584
8,366500,0.8709383708238602
8,366600,0.9092998731136323
8,366700,0.9182047933340073
8,366800,0.9270515954494476
8,366900,0.9163614177703857
8,367000,0.9292536979913711
8,367100,0.9398318982124328
8,367200,0.9083908474445344
8,367300,0.9626454746723175
8,367400,0.9188935559988022
8,367500,0.8942725223302841
8,367600,0.9890327787399292
8,367700,0.9881470572948455
8,367800,0.9562916523218155
8,367900,0.9582572722434998
8,368000,0.9877138417959214
8,368100,0.9358956187963485
8,368200,0.9628048342466354
8,368300,0.9839288830757141
8,368400,1.0632098281383515
8,368500,0.9355637514591217
8,368600,0.949936739206314
8,368700,0.908182197213173
8,368800,0.8894249677658081
8,368900,0.9457140964269638
8,369000,0.993638426065445
8,369100,0.9862419950962067
8,369200,0.9210283863544464
8,369300,0.9513188588619232
8,369400,0.916570788025856
8,369500,0.901005848646164
8,369600,0.9805195164680481
8,369700,1.0100564616918564
8,369800,0.9220622456073762
8,369900,0.9881384116411209
8,370000,0.9114361196756363
8,370100,0.9318841779232026
8,370200,0.9546345275640488
8,370300,0.9544143611192704
8,370400,0.9046387797594071
8,370500,0.9485680681467056
8,370600,0.9129923462867737
8,370700,0.9746273446083069
8,370800,0.9153080606460571
8,370900,0.9648884916305542
8,371000,0.9379918777942657
8,371100,0.8892219042778016
8,371200,0.9139631587266922
8,371300,0.9410987097024918
8,371400,0.9272829937934876
8,371500,0.9909558379650116
8,371600,0.9536831617355347
8,371700,0.9386340558528901
8,371800,0.9405041527748108
8,371900,0.9240872156620026
8,372000,0.9845308351516724
8,372100,1.036086078286171
8,372200,1.0285348111391068
8,372300,0.9502256423234939
8,372400,0.9969330286979675
8,372500,0.9450810158252716
8,372600,0.9508970791101455
8,372700,1.0081072998046876
8,372800,1.02380843937397
8,372900,0.9982055920362473
8,373000,0.9232476544380188
8,373100,0.9477582108974457
8,373200,0.9621193224191665
8,373300,1.101576566696167
8,373400,0.9841208207607269
8,373500,0.9664456409215927
8,373600,0.9455834472179413
8,373700,0.9683746004104614
8,373800,0.9885172700881958
8,373900,1.0038235288858415
8,374000,0.9746817839145661
8,374100,0.9430657154321671
8,374200,0.944267765879631
8,374300,0.9457171952724457
8,374400,0.9366120940446854
8,374500,0.9798615139722824
8,374600,0.9545377093553543
8,374700,0.9305960655212402
8,374800,0.9344633865356445
8,374900,0.9458183938264847
8,375000,0.9469036132097244
8,375100,0.9305208176374435
8,375200,0.9448285573720931
8,375300,0.8850457054376603
8,375400,0.9184637945890427
8,375500,0.9964270484447479
8,375600,0.9578708815574646
8,375700,0.9697929906845093
8,375800,0.9821867352724075
8,375900,0.9327771705389023
8,376000,0.9639928442239761
8,376100,0.9416052335500718
8,376200,0.9336835491657257
8,376300,0.974064724445343
8,376400,0.9279485130310059
8,376500,0.9451166009902954
8,376600,0.9314349299669266
8,376700,0.9511504912376404
8,376800,0.970266861319542
8,376900,1.0400224667787552
8,377000,0.9729396617412567
8,377100,0.944035347700119
8,377200,0.9251935994625091
8,377300,0.9213313400745392
8,377400,1.0168486565351487
8,377500,0.9564884185791016
8,377600,0.9131268906593323
8,377700,0.9993537497520447
8,377800,0.9579330825805664
8,377900,0.9815423756837844
8,378000,1.0247101080417633
8,378100,0.957930206656456
8,378200,0.9649949252605439
8,378300,0.9162206709384918
8,378400,0.8746758460998535
8,378500,0.9822276377677918
8,378600,0.965612816810608
8,378700,0.9336721009016037
8,378800,0.9673430418968201
8,378900,0.922545257806778
8,379000,0.8754945945739746
8,379100,0.9259866631031036
8,379200,0.8842706710100174
8,379300,0.8607737356424332
8,379400,0.8818772858381272
8,379500,0.9387870442867279
8,379600,0.8920753639936447
8,379700,0.9582102918624877
8,379800,0.9744619113206864
8,379900,0.9337771368026734
8,380000,0.9269680655002595
8,380100,0.9251236402988434
8,380200,0.9119375377893448
8,380300,0.9147141522169113
8,380400,0.9932049083709716
8,380500,0.9420653623342514
8,380600,0.9449336016178131
8,380700,0.9878718364238739
8,380800,0.9225502860546112
8,380900,0.9214158982038498
8,381000,1.0277840554714204
8,381100,0.9547095710039138
8,381200,0.9103826689720154
8,381300,0.9096495461463928
8,381400,0.9152058547735215
8,381500,0.954860833287239
8,381600,1.025091546177864
8,381700,0.982390279173851
8,381800,0.9843582940101624
8,381900,0.9849401795864106
8,382000,0.9356371301412583
8,382100,0.9430293869972229
8,382200,0.9941520595550537
8,382300,0.9481195193529129
8,382400,0.9450310307741165
8,382500,0.9208719432353973
8,382600,0.9632835453748703
8,382700,0.9609125345945358
8,382800,0.9301672202348709
8,382900,0.9187045735120773
8,383000,0.949211391210556
8,383100,0.9222315973043442
8,383200,0.9237447106838226
8,383300,0.8675337904691696
8,383400,0.9781035679578781
8,383500,0.8992982244491577
8,383600,0.9324530231952667
8,383700,0.9191889667510986
8,383800,0.9109472191333771
8,383900,0.8733658939599991
8,384000,0.9609127056598663
8,384100,0.9520500594377518
8,384200,0.9526346814632416
8,384300,0.9478171652555466
8,384400,0.9303121203184128
8,384500,0.9079488635063171
8,384600,0.9662238281965255
8,384700,1.0006716752052307
8,384800,0.9944249093532562
8,384900,0.9149392426013947
8,385000,0.957401208281517
8,385100,0.9457287538051605
8,385200,0.9364495873451233
8,385300,1.0090035831928252
8,385400,0.9092308676242828
8,385500,0.9879233759641647
8,385600,0.9423758584260941
8,385700,0.943237128853798
8,385800,0.9395728319883346
8,385900,1.0641998648643494
8,386000,0.9529723656177521
8,386100,0.938662029504776
8,386200,0.9177552646398545
8,386300,0.9255305862426758
8,386400,0.9367088890075683
8,386500,1.002551140189171
8,386600,1.0271193784475328
8,386700,0.9469026124477387
8,386800,0.9179853999614715
8,386900,0.9175588035583496
8,387000,0.9110430401563644
8,387100,0.888643838763237
8,387200,0.9764080286026001
8,387300,0.9236569732427597
8,387400,0.946698180437088
8,387500,0.8785642355680465
8,387600,0.8885253667831421
8,387700,0.8925753980875015
8,387800,0.9322347748279571
8,387900,0.9013661962747573
8,388000,0.9213886666297912
8,388100,0.932071037888527
8,388200,0.9557272565364837
8,388300,0.8981911098957062
8,388400,1.0177778214216233
8,388500,0.9862636876106262
8,388600,0.9453986513614655
8,388700,0.9391695553064346
8,388800,0.9286461579799652
8,388900,0.931071805357933
8,389000,0.9913128304481507
8,389100,1.0191287070512771
8,389200,0.9815675646066666
8,389300,0.9369238892197609
8,389400,1.005810695886612
8,389500,0.9368742996454239
8,389600,0.9980548423528671
8,389700,1.0065443009138106
8,389800,0.960149563550949
8,389900,0.9146547001600266
8,390000,0.960679372549057
8,390100,1.0160976994037627
8,390200,1.02124076962471
8,390300,0.9488981717824936
8,390400,0.9706378620862961
8,390500,0.9517536938190461
8,390600,0.9357249277830124
8,390700,0.9546399492025376
8,390800,0.9421722710132598
8,390900,0.9582139748334885
8,391000,0.9662478911876679
8,391100,0.8885551905632019
8,391200,0.9959580999612808
8,391300,0.9342597037553787
8,391400,0.9624459129571915
8,391500,0.9441180419921875
8,391600,0.9487102329730988
8,391700,0.9294553238153458
8,391800,0.9240386241674423
8,391900,0.9827512717247009
8,392000,0.8849733585119247
8,392100,0.9022171056270599
8,392200,0.9142753779888153
8,392300,0.899642578959465
8,392400,1.0001517122983932
8,392500,0.9528165119886398
8,392600,0.9268636691570282
8,392700,0.9061948639154435
8,392800,0.9122040128707886
8,392900,1.0002119952440263
8,393000,0.9615034526586532
8,393100,1.0373098075389862
8,393200,0.9473672956228256
8,393300,0.8948330038785934
8,393400,0.974952871799469
8,393500,1.0048920017480851
8,393600,1.0317567020654679
8,393700,0.9572364145517349
8,393800,0.9648945760726929
8,393900,0.9180934721231461
8,394000,0.9510259085893631
8,394100,0.9650050520896911
8,394200,0.9792452991008759
8,394300,0.932047626376152
8,394400,0.91279680788517
8,394500,0.9742888647317887
8,394600,0.9413831079006195
8,394700,1.0046038937568664
8,394800,1.05432864010334
8,394900,0.9509920865297318
8,395000,0.8957901388406754
8,395100,1.0173543483018874
8,395200,0.946063831448555
8,395300,0.9683601862192154
8,395400,0.9283403813838959
8,395500,0.8927910220623017
8,395600,0.9062766230106354
8,395700,0.9100286400318146
8,395800,0.9148126798868179
8,395900,0.8621137833595276
8,396000,0.9148441421985626
8,396100,0.9485765504837036
8,396200,0.937905575633049
8,396300,0.9157774651050568
8,396400,0.9117885899543762
8,396500,0.8951017469167709
8,396600,0.908410649895668
8,396700,0.9341734570264816
8,396800,0.9451425623893738
8,396900,1.020121094584465
8,397000,0.9890732282400131
8,397100,0.9821133053302765
8,397200,0.9567694783210754
8,397300,0.9489001816511154
8,397400,1.0314021915197373
8,397500,0.9843378257751465
8,397600,0.9738949793577194
8,397700,0.9393020641803741
8,397800,0.9789092403650284
8,397900,0.9823526853322982
8,398000,0.9738488954305649
8,398100,0.9888288313150406
8,398200,0.911023027896881
8,398300,0.9744096094369888
8,398400,1.0018041890859604
8,398500,0.9650133848190308
8,398600,0.8989147537946701
8,398700,0.9545460647344589
8,398800,0.9397877848148346
8,398900,0.9626980000734329
8,399000,0.9772520846128464
8,399100,0.9460066717863083
8,399200,0.9663543236255646
8,399300,0.8940782690048218
8,399400,0.9267397195100784
8,399500,0.8839446842670441
8,399600,0.8889806759357453
8,399700,0.9126812797784806
8,399800,0.9193427884578704
8,399900,0.9037717944383621
8,400000,0.9495073354244232
8,400100,0.9011747831106186
8,400200,0.9259191632270813
8,400300,0.9098891758918762
8,400400,0.9130457961559295
8,400500,0.9923015075922013
8,400600,0.9581948506832123
8,400700,0.9692797577381134
8,400800,0.9032933098077774
8,400900,0.9365092939138413
8,401000,0.9738347399234771
8,401100,1.0155891114473343
8,401200,0.9577451807260513
8,401300,0.9309023380279541
8,401400,0.9336576336622238
8,401500,0.9640717607736587
8,401600,1.093561840057373
8,401700,0.9487473332881927
8,401800,0.956723335981369
8,401900,0.9630637347698212
8,402000,0.9025633108615875
8,402100,0.9655526614189148
8,402200,0.9922221028804779
8,402300,0.9138660711050034
8,402400,0.9177297902107239
8,402500,0.9705139338970185
8,402600,0.9489114439487457
8,402700,1.0669502836465836
8,402800,0.9819325429201126
8,402900,0.9194401240348816
8,403000,0.91863714158535
8,403100,0.898451070189476
8,403200,0.8938403552770615
8,403300,0.9478042113780976
8,403400,0.8860304236412049
8,403500,0.8702755343914031
8,403600,0.9038287442922592
8,403700,0.9165844011306763
8,403800,0.9861767619848252
8,403900,0.8885173684358597
8,404000,0.9004672366380692
8,404100,0.9543863117694855
8,404200,0.9349812084436416
8,404300,0.9252713078260422
8,404400,0.9744100338220596
8,404500,0.9320542669296265
8,404600,0.9347086191177368
8,404700,0.9332359290122986
8,404800,0.9424782323837281
8,404900,0.9857647138833999
8,405000,0.9854398816823959
8,405100,0.9148856383562088
8,405200,0.9041044050455094
8,405300,0.8937356913089752
8,405400,0.946924501657486
8,405500,1.0736172300577165
8,405600,0.9386124503612518
8,405700,0.9608191621303558
8,405800,0.9397021269798279
8,405900,0.9459431231021881
8,406000,0.92795823097229
8,406100,0.9592323338985443
8,406200,0.9190673875808716
8,406300,0.9343106472492217
8,406400,0.9016359955072403
8,406500,0.9412642747163773
8,406600,0.9672894358634949
8,406700,0.9709208559989929
8,406800,0.910725012421608
8,406900,0.8918603652715683
8,407000,0.9785934209823608
8,407100,0.8623477989435195
8,407200,0.9231826895475388
8,407300,0.8907797479629517
8,407400,0.8924257594347
8,407500,0.9333750373125076
8,407600,0.9523826855421066
8,407700,0.9331665128469467
9,407800,0.53165218770504
9,407900,0.7498289462924004
9,408000,0.8162537032365799
9,408100,0.819787557721138
9,408200,0.8532218754291534
9,408300,0.895035417675972
9,408400,0.8778163194656372
9,408500,0.7979152995347977
9,408600,0.8534063625335694
9,408700,0.8782110738754273
9,408800,0.7724114400148392
9,408900,0.8305255621671677
9,409000,0.8764686316251755
9,409100,0.8580829519033432
9,409200,0.9485401248931885
9,409300,0.8513325822353363
9,409400,0.7413472855091094
9,409500,0.9006471312046052
9,409600,1.078432936668396
9,409700,0.9953098368644714
9,409800,0.8868361651897431
9,409900,0.8597942894697189
9,410000,0.9166730731725693
9,410100,0.8933161360025406
9,410200,0.9714658641815186
9,410300,0.824502730667591
9,410400,0.8635126602649689
9,410500,0.9388448190689087
9,410600,1.0814496445655823
9,410700,0.984430980682373
9,410800,0.8718711876869202
9,410900,0.8885671424865723
9,411000,0.8870765769481659
9,411100,0.8799751389026642
9,411200,0.9292317259311677
9,411300,0.8876513308286667
9,411400,0.8639274406433105
9,411500,0.8829912680387497
9,411600,0.8206444549560546
9,411700,0.852124217748642
9,411800,0.8442949527502059
9,411900,0.9178996527194977
9,412000,0.9201486545801163
9,412100,0.7592390960454941
9,412200,0.8538347399234771
9,412300,0.92545694231987
9,412400,1.2366978168487548
9,412500,0.8563336682319641
9,412600,0.9418932390213013
9,412700,0.9030167770385742
9,412800,0.8770260280370712
9,412900,0.8738477057218552
9,413000,0.8789158421754837
9,413100,0.7883998838067054
9,413200,0.9772097623348236
9,413300,1.105668619275093
9,413400,1.1652017635107041
9,413500,1.3239013051986694
9,413600,0.9652792048454285
9,413700,0.9138936311006546
9,413800,0.959022650718689
9,413900,1.0061718666553496
9,414000,0.9352688229084015
9,414100,0.9153139853477478
9,414200,0.9614538222551345
9,414300,0.8543585783243179
9,414400,0.9173635882139206
9,414500,0.9918253183364868
9,414600,1.0104826015233994
9,414700,0.9691403049230576
9,414800,0.9053138273954392
9,414900,0.9119495406746865
9,415000,0.9504305344820022
9,415100,0.9038744062185288
9,415200,0.9663604313135147
9,415300,0.9801579016447067
9,415400,0.9186738413572312
9,415500,1.0010366934537887
9,415600,0.9033173280954361
9,415700,0.9059223288297653
9,415800,0.8954661083221436
9,415900,1.0261051613092422
9,416000,0.9880260223150253
9,416100,0.9046433746814728
9,416200,0.9301367384195328
9,416300,0.8946417444944381
9,416400,0.91654470205307
9,416500,0.9564205598831177
9,416600,0.9252908158302308
9,416700,0.9101990759372711
9,416800,0.9552176690101624
9,416900,0.8909388297796249
9,417000,0.8903309381008149
9,417100,0.883417751789093
9,417200,0.9487622421979904
9,417300,0.9360594749450684
9,417400,0.8428760099411011
9,417500,0.8823532128334045
9,417600,0.9097359699010849
9,417700,0.8898402523994445
9,417800,0.9167269814014435
9,417900,0.901414833664894
9,418000,0.9371711051464081
9,418100,0.9092192059755325
9,418200,0.9146789002418518
9,418300,0.9610740381479264
9,418400,0.866250147819519
9,418500,0.9279133212566376
9,418600,0.9851789802312851
9,418700,0.9798786985874176
9,418800,0.9294285601377488
9,418900,0.9672685611248016
9,419000,0.9421514022350311
9,419100,0.9635376578569412
9,419200,0.930900132060051
9,419300,1.0008105438947679
9,419400,1.0193903261423112
9,419500,0.9372802418470383
9,419600,0.9198291665315628
9,419700,0.8909721767902374
9,419800,0.8925112742185592
9,419900,0.9726302671432495
9,420000,0.9936310708522796
9,420100,0.9173730224370956
9,420200,0.9286318266391754
9,420300,0.9291632735729217
9,420400,0.9303400683403015
9,420500,0.8939256900548935
9,420600,1.0122766363620759
9,420700,0.9454511678218842
9,420800,0.9425559490919113
9,420900,0.9547883474826813
9,421000,0.8841537702083587
9,421100,0.9592471724748611
9,421200,0.9302692770957947
9,421300,0.9444498127698898
9,421400,0.8878355288505554
9,421500,0.924988204240799
9,421600,0.9358780026435852
9,421700,0.9564903205633164
9,421800,0.886421308517456
9,421900,0.9789844137430191
9,422000,0.9068662995100021
9,422100,0.8903190058469772
9,422200,0.8893354403972625
9,422300,0.9361493796110153
9,422400,0.9320310455560684
9,422500,0.9849495929479599
9,422600,0.931027757525444
9,422700,0.9396842133998871
9,422800,0.9104237151145935
9,422900,0.9357366079092025
9,423000,0.994993205666542
9,423100,1.0353614389896393
9,423200,1.0013218772411348
9,423300,0.9548147523403168
9,423400,0.966776887178421
9,423500,0.9401265478134155
9,423600,0.9661272978782653
9,423700,1.0010675793886186
9,423800,0.9832651376724243
9,423900,0.9948537760972976
9,424000,0.8917244392633438
9,424100,0.9493223839998245
9,424200,1.0411612647771835
9,424300,1.0170218855142594
9,424400,0.9571742063760758
9,424500,0.9661103045940399
9,424600,0.9312300634384155
9,424700,0.9628431701660156
9,424800,1.0084329175949096
9,424900,0.9533816492557525
9,425000,0.9438748443126679
9,425100,0.9571102213859558
9,425200,0.9261506921052933
9,425300,0.9501184034347534
9,425400,0.9138404607772828
9,425500,0.9819786614179611
9,425600,0.9391136306524277
9,425700,0.9110969203710556
9,425800,0.9410564976930619
9,425900,0.9434183675050736
9,426000,0.8935656279325486
9,426100,0.9688496881723404
9,426200,0.8728529274463653
9,426300,0.9103246182203293
9,426400,0.9035258919000626
9,426500,1.007235330939293
9,426600,0.9539192533493042
9,426700,0.9646569436788559
9,426800,0.9446275782585144
9,426900,0.9429971277713776
9,427000,0.9436499500274658
9,427100,0.9541285228729248
9,427200,0.8930422836542129
9,427300,0.9963282495737076
9,427400,0.8995042979717255
9,427500,0.9566808712482452
9,427600,0.8967319983243942
9,427700,0.9569976985454559
9,427800,0.9774460011720657
9,427900,1.0228720283508301
9,428000,0.943638162612915
9,428100,0.9409708404541015
9,428200,0.9140051609277725
9,428300,0.9145935708284378
9,428400,1.0332667142152787
9,428500,0.9145407414436341
9,428600,0.951115071773529
9,428700,0.9584464687108993
9,428800,0.9266448402404786
9,428900,1.022637940645218
9,429000,1.0132881486415863
9,429100,0.9006210327148437
9,429200,0.9518167555332184
9,429300,0.9143618863821029
9,429400,0.8631438171863556
9,429500,1.0012320804595947
9,429600,0.9466871589422226
9,429700,0.9330039757490158
9,429800,0.9489369297027588
9,429900,0.8797423559427261
9,430000,0.8731429010629654
9,430100,0.9361867558956146
9,430200,0.8273018628358841
9,430300,0.8669009852409363
9,430400,0.909734947681427
9,430500,0.9297017502784729
9,430600,0.8709103858470917
9,430700,0.9683137142658234
9,430800,0.9534273236989975
9,430900,0.954308158159256
9,431000,0.8968361043930053
9,431100,0.9117657321691514
9,431200,0.8932464355230332
9,431300,0.9505474597215653
9,431400,0.9786551398038864
9,431500,0.9070991736650467
9,431600,0.9807073265314102
9,431700,0.9225900971889496
9,431800,0.9039384424686432
9,431900,0.9776719379425048
9,432000,1.0047525542974471
9,432100,0.892874316573143
9,432200,0.92532131254673
9,432300,0.8770291846990586
9,432400,0.9222113293409347
9,432500,1.0100079762935639
9,432600,0.9983980029821395
9,432700,0.9585736548900604
9,432800,0.980991627573967
9,432900,0.9594614696502686
9,433000,0.9275119018554687
9,433100,0.9446454340219498
9,433200,0.9777829396724701
9,433300,0.9306792032718658
9,433400,0.9365243393182755
9,433500,0.9175040489435196
9,433600,0.9450489658117295
9,433700,0.9579274171590805
9,433800,0.9052429109811783
9,433900,0.9171937489509583
9,434000,0.9249570113420487
9,434100,0.9252155470848084
9,434200,0.9153292793035507
9,434300,0.8771047788858414
9,434400,0.9716551554203033
9,434500,0.8727621930837631
9,434600,0.9199216204881668
9,434700,0.9311300724744797
9,434800,0.8720384269952774
9,434900,0.8938651961088181
9,435000,0.9794629818201065
9,435100,0.9102001684904099
9,435200,0.9465354651212692
9,435300,0.9322973412275314
9,435400,0.9309349173307419
9,435500,0.8915857172012329
9,435600,0.9990878707170486
9,435700,0.968304637670517
9,435800,0.9947593694925309
9,435900,0.9209592998027801
9,436000,0.9204845768213272
9,436100,0.9237340486049652
9,436200,0.9589748823642731
9,436300,0.9805698150396347
9,436400,0.9165346664190293
9,436500,0.965216029882431
9,436600,0.929070650935173
9,436700,0.933875498175621
9,436800,0.9538650411367416
9,436900,1.0260075789690017
9,437000,0.9481584978103638
9,437100,0.9119640928506851
9,437200,0.9134920316934586
9,437300,0.9668670755624771
9,437400,0.9138504880666732
9,437500,1.0051376819610596
9,437600,0.9964828646183014
9,437700,0.949766897559166
9,437800,0.888963053226471
9,437900,0.9138318306207657
9,438000,0.8704641568660736
9,438100,0.9587874591350556
9,438200,0.9139461791515351
9,438300,0.9208168298006058
9,438400,0.9255315685272216
9,438500,0.8820679503679275
9,438600,0.8747732591629028
9,438700,0.9043109852075577
9,438800,0.9275204086303711
9,438900,0.8881516015529632
9,439000,0.9008286756277084
9,439100,0.9388843452930451
9,439200,0.928898052573204
9,439300,0.8924066591262817
9,439400,1.0423921149969102
9,439500,0.9639422458410263
9,439600,0.9215963399410247
9,439700,0.9284508407115937
9,439800,0.9489748573303223
9,439900,0.9158658808469773
9,440000,1.0368863666057586
9,440100,0.9620403552055359
9,440200,0.9409333002567292
9,440300,0.9709758722782135
9,440400,0.9734866195917129
9,440500,0.9460689932107925
9,440600,1.00772547185421
9,440700,0.9881934636831283
9,440800,0.922802923321724
9,440900,0.9117988616228103
9,441000,0.9952740979194641
9,441100,1.0407360470294953
9,441200,0.944437860250473
9,441300,0.9393018907308579
9,441400,0.9797282475233078
9,441500,0.9288110643625259
9,441600,0.9149937736988067
9,441700,0.937573921084404
9,441800,0.9632911795377731
9,441900,0.9656668108701706
9,442000,0.9047645336389541
9,442100,0.9277267551422119
9,442200,0.963481872677803
9,442300,0.9549094945192337
9,442400,0.9184928351640701
9,442500,0.9539625543355942
9,442600,0.9423283004760742
9,442700,0.9037186741828919
9,442800,0.9398181134462357
9,442900,0.9553826147317886
9,443000,0.8826465934515
9,443100,0.8964836853742599
9,443200,0.8995038950443268
9,443300,0.8998463070392608
9,443400,1.013528098464012
9,443500,0.9078424316644669
9,443600,0.926489332318306
9,443700,0.8896827453374863
9,443800,0.9301709425449372
9,443900,0.9980755740404129
9,444000,1.010624948143959
9,444100,0.9516772550344467
9,444200,0.9313101756572724
9,444300,0.8909318971633912
9,444400,0.9968325233459473
9,444500,1.0137968242168427
9,444600,0.9956828939914704
9,444700,0.9787520009279251
9,444800,0.9143990796804428
9,444900,0.9181381857395172
9,445000,0.9655789375305176
9,445100,0.9331078261137009
9,445200,0.9462706774473191
9,445300,0.9600022339820862
9,445400,0.8964509993791581
9,445500,0.9680127280950547
9,445600,0.9565399420261383
9,445700,1.019430393576622
9,445800,0.9820534366369248
9,445900,0.9669521254301071
9,446000,0.8985993665456772
9,446100,0.998137988448143
9,446200,0.9231136536598206
9,446300,0.9715308398008347
9,446400,0.9146958082914353
9,446500,0.8746628892421723
9,446600,0.9150469481945038
9,446700,0.8953221499919891
9,446800,0.8925902217626571
9,446900,0.8794968205690384
9,447000,0.9306837421655655
9,447100,0.9204560136795044
9,447200,0.9109298193454742
9,447300,0.9342677044868469
9,447400,0.894096530675888
9,447500,0.8766562098264694
9,447600,0.9225651812553406
9,447700,0.9037069582939148
9,447800,0.9806265199184417
9,447900,0.9990030092000961
9,448000,0.9839801168441773
9,448100,0.9598790049552918
9,448200,0.9590843552350998
9,448300,0.9441681295633316
9,448400,1.0185684216022493
9,448500,0.9839674746990204
9,448600,0.9311449980735779
9,448700,0.9586226910352706
9,448800,0.9817033171653747
9,448900,0.9837459510564804
9,449000,0.9661506706476212
9,449100,0.948185595870018
9,449200,0.906802834868431
9,449300,0.9880095839500427
9,449400,0.9940233510732651
9,449500,0.9295604372024536
9,449600,0.8968957978487014
9,449700,0.9602953976392746
9,449800,0.9353546768426895
9,449900,0.9731677532196045
9,450000,0.9539651948213578
9,450100,0.9450933837890625
9,450200,0.9300884729623795
9,450300,0.8902215617895126
9,450400,0.9066312682628631
9,450500,0.8498479735851288
9,450600,0.9165415489673614
9,450700,0.9216746264696121
9,450800,0.8845589888095856
9,450900,0.9448552638292312
9,451000,0.9012899839878082
9,451100,0.8982048410177231
9,451200,0.9131967633962631
9,451300,0.9188839846849441
9,451400,0.9027732503414154
9,451500,1.0001108866930009
9,451600,0.9453037482500076
9,451700,0.9483447837829589
9,451800,0.909235834479332
9,451900,0.9328935116529464
9,452000,1.0036005651950837
9,452100,0.9620422023534775
9,452200,0.9348559206724167
9,452300,0.9387956511974335
9,452400,0.9390467840433121
9,452500,0.9642502039670944
9,452600,1.088086804151535
9,452700,0.9327914881706237
9,452800,0.9441641199588776
9,452900,0.9418831831216812
9,453000,0.9037914180755615
9,453100,0.967826995253563
9,453200,0.9619057822227478
9,453300,0.9193998235464096
9,453400,0.9214223492145538
9,453500,0.9512075072526932
9,453600,0.9880037397146225
9,453700,1.0587997525930404
9,453800,0.938119325041771
9,453900,0.9102916973829269
9,454000,0.9352988761663437
9,454100,0.8416920208930969
9,454200,0.9152138525247574
9,454300,0.9148095673322678
9,454400,0.8779468482732773
9,454500,0.8739971309900284
9,454600,0.8978416967391968
9,454700,0.920138698220253
9,454800,0.9864143741130829
9,454900,0.8634815990924836
9,455000,0.9260269731283188
9,455100,0.9519935649633408
9,455200,0.8892112559080124
9,455300,0.9411706852912903
9,455400,0.9478990203142166
9,455500,0.940160071849823
9,455600,0.9317833560705185
9,455700,0.9446543496847153
9,455800,0.9100033855438232
9,455900,1.0098271203041076
9,456000,0.9341043514013291
9,456100,0.9119310513138771
9,456200,0.8998365205526352
9,456300,0.9089615672826767
9,456400,0.9442760241031647
9,456500,1.0680999475717545
9,456600,0.9494092071056366
9,456700,0.9187887912988663
9,456800,0.9491023790836334
9,456900,0.9167771047353744
9,457000,0.9278946006298066
9,457100,0.9627120685577393
9,457200,0.9257451432943344
9,457300,0.9000013911724091
9,457400,0.8931364297866822
9,457500,0.9616057002544403
9,457600,0.9845582151412964
9,457700,0.9164586144685746
9,457800,0.8989033740758896
9,457900,0.8984447604417801
9,458000,0.9452126920223236
9,458100,0.8759867024421691
9,458200,0.91395862698555
9,458300,0.8851918452978134
9,458400,0.8995175170898437
9,458500,0.9328932976722717
9,458600,0.9326771163940429
9,458700,0.9348112404346466
10,458800,0.7686827921867371
10,458900,0.788750741481781
10,459000,0.8085220038890839
10,459100,0.8158386015892028
10,459200,0.8732816952466965
10,459300,0.893674253821373
10,459400,0.8613764894008636
10,459500,0.7899068522453309
10,459600,0.8706344360113144
10,459700,0.8297938519716263
10,459800,0.7752825474739075
10,459900,0.825353427529335
10,460000,0.883286406993866
10,460100,0.8775808149576187
10,460200,0.9280089300870895
10,460300,0.7697845506668091
10,460400,0.7906845074892044
10,460500,1.0187146800756455
10,460600,1.0659470450878143
10,460700,0.9182661646604537
10,460800,0.842633792757988
10,460900,0.8953482007980347
10,461000,0.8849756067991257
10,461100,0.9285411334037781
10,461200,0.9276594310998917
10,461300,0.7967882752418518
10,461400,0.8654520893096924
10,461500,1.000002430677414
10,461600,1.10123251080513
10,461700,0.9181906580924988
10,461800,0.8462742066383362
10,461900,0.8940642815828324
10,462000,0.8742660462856293
10,462100,0.8913703072071075
10,462200,0.9271589094400405
10,462300,0.8340914767980575
10,462400,0.8877538412809372
10,462500,0.8561329293251038
10,462600,0.8144350111484527
10,462700,0.8420490258932114
10,462800,0.8683860421180725
10,462900,0.9128352928161622
10,463000,0.8609683811664581
10,463100,0.7744912135601044
10,463200,0.8920143902301788
10,463300,0.9913743048906326
10,463400,1.143661081790924
10,463500,0.8670047837495803
10,463600,0.9396446567773818
10,463700,0.8674280977249146
10,463800,0.8614044803380966
10,463900,0.9006920605897903
10,464000,0.8005604523420334
10,464100,0.8510915523767472
10,464200,1.0221554177999497
10,464300,1.1574187076091766
10,464400,1.346753146648407
10,464500,1.0651091986894607
10,464600,0.9187938159704209
10,464700,0.9249251574277878
10,464800,0.9705950963497162
10,464900,0.9705399352312089
10,465000,0.9203579831123352
10,465100,0.9193935877084732
10,465200,0.936243137717247
10,465300,0.8726669460535049
10,465400,0.920216521024704
10,465500,0.9921059292554856
10,465600,1.0062697595357895
10,465700,0.9383155071735382
10,465800,0.9217410212755204
10,465900,0.899710345864296
10,466000,0.9150102388858795
10,466100,0.9294387173652648
10,466200,0.9599791777133941
10,466300,0.9477228307723999
10,466400,0.9386198234558105
10,466500,0.9677328842878342
10,466600,0.9141582268476486
10,466700,0.8646436655521392
10,466800,0.9481896740198136
10,466900,1.0155207598209381
10,467000,0.9544611346721649
10,467100,0.9222906720638275
10,467200,0.9077804487943649
10,467300,0.8864174777269364
10,467400,0.89271380007267
10,467500,0.9862864768505096
10,467600,0.890649716258049
10,467700,0.9324945521354675
10,467800,0.9173343473672867
10,467900,0.883139351606369
10,468000,0.8943556880950928
10,468100,0.8866980957984925
10,468200,0.9473422259092331
10,468300,0.8826596653461456
10,468400,0.8467242437601089
10,468500,0.9004028064012527
10,468600,0.8845538568496704
10,468700,0.9078794801235199
10,468800,0.9237693816423416
10,468900,0.8841328817605972
10,469000,0.93093894302845
10,469100,0.8997671383619309
10,469200,0.9267612928152085
10,469300,0.9205328333377838
10,469400,0.8643171185255051
10,469500,0.9711435657739639
10,469600,0.9621671909093856
10,469700,0.9567658096551895
10,469800,0.924612203836441
10,469900,0.9746541726589203
10,470000,0.9209837043285369
10,470100,0.9646088993549347
10,470200,0.9384603410959244
10,470300,1.0213089329004288
10,470400,0.9589430433511734
10,470500,0.9464628219604492
10,470600,0.8911955964565277
10,470700,0.8929235827922821
10,470800,0.8960876780748367
10,470900,0.971545016169548
10,471000,0.9758516442775726
10,471100,0.909199526309967
10,471200,0.9523405534029007
10,471300,0.9107069605588913
10,471400,0.8985032397508621
10,471500,0.9025585108995438
10,471600,1.0272919207811355
10,471700,0.9142378640174865
10,471800,0.9597273701429367
10,471900,0.9139474433660507
10,472000,0.9100100088119507
10,472100,0.9584044998884201
10,472200,0.9092285472154618
10,472300,0.9238692319393158
10,472400,0.9208819699287415
10,472500,0.8978233897686004
10,472600,0.9353290504217148
10,472700,0.9278822028636933
10,472800,0.9149582892656326
10,472900,0.9538581800460816
10,473000,0.8893726527690887
10,473100,0.883632082939148
10,473200,0.8947831016778945
10,473300,0.925217159986496
10,473400,0.9578026854991912
10,473500,0.9762664580345154
10,473600,0.9008851248025894
10,473700,0.9345537239313125
10,473800,0.896052034497261
10,473900,0.9634944939613342
10,474000,1.0055172055959702
10,474100,1.029518626332283
10,474200,0.9540508276224137
10,474300,1.0028712451457977
10,474400,0.9039740121364593
10,474500,0.9419843602180481
10,474600,0.9579022473096848
10,474700,1.038906970024109
10,474800,0.9538021218776703
10,474900,0.965801642537117
10,475000,0.9015165424346924
10,475100,0.9613413798809052
10,475200,1.0364337915182114
10,475300,1.0037538933753967
10,475400,0.9197033053636551
10,475500,0.9669372129440308
10,475600,0.9215408259630203
10,475700,0.9924239039421081
10,475800,0.9761196076869965
10,475900,0.96959512591362
10,476000,0.9151845687627792
10,476100,0.9442627501487731
10,476200,0.9370081573724747
10,476300,0.9265462929010391
10,476400,0.9273118823766708
10,476500,0.9894817668199539
10,476600,0.8815566676855088
10,476700,0.92323312997818
10,476800,0.9575557279586792
10,476900,0.9344784647226334
10,477000,0.8737838470935821
10,477100,0.9793425756692886
10,477200,0.8471251839399337
10,477300,0.9072975730895996
10,477400,0.9449209934473037
10,477500,0.9682943195104599
10,477600,0.9631226730346679
10,477700,0.9497930628061294
10,477800,0.9228831666707993
10,477900,0.9618800669908524
10,478000,0.9097216033935547
10,478100,0.9391811323165894
10,478200,0.9327995932102203
10,478300,0.9608424764871597
10,478400,0.8945753580331802
10,478500,0.9514874529838562
10,478600,0.9158646380901336
10,478700,0.9503491878509521
10,478800,0.9757635629177094
10,478900,0.9989532190561294
10,479000,0.9435658431053162
10,479100,0.9328974169492722
10,479200,0.8874543458223343
10,479300,0.9669076013565063
10,479400,1.0084863799810408
10,479500,0.8816628003120422
10,479600,0.9975671046972274
10,479700,0.9141506803035736
10,479800,0.9461073070764542
10,479900,1.0255817019939422
10,480000,0.9849522179365158
10,480100,0.8903966647386551
10,480200,0.9418609482049942
10,480300,0.8768509095907211
10,480400,0.922541401386261
10,480500,0.972123207449913
10,480600,0.9379842394590377
10,480700,0.9375044590234757
10,480800,0.9209526234865189
10,480900,0.8614931070804596
10,481000,0.899251714348793
10,481100,0.8998761719465256
10,481200,0.8340090191364289
10,481300,0.8528323626518249
10,481400,0.9283326506614685
10,481500,0.9080992060899734
10,481600,0.8882162982225418
10,481700,0.96967160820961
10,481800,0.9362783777713776
10,481900,0.9314774447679519
10,482000,0.8970774751901627
10,482100,0.9103361463546753
10,482200,0.886711443066597
10,482300,0.9625093537569046
10,482400,0.9632760113477707
10,482500,0.8958780032396316
10,482600,0.9858383554220199
10,482700,0.9215585815906525
10,482800,0.8880950820446014
10,482900,1.004620185494423
10,483000,0.9849141746759414
10,483100,0.8809401977062226
10,483200,0.9082048159837722
10,483300,0.8788014042377472
10,483400,0.9257602334022522
10,483500,1.032027509212494
10,483600,0.9679044872522354
10,483700,0.9673086959123611
10,483800,0.9753142237663269
10,483900,0.9312729865312577
10,484000,0.921488904953003
10,484100,0.9730096244812012
10,484200,0.943272208571434
10,484300,0.923773335814476
10,484400,0.9273243826627732
10,484500,0.9359066593647003
10,484600,0.9474522930383682
10,484700,0.9299635720252991
10,484800,0.8805920577049255
10,484900,0.9418570816516876
10,485000,0.8998240113258362
10,485100,0.9363291305303574
10,485200,0.8701967120170593
10,485300,0.9147661697864532
10,485400,0.9549778634309769
10,485500,0.898716292977333
10,485600,0.8961637604236603
10,485700,0.9027293705940247
10,485800,0.855697117447853
10,485900,0.9396516740322113
10,486000,0.958602676987648
10,486100,0.9085828113555908
10,486200,0.9465221452713013
10,486300,0.9101427036523819
10,486400,0.9232201242446899
10,486500,0.9117616021633148
10,486600,0.998976246714592
10,486700,0.959516613483429
10,486800,0.9611260104179382
10,486900,0.9279397231340408
10,487000,0.9108177989721298
10,487100,0.9124263942241668
10,487200,0.9956351089477539
10,487300,0.9316889381408692
10,487400,0.963659542798996
10,487500,0.9245766919851303
10,487600,0.9239681941270829
10,487700,0.9168317937850952
10,487800,1.0082542425394059
10,487900,0.989767974615097
10,488000,0.9311599296331405
10,488100,0.8970020389556885
10,488200,0.908665521144867
10,488300,0.9650891828536987
10,488400,0.9506549960374833
10,488500,1.0062388610839843
10,488600,0.9430060112476348
10,488700,0.9342737525701523
10,488800,0.8897147512435913
10,488900,0.9210019558668137
10,489000,0.8504010140895844
10,489100,0.9790281641483307
10,489200,0.9072029840946197
10,489300,0.9193171221017837
10,489400,0.891789083480835
10,489500,0.8819499713182449
10,489600,0.8604029721021652
10,489700,0.9098708158731461
10,489800,0.9068640667200089
10,489900,0.933612813949585
10,490000,0.8719712269306182
10,490100,0.9593096554279328
10,490200,0.8969153308868408
10,490300,0.9233996552228928
10,490400,1.0528668069839477
10,490500,0.9292795044183731
10,490600,0.9049234521389008
10,490700,0.9380746740102768
10,490800,0.9163841605186462
10,490900,0.9557469218969346
10,491000,1.0244634330272675
10,491100,0.9624951440095901
10,491200,0.9209729984402657
10,491300,1.000047540664673
10,491400,0.9265948241949081
10,491500,0.9759647011756897
10,491600,0.9980559581518174
10,491700,0.9781183290481568
10,491800,0.9033462691307068
10,491900,0.9177581655979157
10,492000,0.9876416367292404
10,492100,1.0272585213184358
10,492200,0.9418547761440277
10,492300,0.9447467827796936
10,492400,0.9499448585510254
10,492500,0.9281903332471848
10,492600,0.9369154661893845
10,492700,0.9339838773012161
10,492800,0.9522105944156647
10,492900,0.9440150707960129
10,493000,0.8983330953121186
10,493100,0.9429511088132858
10,493200,0.9426406699419022
10,493300,0.9511661612987519
10,493400,0.918944741487503
10,493500,0.9347889590263366
10,493600,0.9368942022323609
10,493700,0.9114021742343903
10,493800,0.9577573847770691
10,493900,0.9135042816400528
10,494000,0.8751098310947418
10,494100,0.8995257651805878
10,494200,0.8764211213588715
10,494300,0.9923666024208069
10,494400,0.9429822301864624
10,494500,0.8915203714370727
10,494600,0.9139457482099533
10,494700,0.880536402463913
10,494800,0.9753225576877594
10,494900,0.9730395597219467
10,495000,1.0445410013198853
10,495100,0.9170828068256378
10,495200,0.9137842428684234
10,495300,0.9157034575939178
10,495400,1.00565740942955
10,495500,0.996490808725357
10,495600,0.9643085300922394
10,495700,0.9849143385887146
10,495800,0.8880350583791733
10,495900,0.9278254878520965
10,496000,0.9659659826755523
10,496100,0.9362346667051316
10,496200,0.9244235324859619
10,496300,0.945363627076149
10,496400,0.9358319348096847
10,496500,0.9366503793001175
10,496600,0.9986769872903823
10,496700,1.0221459919214249
10,496800,0.9397971594333648
10,496900,0.9183747363090515
10,497000,0.9523570775985718
10,497100,0.9689203733205796
10,497200,0.9267457211017609
10,497300,0.9576464605331421
10,497400,0.9055457186698913
10,497500,0.8672402030229569
10,497600,0.9089284491539001
10,497700,0.8981499075889587
10,497800,0.8816564482450485
10,497900,0.8821798777580261
10,498000,0.9210129231214523
10,498100,0.9316795456409455
10,498200,0.9019183796644211
10,498300,0.9096092265844345
10,498400,0.9056605130434037
10,498500,0.8629279947280883
10,498600,0.9142330509424209
10,498700,0.9219622164964676
10,498800,1.0037107592821122
10,498900,0.9759644734859466
10,499000,0.993673397898674
10,499100,0.9271200340986252
10,499200,0.9412677806615829
10,499300,1.0071815705299378
10,499400,0.9870336443185806
10,499500,0.9730169135332107
10,499600,0.9239004594087601
10,499700,0.9754529404640198
10,499800,0.9574721366167068
10,499900,0.9686713391542434
10,500000,0.974267824292183
10,500100,0.9134343874454498
10,500200,0.9395008242130279
10,500300,0.9971202957630158
10,500400,0.9762098401784897
10,500500,0.9173152160644531
10,500600,0.9078456914424896
10,500700,0.9404435658454895
10,500800,0.9229476583003998
10,500900,0.9839008551836014
10,501000,0.9354684072732925
10,501100,0.9527735114097595
10,501200,0.9013218462467194
10,501300,0.9096593689918518
10,501400,0.8960429114103318
10,501500,0.8482269698381424
10,501600,0.9081686115264893
10,501700,0.9088427460193634
10,501800,0.8807592624425888
10,501900,0.9653235566616059
10,502000,0.8921391761302948
10,502100,0.8812348872423172
10,502200,0.9178331995010376
10,502300,0.9092860060930252
10,502400,0.9550563961267471
10,502500,0.9515679144859314
10,502600,0.9697135436534882
10,502700,0.8990738952159881
10,502800,0.9175568521022797
10,502900,0.9492082411050796
10,503000,1.0073952335119247
10,503100,0.9492827212810516
10,503200,0.9148967832326889
10,503300,0.9470419210195541
10,503400,0.9441050654649734
10,503500,1.0045923215150834
10,503600,1.017418040037155
10,503700,0.9589663589000702
10,503800,0.9304296702146531
10,503900,0.9065094417333603
10,504000,0.9237792664766311
10,504100,0.9772325903177261
10,504200,0.9379245442152023
10,504300,0.9008020544052124
10,504400,0.9486645656824112
10,504500,0.9401539677381515
10,504600,1.009497211575508
10,504700,1.0177585172653199
10,504800,0.9250074815750122
10,504900,0.914734554886818
10,505000,0.9089165616035462
10,505100,0.8705206584930419
10,505200,0.9276566106081009
10,505300,0.8917819505929947
10,505400,0.8680735939741134
10,505500,0.8677929735183716
10,505600,0.9046193599700928
10,505700,0.9442469054460525
10,505800,0.9327566277980804
10,505900,0.8794243812561036
10,506000,0.9319477981328964
10,506100,0.9451093357801438
10,506200,0.9024872225522995
10,506300,0.9527594631910324
10,506400,0.9295280939340591
10,506500,0.921799030303955
10,506600,0.9271437448263168
10,506700,0.9277118748426437
10,506800,0.9451686841249466
10,506900,0.9960329383611679
10,507000,0.9222283458709717
10,507100,0.9049871969223022
10,507200,0.8813922816514969
10,507300,0.9263485997915268
10,507400,0.9909187966585159
10,507500,1.0015831542015077
10,507600,0.9574446570873261
10,507700,0.9085278660058975
10,507800,0.9511655420064926
10,507900,0.9208584463596344
10,508000,0.9359687811136246
10,508100,0.928169429898262
10,508200,0.9222444689273834
10,508300,0.8978247153759003
10,508400,0.9030901926755905
10,508500,0.9630161625146866
10,508600,0.9764023149013519
10,508700,0.8996414655447006
10,508800,0.8938902240991592
10,508900,0.9591254246234894
10,509000,0.8831174492835998
10,509100,0.8872041428089141
10,509200,0.8966056722402572
10,509300,0.8938363647460937
10,509400,0.8793775105476379
10,509500,0.9387956327199936
10,509600,0.9329286235570907
11,509700,0.2676294267177582
11,509800,0.762608602643013
11,509900,0.7858400082588196
11,510000,0.8187451261281967
11,510100,0.8350023776292801
11,510200,0.8671416962146759
11,510300,0.8884638720750808
11,510400,0.8310086208581925
11,510500,0.7972247868776321
11,510600,0.8891953414678574
11,510700,0.7841525298357009
11,510800,0.7975999295711518
11,510900,0.8368240791559219
11,511000,0.8627916318178177
11,511100,0.9149105000495911
11,511200,0.9093102717399597
11,511300,0.7035526725649833
11,511400,0.811200097501278
11,511500,1.096227325797081
11,511600,1.0503762757778168
11,511700,0.8755943149328231
11,511800,0.8472828584909439
11,511900,0.9169593805074692
11,512000,0.8443294644355774
11,512100,0.9636072152853012
11,512200,0.8978448098897934
11,512300,0.7987917637825013
11,512400,0.9068197625875473
11,512500,1.03147636115551
11,512600,1.0533072012662887
11,512700,0.8656814128160477
11,512800,0.8554351854324341
11,512900,0.9021431070566177
11,513000,0.8600570267438888
11,513100,0.9069422525167465
11,513200,0.91336780667305
11,513300,0.8045311272144318
11,513400,0.9034549766778945
11,513500,0.8363375526666641
11,513600,0.8170326960086822
11,513700,0.8184249901771545
11,513800,0.8968068969249725
11,513900,0.9450685495138168
11,514000,0.7721899622678756
11,514100,0.8041396415233613
11,514200,0.9088414776325225
11,514300,1.103040463924408
11,514400,1.0193090283870696
11,514500,0.8835549467802047
11,514600,0.9293854248523712
11,514700,0.8677869331836701
11,514800,0.851665004491806
11,514900,0.889083623290062
11,515000,0.759894593656063
11,515100,0.8951711130142211
11,515200,1.0767591953277589
11,515300,1.1448917692899705
11,515400,1.4024572253227234
11,515500,0.9534724020957946
11,515600,0.9010257512331009
11,515700,0.951313101053238
11,515800,0.9715971058607101
11,515900,0.9473823004961014
11,516000,0.9240365123748779
11,516100,0.9488327467441559
11,516200,0.859601907134056
11,516300,0.8979595756530762
11,516400,0.9414950573444366
11,516500,0.9997109895944596
11,516600,1.0077040076255799
11,516700,0.8844655799865723
11,516800,0.9356624072790146
11,516900,0.9217029255628586
11,517000,0.8755794912576675
11,517100,0.9425453436374664
11,517200,0.9696144825220108
11,517300,0.9131513541936874
11,517400,0.9848739302158356
11,517500,0.9247729814052582
11,517600,0.9120975923538208
11,517700,0.8594106835126877
11,517800,0.9810180497169495
11,517900,1.0226656997203827
11,518000,0.9029188531637192
11,518100,0.9116228640079498
11,518200,0.9018308317661285
11,518300,0.8952478617429733
11,518400,0.9272692632675171
11,518500,0.9459228253364563
11,518600,0.9047751623392105
11,518700,0.9522372436523437
11,518800,0.8745730203390122
11,518900,0.8878851717710495
11,519000,0.8761038625240326
11,519100,0.9109066516160965
11,519200,0.9413566350936889
11,519300,0.8502453112602234
11,519400,0.8546988177299499
11,519500,0.8912682092189789
11,519600,0.8994660836458206
11,519700,0.908252494931221
11,519800,0.9027214068174362
11,519900,0.9095881772041321
11,520000,0.9237000370025634
11,520100,0.8846110790967942
11,520200,0.94197116792202
11,520300,0.9031810587644578
11,520400,0.8774619936943054
11,520500,0.9679863911867141
11,520600,0.9703899735212326
11,520700,0.9383909893035889
11,520800,0.9321489983797073
11,520900,0.9757012635469436
11,521000,0.9184604114294053
11,521100,0.9400588834285736
11,521200,0.9672633993625641
11,521300,1.0384894078969955
11,521400,0.9168920809030533
11,521500,0.9340153229236603
11,521600,0.8930460995435715
11,521700,0.8694791209697723
11,521800,0.9313664835691452
11,521900,0.9734263521432877
11,522000,0.9668830633163452
11,522100,0.9035051077604294
11,522200,0.9380081051588058
11,522300,0.9004362446069717
11,522400,0.8871178621053696
11,522500,0.9572403872013092
11,522600,0.9951334458589554
11,522700,0.9036415851116181
11,522800,0.9712252056598664
11,522900,0.8941144406795501
11,523000,0.9162944078445434
11,523100,0.9385741621255874
11,523200,0.9335164868831635
11,523300,0.8893226546049118
11,523400,0.9304100543260574
11,523500,0.8904935091733932
11,523600,0.9568755602836609
11,523700,0.8995075553655625
11,523800,0.9451007229089737
11,523900,0.922990710735321
11,524000,0.8738823664188385
11,524100,0.8957872015237808
11,524200,0.9207940262556076
11,524300,0.9123726981878281
11,524400,0.9735973590612411
11,524500,0.9366935980319977
11,524600,0.918217162489891
11,524700,0.927090750336647
11,524800,0.907718191742897
11,524900,0.9648609894514084
11,525000,1.0166231727600097
11,525100,1.0134898346662522
11,525200,0.9335698449611664
11,525300,0.9804797846078873
11,525400,0.9266365838050842
11,525500,0.9349661380052566
11,525600,0.9916843014955521
11,525700,1.00563609957695
11,525800,0.9760144931077958
11,525900,0.9108332312107086
11,526000,0.9285411471128464
11,526100,0.9437041538953781
11,526200,1.0744668394327164
11,526300,0.9660748928785324
11,526400,0.9460327112674713
11,526500,0.9331498312950134
11,526600,0.9477000838518143
11,526700,0.9739331048727036
11,526800,0.9778686755895615
11,526900,0.9622231286764145
11,527000,0.9256015050411225
11,527100,0.9265872800350189
11,527200,0.9292768269777298
11,527300,0.9217352378368378
11,527400,0.9604658764600754
11,527500,0.9396121770143508
11,527600,0.914897980093956
11,527700,0.9172615718841552
11,527800,0.9253894358873367
11,527900,0.9314480090141296
11,528000,0.9130730897188186
11,528100,0.9256184047460556
11,528200,0.8723147809505463
11,528300,0.9019680422544479
11,528400,0.9786520808935165
11,528500,0.9389274662733078
11,528600,0.9518673211336136
11,528700,0.9676948493719101
11,528800,0.9159193211793899
11,528900,0.9448268258571625
11,529000,0.9270814764499664
11,529100,0.9168191957473755
11,529200,0.9576133078336716
11,529300,0.9135063517093659
11,529400,0.9306767570972443
11,529500,0.9192150175571442
11,529600,0.9381734603643417
11,529700,0.9536801505088807
11,529800,1.0193427807092668
11,529900,0.9598978477716446
11,530000,0.9301249372959137
11,530100,0.914151651263237
11,530200,0.9046921080350876
11,530300,1.0012695318460465
11,530400,0.9402219933271408
11,530500,0.8954489207267762
11,530600,0.9837297677993775
11,530700,0.9403662037849426
11,530800,0.9624936610460282
11,530900,1.01059994161129
11,531000,0.9406309276819229
11,531100,0.9479170632362366
11,531200,0.9051499819755554
11,531300,0.8559462296962738
11,531400,0.9661436933279037
11,531500,0.9508705502748489
11,531600,0.9174258446693421
11,531700,0.953153314590454
11,531800,0.9040215593576432
11,531900,0.8591900557279587
11,532000,0.9063383877277374
11,532100,0.870697802901268
11,532200,0.8475556856393814
11,532300,0.8641146582365036
11,532400,0.9255434191226959
11,532500,0.8798965388536453
11,532600,0.9429334598779678
11,532700,0.9586622607707977
11,532800,0.9159011048078537
11,532900,0.9139149141311645
11,533000,0.9087054997682571
11,533100,0.8986660254001617
11,533200,0.8989520603418351
11,533300,0.9768483251333236
11,533400,0.927324001789093
11,533500,0.9310869759321213
11,533600,0.9690471923351288
11,533700,0.9110599362850189
11,533800,0.9074301356077195
11,533900,1.010543030500412
11,534000,0.9436145555973053
11,534100,0.8951900321245193
11,534200,0.8961347782611847
11,534300,0.8984054785966873
11,534400,0.941758034825325
11,534500,1.0120087510347366
11,534600,0.965135645866394
11,534700,0.9714336162805557
11,534800,0.9672561341524124
11,534900,0.920245618224144
11,535000,0.9279868978261948
11,535100,0.9772949999570847
11,535200,0.9322589099407196
11,535300,0.9291326713562011
11,535400,0.9080165475606918
11,535500,0.9481622284650802
11,535600,0.9435716819763184
11,535700,0.9169937324523926
11,535800,0.905129554271698
11,535900,0.932838699221611
11,536000,0.9058765757083893
11,536100,0.9105699199438095
11,536200,0.853653016090393
11,536300,0.9619784462451935
11,536400,0.8910234951972962
11,536500,0.9163886255025864
11,536600,0.9034241861104966
11,536700,0.899547558426857
11,536800,0.8586788511276245
11,536900,0.9470742326974869
11,537000,0.9392295664548874
11,537100,0.9357012856006622
11,537200,0.9334361857175827
11,537300,0.9132840716838837
11,537400,0.8912850767374039
11,537500,0.9505583328008652
11,537600,0.9863107270002365
11,537700,0.9813693910837173
11,537800,0.9015739941596985
11,537900,0.9396472936868667
11,538000,0.9286362445354461
11,538100,0.9221509742736816
11,538200,0.992151340842247
11,538300,0.8978418731689453
11,538400,0.9730807900428772
11,538500,0.9305538254976272
11,538600,0.9283436894416809
11,538700,0.9266865491867066
11,538800,1.0505260467529296
11,538900,0.9380584591627121
11,539000,0.9224125820398331
11,539100,0.9064995622634888
11,539200,0.9144247525930405
11,539300,0.9251129823923111
11,539400,0.9841952019929886
11,539500,1.0122351509332657
11,539600,0.9304104036092758
11,539700,0.9060961014032364
11,539800,0.9015134286880493
11,539900,0.8971603327989578
11,540000,0.87478382229805
11,540100,0.9639542430639267
11,540200,0.907627632021904
11,540300,0.9345352810621261
11,540400,0.8629482167959214
11,540500,0.8756535744667053
11,540600,0.8794267344474792
11,540700,0.921960278749466
11,540800,0.8864619642496109
11,540900,0.9110554665327072
11,541000,0.9145784258842469
11,541100,0.9436613965034485
11,541200,0.8851311242580414
11,541300,1.0010173797607422
11,541400,0.9726309454441071
11,541500,0.9349484503269195
11,541600,0.9229398864507675
11,541700,0.9160805118083953
11,541800,0.9173129540681839
11,541900,0.9765967977046967
11,542000,1.0060780161619187
11,542100,0.9704776275157928
11,542200,0.9186223536729813
11,542300,0.993607969880104
11,542400,0.923729003071785
11,542500,0.9850914412736893
11,542600,0.9965349054336547
11,542700,0.9432689422369003
11,542800,0.90448377430439
11,542900,0.9444703412055969
11,543000,1.0006707751750945
11,543100,1.0108027637004853
11,543200,0.9325362110137939
11,543300,0.955634777545929
11,543400,0.9386895835399628
11,543500,0.9184223717451095
11,543600,0.9461935126781463
11,543700,0.9290111362934113
11,543800,0.94697585105896
11,543900,0.9535220646858216
11,544000,0.8752105581760407
11,544100,0.9833973610401153
11,544200,0.9196215212345124
11,544300,0.9517689323425294
11,544400,0.930205779671669
11,544500,0.9364064818620682
11,544600,0.9168336975574494
11,544700,0.9123175370693207
11,544800,0.9659253257513046
11,544900,0.8724762314558029
11,545000,0.8918605273962021
11,545100,0.9043900829553604
11,545200,0.8856854420900345
11,545300,0.9850308662652969
11,545400,0.9378616726398468
11,545500,0.9155926436185837
11,545600,0.8942851591110229
11,545700,0.8967671823501587
11,545800,0.9869850432872772
11,545900,0.9492028558254242
11,546000,1.025639846920967
11,546100,0.9344674289226532
11,546200,0.8870620542764663
11,546300,0.9576513576507568
11,546400,0.9910474461317063
11,546500,1.0175397783517837
11,546600,0.9467402124404907
11,546700,0.9511513394117356
11,546800,0.9045278096199035
11,546900,0.9347312170267105
11,547000,0.9498347944021225
11,547100,0.9691528505086899
11,547200,0.920204827785492
11,547300,0.8990851801633835
11,547400,0.9641973638534546
11,547500,0.9275169664621353
11,547600,0.9920159310102463
11,547700,1.0418295401334763
11,547800,0.9391465270519257
11,547900,0.8853106230497361
11,548000,0.9987544810771942
11,548100,0.9356554812192917
11,548200,0.9596776700019837
11,548300,0.9133584868907928
11,548400,0.8818698400259017
11,548500,0.8951467961072922
11,548600,0.9002028423547744
11,548700,0.9046802622079849
11,548800,0.8500912284851074
11,548900,0.9028573071956635
11,549000,0.9371722894906998
11,549100,0.9273214972019196
11,549200,0.9032196754217148
11,549300,0.8979861450195312
11,549400,0.8825558048486709
11,549500,0.8979755508899688
11,549600,0.9233726441860199
11,549700,0.9311603003740311
11,549800,1.0045530527830124
11,549900,0.9787810790538788
11,550000,0.9703698170185089
11,550100,0.9467298656702041
11,550200,0.935786514878273
11,550300,1.0185728979110718
11,550400,0.9748500597476959
11,550500,0.9620031374692917
11,550600,0.9253881978988647
11,550700,0.9672045522928238
11,550800,0.9720180439949035
11,550900,0.961699658036232
11,551000,0.9783046370744706
11,551100,0.9011802566051483
11,551200,0.959668053984642
11,551300,0.9901136326789856
11,551400,0.9568199098110199
11,551500,0.8880839866399765
11,551600,0.9409613680839538
11,551700,0.9298255860805511
11,551800,0.9484988051652908
11,551900,0.9660085445642471
11,552000,0.936683092713356
11,552100,0.9530706834793091
11,552200,0.8832943320274353
11,552300,0.9149372565746308
11,552400,0.8734360748529434
11,552500,0.8790657979249954
11,552600,0.9008453989028931
11,552700,0.9093843960762024
11,552800,0.891372064948082
11,552900,0.9420704889297485
11,553000,0.8885990685224533
11,553100,0.9178829735517502
11,553200,0.8991222751140594
11,553300,0.9004710108041764
11,553400,0.9790676301717758
11,553500,0.9481865239143371
11,553600,0.9598329377174377
11,553700,0.8905770850181579
11,553800,0.928458616733551
11,553900,0.9604897886514664
11,554000,1.0039923751354218
11,554100,0.9447737842798233
11,554200,0.9199611085653305
11,554300,0.9237223660945892
11,554400,0.9547904270887375
11,554500,1.0775791943073272
11,554600,0.940415334701538
11,554700,0.9446928834915161
11,554800,0.9528088182210922
11,554900,0.8904128938913345
11,555000,0.9539202666282653
11,555100,0.9827235341072083
11,555200,0.905417553782463
11,555300,0.906603097319603
11,555400,0.9593825465440751
11,555500,0.9379126024246216
11,555600,1.053755989074707
11,555700,0.9724874657392502
11,555800,0.9102501851320267
11,555900,0.9069905459880829
11,556000,0.8896020758152008
11,556100,0.8842383962869644
11,556200,0.9378084492683411
11,556300,0.8729478335380554
11,556400,0.8642757838964462
11,556500,0.8933283364772797
11,556600,0.9065042573213578
11,556700,0.9752924460172653
11,556800,0.8800006783008576
11,556900,0.8929187494516373
11,557000,0.9407736784219742
11,557100,0.9262247511744499
11,557200,0.9125718837976455
11,557300,0.9645163667201996
11,557400,0.9222057539224625
11,557500,0.9239252609014511
11,557600,0.9235387849807739
11,557700,0.933924218416214
11,557800,0.9726820021867753
11,557900,0.9746326404809952
11,558000,0.9084906780719757
11,558100,0.8947918426990509
11,558200,0.8809538722038269
11,558300,0.9363863408565521
11,558400,1.0623641097545624
11,558500,0.927767482995987
11,558600,0.9512545835971832
11,558700,0.9283166897296905
11,558800,0.9400226104259491
11,558900,0.9163412421941757
11,559000,0.9518755620718002
11,559100,0.9061462545394897
11,559200,0.9225020217895508
11,559300,0.8957165479660034
11,559400,0.9280848795175553
11,559500,0.9571761059761047
11,559600,0.962119522690773
11,559700,0.9006669473648071
11,559800,0.8845895385742187
11,559900,0.9661709356307984
11,560000,0.8554459178447723
11,560100,0.9176965010166168
11,560200,0.8793691182136536
11,560300,0.8839087837934494
11,560400,0.9237705874443054
11,560500,0.942832670211792
11,560600,0.9227847611904144
12,560700,0.5188889944553375
12,560800,0.7438889628648758
12,560900,0.8071144044399261
12,561000,0.8139288568496704
12,561100,0.8410923129320145
12,561200,0.8836965852975845
12,561300,0.8716149079799652
12,561400,0.7900165474414825
12,561500,0.8421885126829147
12,561600,0.8667533802986145
12,561700,0.7680751192569732
12,561800,0.820468676686287
12,561900,0.8659340637922287
12,562000,0.8503594207763672
12,562100,0.9354158490896225
12,562200,0.8442702281475067
12,562300,0.7313864874839783
12,562400,0.8894806668162346
12,562500,1.065288931131363
12,562600,0.985623442530632
12,562700,0.8773976689577103
12,562800,0.8487815409898758
12,562900,0.9085488718748093
12,563000,0.8794916009902954
12,563100,0.9645165550708771
12,563200,0.8159980890154839
12,563300,0.8519113820791244
12,563400,0.9282972234487533
12,563500,1.0660036492347718
12,563600,0.9799517983198166
12,563700,0.8595594224333764
12,563800,0.8800782883167266
12,563900,0.8762064570188522
12,564000,0.871575983762741
12,564100,0.9161969816684723
12,564200,0.8791577035188675
12,564300,0.8528208190202713
12,564400,0.8757755118608475
12,564500,0.8102422332763672
12,564600,0.8446210741996765
12,564700,0.8338894474506379
12,564800,0.9102763396501541
12,564900,0.9108227866888047
12,565000,0.7516556352376937
12,565100,0.8439545941352844
12,565200,0.9167038476467133
12,565300,1.2196061885356904
12,565400,0.8436239850521088
12,565500,0.9306677109003068
12,565600,0.8961526244878769
12,565700,0.8684052163362503
12,565800,0.8601097452640534
12,565900,0.872233921289444
12,566000,0.7786319935321808
12,566100,0.9681966745853424
12,566200,1.0918464738130569
12,566300,1.1433817964792252
12,566400,1.3145792150497437
12,566500,0.9552106463909149
12,566600,0.90361732006073
12,566700,0.9487211072444915
12,566800,0.995159050822258
12,566900,0.9297333407402039
12,567000,0.9035035073757172
12,567100,0.9526813226938248
12,567200,0.8443605422973632
12,567300,0.9120821881294251
12,567400,0.9814153224229812
12,567500,1.0012324333190918
12,567600,0.9621324872970581
12,567700,0.8913199627399444
12,567800,0.9087817606329918
12,567900,0.9406915992498398
12,568000,0.8959772002696991
12,568100,0.9547648149728775
12,568200,0.9742222321033478
12,568300,0.9089788347482681
12,568400,0.99523845911026
12,568500,0.8924221414327621
12,568600,0.8982742917537689
12,568700,0.8876430714130401
12,568800,1.0144835495948792
12,568900,0.9815133112668991
12,569000,0.8944967979192734
12,569100,0.9217071521282196
12,569200,0.88648228764534
12,569300,0.9095164144039154
12,569400,0.9468646478652955
12,569500,0.9167209416627884
12,569600,0.9045861113071442
12,569700,0.9471743440628052
12,569800,0.8822877466678619
12,569900,0.882035287618637
12,570000,0.8767915773391723
12,570100,0.9375690996646882
12,570200,0.9281579780578614
12,570300,0.837992309331894
12,570400,0.8740970128774643
12,570500,0.9013782745599747
12,570600,0.8784446918964386
12,570700,0.9125737792253494
12,570800,0.8922062742710114
12,570900,0.9301409316062927
12,571000,0.9000622045993805
12,571100,0.9086067390441894
12,571200,0.9494351989030838
12,571300,0.8631245183944702
12,571400,0.9169425815343857
12,571500,0.9775110787153244
12,571600,0.971128733754158
12,571700,0.9220103704929352
12,571800,0.9578477841615677
12,571900,0.9347832709550857
12,572000,0.953702119588852
12,572100,0.9241630107164382
12,572200,0.9914301735162735
12,572300,1.0108280205726623
12,572400,0.9278509610891342
12,572500,0.9147348678112031
12,572600,0.8813910967111588
12,572700,0.8879636210203171
12,572800,0.9618028926849366
12,572900,0.9859392815828323
12,573000,0.9132942473888397
12,573100,0.9217629164457322
12,573200,0.9150959867238998
12,573300,0.928510518670082
12,573400,0.8876328796148301
12,573500,1.0038547545671463
12,573600,0.9361300432682037
12,573700,0.9343339121341705
12,573800,0.9468823683261871
12,573900,0.8800087785720825
12,574000,0.949836477637291
12,574100,0.9248300433158875
12,574200,0.9365274220705032
12,574300,0.8773876661062241
12,574400,0.9179853564500808
12,574500,0.9301600843667984
12,574600,0.9498445463180542
12,574700,0.8761113107204437
12,574800,0.9744589740037918
12,574900,0.8982529121637345
12,575000,0.8810065072774887
12,575100,0.8835299563407898
12,575200,0.9316709339618683
12,575300,0.9215387290716172
12,575400,0.9799206632375718
12,575500,0.9223448085784912
12,575600,0.9333997029066086
12,575700,0.903502151966095
12,575800,0.9302345561981201
12,575900,0.9853387814760208
12,576000,1.0288932406902314
12,576100,0.993491125702858
12,576200,0.9460956072807312
12,576300,0.9645674645900726
12,576400,0.9273658400774002
12,576500,0.9623703622817993
12,576600,0.9915430945158005
12,576700,0.9737215161323547
12,576800,0.9961050379276276
12,576900,0.8843438619375229
12,577000,0.9415827983617783
12,577100,1.0325781393051148
12,577200,1.0113659763336182
12,577300,0.9460740524530411
12,577400,0.9608674651384354
12,577500,0.9230103486776352
12,577600,0.9559029120206833
12,577700,1.0022520172595977
12,577800,0.9454087728261947
12,577900,0.9357112503051758
12,578000,0.9531299144029617
12,578100,0.9182736653089524
12,578200,0.9463195890188217
12,578300,0.9060515874624252
12,578400,0.9762655484676361
12,578500,0.9307577353715897
12,578600,0.908170000910759
12,578700,0.9335620474815368
12,578800,0.936782740354538
12,578900,0.8877458995580674
12,579000,0.9618572604656219
12,579100,0.8655812257528305
12,579200,0.9079020261764527
12,579300,0.8967312180995941
12,579400,0.9982376474142075
12,579500,0.9491142469644547
12,579600,0.9566490584611893
12,579700,0.9407655984163285
12,579800,0.9333773201704025
12,579900,0.9389670026302338
12,580000,0.9480986577272416
12,580100,0.8891041350364685
12,580200,0.9888786679506302
12,580300,0.8902593046426773
12,580400,0.948620793223381
12,580500,0.8909246909618378
12,580600,0.9530495041608811
12,580700,0.9676952719688415
12,580800,1.0169808328151704
12,580900,0.9408316457271576
12,581000,0.9354192531108856
12,581100,0.9076873052120209
12,581200,0.9092606174945831
12,581300,1.0265717834234238
12,581400,0.9102911347150803
12,581500,0.9422020602226258
12,581600,0.9517434930801392
12,581700,0.9240786069631577
12,581800,1.0158231556415558
12,581900,1.0065398997068404
12,582000,0.8987991839647294
12,582100,0.9474186635017395
12,582200,0.9083041799068451
12,582300,0.8546829348802567
12,582400,0.9963631880283356
12,582500,0.9420823174715042
12,582600,0.9261635512113571
12,582700,0.9412326711416245
12,582800,0.8752362680435181
12,582900,0.8703928917646409
12,583000,0.9283939915895462
12,583100,0.8243937122821808
12,583200,0.8637316513061524
12,583300,0.9023802602291107
12,583400,0.926761023402214
12,583500,0.8636452174186706
12,583600,0.9628126192092895
12,583700,0.949622419476509
12,583800,0.9474136483669281
12,583900,0.8923289728164673
12,584000,0.907962007522583
12,584100,0.8876711696386337
12,584200,0.9438190001249314
12,584300,0.9697759485244751
12,584400,0.9063440048694611
12,584500,0.971041351556778
12,584600,0.9219399505853653
12,584700,0.8988450002670288
12,584800,0.9680746448040009
12,584900,1.0005851328372954
12,585000,0.891165012717247
12,585100,0.9188080942630767
12,585200,0.87345871925354
12,585300,0.9196545845270157
12,585400,0.9988571816682815
12,585500,0.9931100583076478
12,585600,0.9543712401390075
12,585700,0.9762544149160385
12,585800,0.9530714160203934
12,585900,0.9251299393177033
12,586000,0.9378479957580567
12,586100,0.9731467390060424
12,586200,0.9256928199529648
12,586300,0.9318067592382431
12,586400,0.9130453842878342
12,586500,0.9399425619840622
12,586600,0.951574234366417
12,586700,0.9007711327075958
12,586800,0.9131090438365936
12,586900,0.923269168138504
12,587000,0.9181801724433899
12,587100,0.9126038300991058
12,587200,0.8698851734399795
12,587300,0.9675411474704743
12,587400,0.8669905310869217
12,587500,0.9171688568592071
12,587600,0.9257581102848053
12,587700,0.8685701632499695
12,587800,0.8881809455156326
12,587900,0.9732922703027725
12,588000,0.9058157801628113
12,588100,0.9424772149324417
12,588200,0.9265776753425599
12,588300,0.9262396228313446
12,588400,0.8843696063756943
12,588500,0.9962733626365662
12,588600,0.9616798961162567
12,588700,0.9921051812171936
12,588800,0.9149137419462204
12,588900,0.9163038998842239
12,589000,0.9203386050462723
12,589100,0.956116003394127
12,589200,0.9757031321525573
12,589300,0.9113825458288193
12,589400,0.9601579773426056
12,589500,0.9267985486984253
12,589600,0.9310961550474167
12,589700,0.9475477981567383
12,589800,1.0186186236143113
12,589900,0.9418748652935028
12,590000,0.9098434740304947
12,590100,0.9128238087892533
12,590200,0.9597525900602341
12,590300,0.9086681824922561
12,590400,1.001691938638687
12,590500,0.9864641171693802
12,590600,0.9463300335407258
12,590700,0.8820616728067399
12,590800,0.9116305738687516
12,590900,0.866119190454483
12,591000,0.9542156702280045
12,591100,0.9090052038431168
12,591200,0.9152904313802719
12,591300,0.925923599600792
12,591400,0.8803777825832367
12,591500,0.8707028561830521
12,591600,0.9010910046100616
12,591700,0.9191936469078064
12,591800,0.8858983075618744
12,591900,0.8987763178348541
12,592000,0.9335399597883225
12,592100,0.9259494930505753
12,592200,0.8864313578605652
12,592300,1.0377406871318817
12,592400,0.9574020129442214
12,592500,0.9203410136699677
12,592600,0.9218429237604141
12,592700,0.9459198987483979
12,592800,0.9088920360803604
12,592900,1.0338199949264526
12,593000,0.9589425957202912
12,593100,0.9383904033899307
12,593200,0.9634657448530197
12,593300,0.9730471676588058
12,593400,0.9397119706869126
12,593500,1.0005668038129807
12,593600,0.9852565056085587
12,593700,0.9206301450729371
12,593800,0.9084735250473023
12,593900,0.9895393115282058
12,594000,1.0357537513971329
12,594100,0.9416612130403519
12,594200,0.939208778142929
12,594300,0.9756819868087768
12,594400,0.9269651228189468
12,594500,0.9100549668073654
12,594600,0.9335918617248535
12,594700,0.9557068753242492
12,594800,0.9617322826385498
12,594900,0.9035009896755218
12,595000,0.923725266456604
12,595100,0.9627560478448868
12,595200,0.9505153036117554
12,595300,0.9162190628051757
12,595400,0.9510804402828217
12,595500,0.9364700192213058
12,595600,0.9006646519899368
12,595700,0.9369001549482345
12,595800,0.9535968822240829
12,595900,0.8766117340326309
12,596000,0.8995420825481415
12,596100,0.8944996064901352
12,596200,0.8961682319641113
12,596300,1.009803762435913
12,596400,0.905272650718689
12,596500,0.9242019087076188
12,596600,0.8885901176929474
12,596700,0.9253593748807907
12,596800,0.9954975575208664
12,596900,1.0023550826311112
12,597000,0.9503864365816116
12,597100,0.9296123027801514
12,597200,0.8861781150102616
12,597300,0.9944402414560318
12,597400,1.0097420340776444
12,597500,0.9915110749006272
12,597600,0.9766183394193649
12,597700,0.9120109593868255
12,597800,0.913469158411026
12,597900,0.9633358651399613
12,598000,0.9305492025613785
12,598100,0.9428547638654708
12,598200,0.9564216130971909
12,598300,0.8931887900829315
12,598400,0.9660749852657318
12,598500,0.9532206153869629
12,598600,1.0135529881715775
12,598700,0.9815226328372956
12,598800,0.9647613185644149
12,598900,0.8931843549013138
12,599000,0.9916332894563675
12,599100,0.9239545392990113
12,599200,0.964587082862854
12,599300,0.9187526613473892
12,599400,0.8709894448518753
12,599500,0.9128211224079132
12,599600,0.8930988878011703
12,599700,0.889320307970047
12,599800,0.878982099890709
12,599900,0.9297878229618073
12,600000,0.9200414651632309
12,600100,0.9070626789331436
12,600200,0.9315403056144714
12,600300,0.8917498260736465
12,600400,0.8768275278806686
12,600500,0.9213174194097519
12,600600,0.903495699763298
12,600700,0.9759582495689392
12,600800,0.9963892352581024
12,600900,0.9823303407430649
12,601000,0.9585847699642182
12,601100,0.9560750299692153
12,601200,0.9415486752986908
12,601300,1.0158775281906127
12,601400,0.9829246985912323
12,601500,0.9289853221178055
12,601600,0.9553098106384277
12,601700,0.9795885252952575
12,601800,0.9798091274499893
12,601900,0.9653188037872314
12,602000,0.9472611749172211
12,602100,0.9042816752195358
12,602200,0.9854616177082062
12,602300,0.9906813281774521
12,602400,0.9289478206634522
12,602500,0.8946379357576371
12,602600,0.9565632265806198
12,602700,0.9369566237926483
12,602800,0.9700125133991242
12,602900,0.9522193431854248
12,603000,0.9445502591133118
12,603100,0.930893920660019
12,603200,0.8863769054412842
12,603300,0.905675185918808
12,603400,0.8488355988264084
12,603500,0.9163310885429382
12,603600,0.9184345018863678
12,603700,0.8884364157915116
12,603800,0.9387630462646485
12,603900,0.9025749331712722
12,604000,0.894344430565834
12,604100,0.9158080971240997
12,604200,0.914503300189972
12,604300,0.9010447579622268
12,604400,1.0001272439956665
12,604500,0.9423682129383087
12,604600,0.9488416320085525
12,604700,0.9063036334514618
12,604800,0.9306298494338989
12,604900,1.0036874920129777
12,605000,0.96161572098732
12,605100,0.9330162715911865
12,605200,0.9416007214784622
12,605300,0.9373626065254211
12,605400,0.9598542314767837
12,605500,1.0860810494422912
12,605600,0.9309296429157257
12,605700,0.9437384021282196
12,605800,0.9411160731315613
12,605900,0.9029457730054855
12,606000,0.9658792865276337
12,606100,0.9586056125164032
12,606200,0.9201926481723786
12,606300,0.9186534255743026
12,606400,0.9496225160360336
12,606500,0.982623433470726
12,606600,1.0561984145641328
12,606700,0.9376763498783112
12,606800,0.9078476738929748
12,606900,0.9341363084316253
12,607000,0.8406113082170487
12,607100,0.9124595344066619
12,607200,0.9150644201040268
12,607300,0.8767859202623367
12,607400,0.872471998333931
12,607500,0.8995213890075684
12,607600,0.912255991101265
12,607700,0.9878246790170669
12,607800,0.863603909611702
12,607900,0.9237941110134125
12,608000,0.9502832901477813
12,608100,0.88954341173172
12,608200,0.9418233567476273
12,608300,0.9472171837091445
12,608400,0.9413531261682511
12,608500,0.9295609652996063
12,608600,0.9434951597452164
12,608700,0.9109896981716156
12,608800,1.011062439084053
12,608900,0.9311719918251038
12,609000,0.9097519189119339
12,609100,0.9022689008712769
12,609200,0.9016882139444351
12,609300,0.9401329588890076
12,609400,1.0672541189193725
12,609500,0.9472416001558304
12,609600,0.9210346567630768
12,609700,0.9504834687709809
12,609800,0.9151733863353729
12,609900,0.9237881451845169
12,610000,0.960348773598671
12,610100,0.9258041661977768
12,610200,0.901771947145462
12,610300,0.893185898065567
12,610400,0.9565397971868514
12,610500,0.9834158241748809
12,610600,0.9191103166341782
12,610700,0.897360367178917
12,610800,0.8980598551034927
12,610900,0.9465954291820526
12,611000,0.8705395257472992
12,611100,0.9189238184690476
12,611200,0.8827501833438873
12,611300,0.9018316727876663
12,611400,0.9307729858160019
12,611500,0.9327034521102905
12,611600,0.9343309521675109
13,611700,0.7477179592847825
13,611800,0.7796469384431839
13,611900,0.8010801810026169
13,612000,0.8104775065183639
13,612100,0.8693708974123001
13,612200,0.8922869920730591
13,612300,0.8578673017024994
13,612400,0.7866148316860199
13,612500,0.8706260675191879
13,612600,0.8291009426116943
13,612700,0.7750762766599655
13,612800,0.8235304689407349
13,612900,0.8820748764276505
13,613000,0.8764921343326568
13,613100,0.9252371048927307
13,613200,0.7711473414301873
13,613300,0.786562659740448
13,613400,1.0047050142288207
13,613500,1.0419784599542619
13,613600,0.9205237460136414
13,613700,0.8422856599092483
13,613800,0.8919007635116577
13,613900,0.8829226726293564
13,614000,0.9269358164072037
13,614100,0.9267100757360458
13,614200,0.7958520966768264
13,614300,0.8615764260292054
13,614400,0.9871497362852096
13,614500,1.082423548102379
13,614600,0.9201223778724671
13,614700,0.8465122973918915
13,614800,0.8962459117174149
13,614900,0.8742311453819275
13,615000,0.8927321797609329
13,615100,0.9261904227733612
13,615200,0.8352387046813965
13,615300,0.8873797512054443
13,615400,0.8579928803443909
13,615500,0.8114310151338577
13,615600,0.8426557320356369
13,615700,0.870480677485466
13,615800,0.9048503237962723
13,615900,0.8644280880689621
13,616000,0.7732797175645828
13,616100,0.881646579504013
13,616200,0.9764304596185684
13,616300,1.1276941996812822
13,616400,0.871747470498085
13,616500,0.940836598277092
13,616600,0.8680961722135544
13,616700,0.8612016636133194
13,616800,0.8985430228710175
13,616900,0.8052503770589828
13,617000,0.8426346158981324
13,617100,1.0093086767196655
13,617200,1.1479552739858627
13,617300,1.3166174930334091
13,617400,1.0678843224048615
13,617500,0.9170485299825668
13,617600,0.9258889025449752
13,617700,0.9699647134542465
13,617800,0.9704599118232727
13,617900,0.9189157354831695
13,618000,0.9233694624900818
13,618100,0.9374468076229096
13,618200,0.871405133008957
13,618300,0.9203870183229447
13,618400,0.993107042312622
13,618500,1.0042392480373383
13,618600,0.9403095316886901
13,618700,0.9218698465824127
13,618800,0.8992271912097931
13,618900,0.9184646338224411
13,619000,0.9269891381263733
13,619100,0.9647274839878083
13,619200,0.9506915062665939
13,619300,0.934362381696701
13,619400,0.9694698709249496
13,619500,0.9150748759508133
13,619600,0.8670464438199997
13,619700,0.9475798636674881
13,619800,1.0137593454122544
13,619900,0.9567096292972564
13,620000,0.9229482537508011
13,620100,0.9102554470300674
13,620200,0.8844035917520523
13,620300,0.893133437037468
13,620400,0.9843208742141724
13,620500,0.8965522867441177
13,620600,0.9316237735748291
13,620700,0.9160403728485107
13,620800,0.8855101376771927
13,620900,0.8942177188396454
13,621000,0.8856212347745895
13,621100,0.948364935517311
13,621200,0.887078873515129
13,621300,0.8463368958234787
13,621400,0.9002312791347503
13,621500,0.8853269463777542
13,621600,0.9089189845323563
13,621700,0.9210819733142853
13,621800,0.8873349827528
13,621900,0.9304469180107117
13,622000,0.9040598195791244
13,622100,0.9276670026779175
13,622200,0.9229873538017273
13,622300,0.8650494116544724
13,622400,0.9730187582969666
13,622500,0.9613224184513092
13,622600,0.9588070642948151
13,622700,0.9265896707773209
13,622800,0.9758660537004471
13,622900,0.9211989027261734
13,623000,0.9642508751153946
13,623100,0.9425552713871003
13,623200,1.014549286365509
13,623300,0.9671654826402665
13,623400,0.9484154611825943
13,623500,0.8922540414333343
13,623600,0.8929754412174224
13,623700,0.8977017456293106
13,623800,0.9738454407453537
13,623900,0.9785273206233979
13,624000,0.9078618687391281
13,624100,0.9567811918258667
13,624200,0.9114102256298066
13,624300,0.8984690517187118
13,624400,0.9025998824834823
13,624500,1.0303313487768173
13,624600,0.9164858061075211
13,624700,0.960578380227089
13,624800,0.9140389692783356
13,624900,0.9092242813110352
13,625000,0.9562800472974777
13,625100,0.9128653544187546
13,625200,0.9259159636497497
13,625300,0.9213461083173752
13,625400,0.9004313403367996
13,625500,0.9373728340864181
13,625600,0.9271895080804825
13,625700,0.9185238450765609
13,625800,0.9532029175758362
13,625900,0.8897354274988174
13,626000,0.8870860105752945
13,626100,0.898769616484642
13,626200,0.9270420813560486
13,626300,0.9579815322160721
13,626400,0.979483951330185
13,626500,0.9008669155836105
13,626600,0.9383934199810028
13,626700,0.8956292200088501
13,626800,0.9666297894716263
13,626900,1.0115936893224715
13,627000,1.02816002368927
13,627100,0.9561216980218887
13,627200,1.0036733114719392
13,627300,0.9073061144351959
13,627400,0.9454647123813629
13,627500,0.9576926833391189
13,627600,1.0369139552116393
13,627700,0.962204612493515
13,627800,0.9724273407459259
13,627900,0.9013937741518021
13,628000,0.9642167401313781
13,628100,1.0422654467821122
13,628200,1.0038605260848998
13,628300,0.9202283495664596
13,628400,0.9719485771656037
13,628500,0.9199398499727249
13,628600,0.9970230585336686
13,628700,0.981950404047966
13,628800,0.9698540091514587
13,628900,0.9165354824066162
13,629000,0.9495342987775802
13,629100,0.9387990981340408
13,629200,0.9302040094137192
13,629300,0.932019961476326
13,629400,0.9912940245866776
13,629500,0.8892060858011246
13,629600,0.9215378832817077
13,629700,0.9609717220067978
13,629800,0.939188659787178
13,629900,0.8749803447723389
13,630000,0.9865895450115204
13,630100,0.8475877833366394
13,630200,0.9118604755401611
13,630300,0.9455841010808945
13,630400,0.9729721319675445
13,630500,0.9640498572587967
13,630600,0.9519416719675065
13,630700,0.927461079955101
13,630800,0.9673970341682434
13,630900,0.912971208691597
13,631000,0.9393502300977707
13,631100,0.9299432498216629
13,631200,0.9645004659891129
13,631300,0.8943225210905075
13,631400,0.9526418101787567
13,631500,0.9145022785663605
13,631600,0.9509044772386551
13,631700,0.9769879472255707
13,631800,1.0030704361200333
13,631900,0.9458753311634064
13,632000,0.9337733429670334
13,632100,0.8911850738525391
13,632200,0.9669575875997544
13,632300,1.0123247051239013
13,632400,0.8832881617546081
13,632500,1.0022662663459778
13,632600,0.9193248265981674
13,632700,0.9464053112268448
13,632800,1.0293677067756652
13,632900,0.9935844534635544
13,633000,0.8931776529550552
13,633100,0.9448355978727341
13,633200,0.8819712793827057
13,633300,0.9238121235370635
13,633400,0.9770356106758118
13,633500,0.9407729506492615
13,633600,0.9391095858812332
13,633700,0.9252665424346924
13,633800,0.8674173897504807
13,633900,0.9047215676307678
13,634000,0.9020671910047531
13,634100,0.8410865038633346
13,634200,0.8558595037460327
13,634300,0.9287190079689026
13,634400,0.9148444521427155
13,634500,0.8902847874164581
13,634600,0.9729576462507248
13,634700,0.943545435667038
13,634800,0.9326848101615905
13,634900,0.8997488456964493
13,635000,0.9118603795766831
13,635100,0.8883644354343414
13,635200,0.9666873824596405
13,635300,0.9674096930027009
13,635400,0.8983063280582428
13,635500,0.9916728866100312
13,635600,0.9246609514951706
13,635700,0.8903726381063461
13,635800,1.0067470848560334
13,635900,0.987287141084671
13,636000,0.887933120727539
13,636100,0.9090093576908111
13,636200,0.8815931272506714
13,636300,0.9279227435588837
13,636400,1.033595904111862
13,636500,0.9718125975131988
13,636600,0.9715646535158158
13,636700,0.9805543208122254
13,636800,0.9355600434541702
13,636900,0.9236585068702697
13,637000,0.976373633146286
13,637100,0.9480900001525879
13,637200,0.9290694832801819
13,637300,0.9333849364519119
13,637400,0.9401274859905243
13,637500,0.9514658045768738
13,637600,0.9369026708602906
13,637700,0.8800105220079422
13,637800,0.947654470205307
13,637900,0.9061756753921508
13,638000,0.9386099082231522
13,638100,0.8716869187355042
13,638200,0.9190526860952377
13,638300,0.961146896481514
13,638400,0.8995871430635453
13,638500,0.8974367308616639
13,638600,0.9066796177625656
13,638700,0.8607979667186737
13,638800,0.9407300084829331
13,638900,0.9618851065635681
13,639000,0.9099015986919403
13,639100,0.9476482099294663
13,639200,0.9186139261722565
13,639300,0.9286871135234833
13,639400,0.9141690188646316
13,639500,1.0023896712064744
13,639600,0.9654441881179809
13,639700,0.9642796218395233
13,639800,0.9356782531738281
13,639900,0.9153743273019791
13,640000,0.9166284197568894
13,640100,0.9970463997125626
13,640200,0.9389106923341751
13,640300,0.9680355244874954
13,640400,0.9309855949878693
13,640500,0.9284500443935394
13,640600,0.9178640246391296
13,640700,1.006957740187645
13,640800,0.9949687683582306
13,640900,0.9350255107879639
13,641000,0.9006133168935776
13,641100,0.9154058480262757
13,641200,0.9705577343702316
13,641300,0.9541411584615708
13,641400,1.0035316693782805
13,641500,0.9461308991909028
13,641600,0.9362141674757004
13,641700,0.8957793867588043
13,641800,0.9274632376432419
13,641900,0.8543175715208053
13,642000,0.9852540153264999
13,642100,0.9095931887626648
13,642200,0.9278808295726776
13,642300,0.8967129099369049
13,642400,0.8897734081745148
13,642500,0.8649657547473908
13,642600,0.90896635055542
13,642700,0.9091879445314407
13,642800,0.9387450200319291
13,642900,0.8775828695297241
13,643000,0.9644774299860001
13,643100,0.9036063665151596
13,643200,0.9235252732038498
13,643300,1.055987188220024
13,643400,0.9336072111129761
13,643500,0.9062834936380386
13,643600,0.9436602193117142
13,643700,0.9224472093582153
13,643800,0.954887118935585
13,643900,1.0308440417051314
13,644000,0.965506243109703
13,644100,0.9285163527727127
13,644200,1.0028430378437043
13,644300,0.9342113167047501
13,644400,0.9741994935274124
13,644500,0.998217318058014
13,644600,0.9824217003583908
13,644700,0.9106660544872284
13,644800,0.9228640502691269
13,644900,0.9925583773851394
13,645000,1.0321848893165588
13,645100,0.9510191744565963
13,645200,0.9508311206102371
13,645300,0.957215416431427
13,645400,0.9327069914340973
13,645500,0.9389016282558441
13,645600,0.9365656781196594
13,645700,0.9587511396408082
13,645800,0.945752272605896
13,645900,0.9052648562192916
13,646000,0.944404793381691
13,646100,0.9479039126634597
13,646200,0.9551734828948975
13,646300,0.9242445647716522
13,646400,0.9376395982503891
13,646500,0.9432590997219086
13,646600,0.9167075580358506
13,646700,0.9654313153028489
13,646800,0.9217444252967835
13,646900,0.8808551818132401
13,647000,0.9030262619256973
13,647100,0.8803928858041763
13,647200,0.9963175070285797
13,647300,0.9508292329311371
13,647400,0.8970659273862839
13,647500,0.9234356349706649
13,647600,0.8842690420150757
13,647700,0.9812253910303116
13,647800,0.9813020837306976
13,647900,1.044512815475464
13,648000,0.9228225916624069
13,648100,0.9151762574911118
13,648200,0.9223049521446228
13,648300,1.01057184278965
13,648400,1.00499720454216
13,648500,0.9653794538974761
13,648600,0.9899525314569473
13,648700,0.8982070744037628
13,648800,0.932903357744217
13,648900,0.9717631566524506
13,649000,0.9416693240404129
13,649100,0.927168823480606
13,649200,0.954191318154335
13,649300,0.9414033663272857
13,649400,0.9416512608528137
13,649500,1.0012713557481765
13,649600,1.0256361657381057
13,649700,0.9462855559587479
13,649800,0.9275190788507461
13,649900,0.9531414884328843
13,650000,0.9716072344779968
13,650100,0.9330127495527267
13,650200,0.964937551021576
13,650300,0.919571692943573
13,650400,0.8689877092838287
13,650500,0.9148045235872269
13,650600,0.9048117607831955
13,650700,0.8880108457803726
13,650800,0.8866410601139069
13,650900,0.9315466439723968
13,651000,0.9369236886501312
13,651100,0.9091977334022522
13,651200,0.9149509447813035
13,651300,0.9112907040119171
13,651400,0.8712854105234146
13,651500,0.9220453280210495
13,651600,0.9279250538349152
13,651700,1.0110408520698548
13,651800,0.9819582086801529
13,651900,1.0008072996139525
13,652000,0.9342206639051437
13,652100,0.945452606678009
13,652200,1.0118834418058396
13,652300,0.9902336329221726
13,652400,0.9799552494287491
13,652500,0.9307688438892364
13,652600,0.9813745963573456
13,652700,0.9630595380067826
13,652800,0.9760028642416
13,652900,0.9792419689893722
13,653000,0.9245957583189011
13,653100,0.9412762546539306
13,653200,1.000527225136757
13,653300,0.985335317850113
13,653400,0.9227535575628281
13,653500,0.9155355829000473
13,653600,0.9468891626596451
13,653700,0.929826922416687
13,653800,0.9910191702842712
13,653900,0.9424628281593322
13,654000,0.9584989714622497
13,654100,0.9118807458877564
13,654200,0.917318554520607
13,654300,0.9059592074155808
13,654400,0.8483582490682602
13,654500,0.9174654966592789
13,654600,0.9177951139211654
13,654700,0.8898199462890625
13,654800,0.967542113661766
13,654900,0.9017370098829269
13,655000,0.8878357720375061
13,655100,0.9260729539394379
13,655200,0.9179593694210052
13,655300,0.9581384074687957
13,655400,0.9581103765964508
13,655500,0.9794263970851899
13,655600,0.9058830970525742
13,655700,0.9225064462423325
13,655800,0.9573173278570175
13,655900,1.0143594539165497
13,656000,0.9565723264217376
13,656100,0.9244587904214859
13,656200,0.9560655909776687
13,656300,0.9494305258989334
13,656400,1.0087103527784347
13,656500,1.025973591208458
13,656600,0.9597432547807694
13,656700,0.9419278198480606
13,656800,0.9149233096837998
13,656900,0.9284048295021057
13,657000,0.9774690127372742
13,657100,0.9486988389492035
13,657200,0.9070880854129791
13,657300,0.9548462319374085
13,657400,0.9471358948945999
13,657500,1.0104784244298934
13,657600,1.0279646170139314
13,657700,0.9283432495594025
13,657800,0.9233517301082611
13,657900,0.916669499874115
13,658000,0.8754744148254394
13,658100,0.9342834824323654
13,658200,0.8961746269464492
13,658300,0.8744392383098603
13,658400,0.8743180507421493
13,658500,0.9151408302783967
13,658600,0.9411116951704025
13,658700,0.9438613289594651
13,658800,0.8845303225517273
13,658900,0.9383511334657669
13,659000,0.9553957831859589
13,659100,0.9069775512814522
13,659200,0.957623018026352
13,659300,0.9429227524995804
13,659400,0.9272693663835525
13,659500,0.9365537983179092
13,659600,0.9363432681560516
13,659700,0.9503463739156723
13,659800,1.0059352457523345
13,659900,0.9326799130439758
13,660000,0.904336748123169
13,660100,0.891631212234497
13,660200,0.9272001403570175
13,660300,0.9964365917444229
13,660400,1.0057756638526916
13,660500,0.9653566414117813
13,660600,0.9189410853385925
13,660700,0.9616822612285614
13,660800,0.9219667959213257
13,660900,0.9406470477581024
13,661000,0.9353918772935867
13,661100,0.928722842335701
13,661200,0.9098524069786071
13,661300,0.908589009642601
13,661400,0.9651307535171508
13,661500,0.987060883641243
13,661600,0.9091446137428284
13,661700,0.8991570448875428
13,661800,0.9618504595756531
13,661900,0.8916240757703782
13,662000,0.8950333148241043
13,662100,0.9056687825918197
13,662200,0.8972545492649079
13,662300,0.8898598653078079
13,662400,0.944557113647461
13,662500,0.9428076285123825
14,662600,0.2603101670742035
14,662700,0.7508507162332535
14,662800,0.778266886472702
14,662900,0.8156504875421524
14,663000,0.8375048077106476
14,663100,0.8746128040552139
14,663200,0.887608368396759
14,663300,0.840457626581192
14,663400,0.8044729578495026
14,663500,0.8920204108953476
14,663600,0.7901550775766373
14,663700,0.8059433358907699
14,663800,0.8459175771474838
14,663900,0.8672470629215241
14,664000,0.9183396607637405
14,664100,0.9176173770427704
14,664200,0.709691413640976
14,664300,0.8056562316417694
14,664400,1.0874186193943023
14,664500,1.0419217145442963
14,664600,0.879895144701004
14,664700,0.8570829194784164
14,664800,0.9229307013750077
14,664900,0.8515897387266159
14,665000,0.9662964272499085
14,665100,0.9056728571653366
14,665200,0.8013920766115189
14,665300,0.9012824237346649
14,665400,1.024438928961754
14,665500,1.045580351948738
14,665600,0.8746569097042084
14,665700,0.8655422809720039
14,665800,0.9130539065599441
14,665900,0.8707806950807572
14,666000,0.9143245202302933
14,666100,0.9214661830663681
14,666200,0.8121428775787354
14,666300,0.9145062226057052
14,666400,0.8459442400932312
14,666500,0.8219136416912078
14,666600,0.8242312777042389
14,666700,0.9041999405622483
14,666800,0.9515801864862442
14,666900,0.7827916157245636
14,667000,0.8009262979030609
14,667100,0.9011155432462692
14,667200,1.0847332006692887
14,667300,1.0231738758087159
14,667400,0.8962402385473252
14,667500,0.9394785863161087
14,667600,0.8762888646125794
14,667700,0.8571377503871918
14,667800,0.899983493089676
14,667900,0.7650460785627365
14,668000,0.8852545565366745
14,668100,1.0692652297019958
14,668200,1.1388008242845535
14,668300,1.3869568866491317
14,668400,0.9626240462064743
14,668500,0.9068112999200821
14,668600,0.9636808902025222
14,668700,0.9808151656389237
14,668800,0.9550620794296265
14,668900,0.93083536028862
14,669000,0.9616709923744202
14,669100,0.8704428297281265
14,669200,0.9027905261516571
14,669300,0.9512411850690842
14,669400,1.0057386898994445
14,669500,1.014426446557045
14,669600,0.8957981163263321
14,669700,0.9476743960380554
14,669800,0.9245463889837265
14,669900,0.8888207525014877
14,670000,0.9489625459909439
14,670100,0.980343331694603
14,670200,0.9227921551465988
14,670300,0.9901972800493241
14,670400,0.9366772246360778
14,670500,0.9161351782083511
14,670600,0.8681121999025345
14,670700,0.9896569591760636
14,670800,1.0300193572044372
14,670900,0.9124551153182984
14,671000,0.9207292151451111
14,671100,0.9106519734859466
14,671200,0.9031244015693665
14,671300,0.9323567497730255
14,671400,0.9591720974445344
14,671500,0.9109740787744522
14,671600,0.9557695722579956
14,671700,0.8822214978933335
14,671800,0.8972025102376938
14,671900,0.8849098074436188
14,672000,0.9183742952346802
14,672100,0.9521617448329925
14,672200,0.8571984541416168
14,672300,0.8627809137105942
14,672400,0.8971536302566528
14,672500,0.9101786661148071
14,672600,0.914648506641388
14,672700,0.9099434399604798
14,672800,0.916859799027443
14,672900,0.9367256307601929
14,673000,0.8927432155609131
14,673100,0.9552609074115753
14,673200,0.9115855848789215
14,673300,0.8854100918769836
14,673400,0.9766346496343613
14,673500,0.9769101768732071
14,673600,0.9520926451683045
14,673700,0.9408700329065323
14,673800,0.9892715251445771
14,673900,0.9250745910406113
14,674000,0.9466889184713364
14,674100,0.9760580432415008
14,674200,1.0474824166297914
14,674300,0.9279799872636795
14,674400,0.9417393285036088
14,674500,0.9006375783681869
14,674600,0.8751767235994339
14,674700,0.9427906221151352
14,674800,0.9847194772958755
14,674900,0.9765507686138153
14,675000,0.9122596907615662
14,675100,0.9480031627416611
14,675200,0.9073779141902923
14,675300,0.8972174251079559
14,675400,0.9643542206287384
14,675500,1.0013811779022217
14,675600,0.9166749823093414
14,675700,0.9786222606897355
14,675800,0.899996525645256
14,675900,0.9225958621501923
14,676000,0.9470026415586471
14,676100,0.9442548072338104
14,676200,0.8975929719209671
14,676300,0.9380093097686768
14,676400,0.901618520617485
14,676500,0.9638625526428223
14,676600,0.9102370327711106
14,676700,0.9529639780521393
14,676800,0.9321485090255738
14,676900,0.8791105842590332
14,677000,0.9076487350463868
14,677100,0.9367045378684997
14,677200,0.9175646263360977
14,677300,0.9836322104930878
14,677400,0.9474729758501053
14,677500,0.924921572804451
14,677600,0.9361254018545151
14,677700,0.9146308547258377
14,677800,0.9822259241342545
14,677900,1.0199407869577408
14,678000,1.024719815850258
14,678100,0.9431912630796433
14,678200,0.9932069396972656
14,678300,0.9327664583921432
14,678400,0.946584033370018
14,678500,0.999336662888527
14,678600,1.0202152115106582
14,678700,0.9831764364242553
14,678800,0.9215237504243851
14,678900,0.9380208069086075
14,679000,0.9558273035287858
14,679100,1.0880902421474457
14,679200,0.9727803939580917
14,679300,0.9585785239934921
14,679400,0.9438217133283615
14,679500,0.9574846053123474
14,679600,0.9877129763364791
14,679700,0.9934838634729385
14,679800,0.9717823129892349
14,679900,0.9287442219257355
14,680000,0.9417570179700852
14,680100,0.9391059082746506
14,680200,0.9337086939811706
14,680300,0.9699330449104309
14,680400,0.9538034576177598
14,680500,0.9226786911487579
14,680600,0.9243612289428711
14,680700,0.9408617949485779
14,680800,0.9469279062747955
14,680900,0.9229731440544129
14,681000,0.9367678743600846
14,681100,0.8820579886436463
14,681200,0.9164111518859863
14,681300,0.9861999279260636
14,681400,0.9489024513959885
14,681500,0.9633232229948043
14,681600,0.9789283621311188
14,681700,0.9256722313165665
14,681800,0.9604089921712875
14,681900,0.9358998715877533
14,682000,0.9215591323375701
14,682100,0.9660299563407898
14,682200,0.9232261317968369
14,682300,0.9413982987403869
14,682400,0.9228164225816726
14,682500,0.9408227264881134
14,682600,0.9607700914144516
14,682700,1.0320206946134567
14,682800,0.9714503455162048
14,682900,0.9388179284334183
14,683000,0.9237409782409668
14,683100,0.9130830335617065
14,683200,1.012975058555603
14,683300,0.9550851899385452
14,683400,0.9029097020626068
14,683500,0.9938834136724473
14,683600,0.9551696997880935
14,683700,0.966814586520195
14,683800,1.0220113277435303
14,683900,0.9560617393255234
14,684000,0.9590134739875793
14,684100,0.917160392999649
14,684200,0.8702692466974259
14,684300,0.9779030221700669
14,684400,0.9587939345836639
14,684500,0.9232388651371002
14,684600,0.9662018156051636
14,684700,0.9163999742269516
14,684800,0.8717079186439514
14,684900,0.9166170489788056
14,685000,0.8859340876340867
14,685100,0.8573302060365677
14,685200,0.873154929280281
14,685300,0.936821181178093
14,685400,0.8917462033033371
14,685500,0.9529479289054871
14,685600,0.9746294164657593
14,685700,0.9249031150341034
14,685800,0.925493478178978
14,685900,0.9155617552995682
14,686000,0.9124718421697616
14,686100,0.9093247723579406
14,686200,0.985372171998024
14,686300,0.9387564367055893
14,686400,0.9395173823833466
14,686500,0.9833523160219193
14,686600,0.9225003457069397
14,686700,0.9135771077871323
14,686800,1.0189344251155854
14,686900,0.9559706109762192
14,687000,0.9063898640871048
14,687100,0.9084169882535934
14,687200,0.9034657537937164
14,687300,0.9516767281293869
14,687400,1.0219230651855469
14,687500,0.9777869272232056
14,687600,0.9795572483539581
14,687700,0.9847970759868622
14,687800,0.9292752957344055
14,687900,0.9383420842885971
14,688000,0.9896049231290818
14,688100,0.9417971742153167
14,688200,0.9476743918657303
14,688300,0.9150741690397263
14,688400,0.9625936645269394
14,688500,0.9555041670799256
14,688600,0.926483826637268
14,688700,0.914201175570488
14,688800,0.945377544760704
14,688900,0.9218525505065918
14,689000,0.9176786959171295
14,689100,0.8639526903629303
14,689200,0.9733580148220062
14,689300,0.902495225071907
14,689400,0.9253196781873703
14,689500,0.9136428296566009
14,689600,0.9100308102369309
14,689700,0.8659058368206024
14,689800,0.9564584136009217
14,689900,0.9512723678350449
14,690000,0.9422750842571258
14,690100,0.9437815564870834
14,690200,0.9284338033199311
14,690300,0.9024426555633545
14,690400,0.9619431519508361
14,690500,0.999886405467987
14,690600,0.9889762622117996
14,690700,0.9140320962667465
14,690800,0.9540264868736267
14,690900,0.9392327678203582
14,691000,0.9333182394504547
14,691100,1.0037508141994476
14,691200,0.9119579434394837
14,691300,0.9881646758317948
14,691400,0.9412748503684998
14,691500,0.9331624007225037
14,691600,0.9379870957136154
14,691700,1.0609650975465774
14,691800,0.9477325278520584
14,691900,0.9353511548042297
14,692000,0.9177354443073272
14,692100,0.9255398219823837
14,692200,0.9347650539875031
14,692300,0.9965624129772186
14,692400,1.0176741820573807
14,692500,0.9391997981071473
14,692600,0.9195059895515442
14,692700,0.9178527247905731
14,692800,0.9048443752527237
14,692900,0.8893147802352905
14,693000,0.9755370002985001
14,693100,0.9204482513666153
14,693200,0.9450247395038605
14,693300,0.872908234000206
14,693400,0.8935699713230133
14,693500,0.8862593525648117
14,693600,0.9299893033504486
14,693700,0.896241352558136
14,693800,0.9258995467424392
14,693900,0.9274040108919144
14,694000,0.9550690984725952
14,694100,0.8946723586320877
14,694200,1.0077558743953705
14,694300,0.9835705822706222
14,694400,0.9489048260450363
14,694500,0.9334501969814301
14,694600,0.9258988505601883
14,694700,0.9287976229190826
14,694800,0.9870194351673126
14,694900,1.0159833079576492
14,695000,0.9836819684505462
14,695100,0.9287547972798348
14,695200,1.0061306518316269
14,695300,0.9339516890048981
14,695400,0.990652688741684
14,695500,1.0039805072546004
14,695600,0.9543311256170273
14,695700,0.9184468704462051
14,695800,0.9552566188573838
14,695900,1.0116912853717803
14,696000,1.0238831222057343
14,696100,0.9490479493141174
14,696200,0.9709206110239029
14,696300,0.9516993153095246
14,696400,0.9290062373876572
14,696500,0.9527313339710236
14,696600,0.9400591039657593
14,696700,0.9597709667682648
14,696800,0.9609911769628525
14,696900,0.8856179261207581
14,697000,0.993546022772789
14,697100,0.9334259307384491
14,697200,0.9613178545236587
14,697300,0.9436191177368164
14,697400,0.948293918967247
14,697500,0.9301043677330018
14,697600,0.9213617694377899
14,697700,0.9780447781085968
14,697800,0.8925501489639283
14,697900,0.900779560804367
14,698000,0.9146948057413101
14,698100,0.8990780448913575
14,698200,0.9919647485017776
14,698300,0.952138083577156
14,698400,0.9283004170656204
14,698500,0.9055612015724183
14,698600,0.9093568068742752
14,698700,1.0027744162082672
14,698800,0.9639321106672287
14,698900,1.0284004455804825
14,699000,0.9482673776149749
14,699100,0.9041064548492431
14,699200,0.9686749881505966
14,699300,1.0009680467844009
14,699400,1.034179727435112
14,699500,0.9552172446250915
14,699600,0.9657163113355637
14,699700,0.9149629265069962
14,699800,0.9486690396070481
14,699900,0.9602595573663711
14,700000,0.9775153261423111
14,700100,0.9375671023130416
14,700200,0.9100521647930145
14,700300,0.9781075775623321
14,700400,0.937342973947525
14,700500,1.0028674602508545
14,700600,1.0518531107902527
14,700700,0.9536928617954255
14,700800,0.8963400137424469
14,700900,1.0063846898078919
14,701000,0.9518029367923737
14,701100,0.975517709851265
14,701200,0.9280563682317734
14,701300,0.8955273818969727
14,701400,0.9050161403417587
14,701500,0.9129548418521881
14,701600,0.9194598060846328
14,701700,0.861964573264122
14,701800,0.9152210545539856
14,701900,0.9551456743478774
14,702000,0.9413151663541793
14,702100,0.9157559329271316
14,702200,0.9117014294862748
14,702300,0.8940278375148774
14,702400,0.9114864009618759
14,702500,0.9380561137199401
14,702600,0.9430822640657425
14,702700,1.0192024701833724
14,702800,0.9893577462434768
14,702900,0.9852057766914367
14,703000,0.963523199558258
14,703100,0.9450311821699142
14,703200,1.0281618922948836
14,703300,0.990017659664154
14,703400,0.9732609832286835
14,703500,0.9417931014299392
14,703600,0.9753064954280853
14,703700,0.9806063997745514
14,703800,0.9799505013227463
14,703900,0.9919516360759735
14,704000,0.91246990442276
14,704100,0.97089708507061
14,704200,1.0028669691085816
14,704300,0.9673103553056717
14,704400,0.9031487280130386
14,704500,0.9544669091701508
14,704600,0.9409278243780136
14,704700,0.9667348080873489
14,704800,0.9757707071304321
14,704900,0.9418092179298401
14,705000,0.9680835944414139
14,705100,0.8993821370601655
14,705200,0.9291981762647629
14,705300,0.8892530983686447
14,705400,0.8886025488376618
14,705500,0.916044071316719
14,705600,0.9245326405763626
14,705700,0.9060741627216339
14,705800,0.954296680688858
14,705900,0.9010924857854843
14,706000,0.9334895730018615
14,706100,0.9102857208251953
14,706200,0.9132099711894989
14,706300,0.9920695829391479
14,706400,0.9630202424526214
14,706500,0.9734958451986313
14,706600,0.9049869364500046
14,706700,0.9422122776508332
14,706800,0.9725043654441834
14,706900,1.0236644494533538
14,707000,0.9601284462213516
14,707100,0.9311540699005127
14,707200,0.9403542923927307
14,707300,0.964494269490242
14,707400,1.0858451062440873
14,707500,0.9561955863237381
14,707600,0.9631645715236664
14,707700,0.963930459022522
14,707800,0.905692138671875
14,707900,0.9634406965970993
14,708000,0.9953608584403991
14,708100,0.9149436002969742
14,708200,0.9207590395212173
14,708300,0.9732260513305664
14,708400,0.9510703533887863
14,708500,1.060058480501175
14,708600,0.986798152923584
14,708700,0.9245968627929687
14,708800,0.9238131076097489
14,708900,0.8999590319395065
14,709000,0.89458440721035
14,709100,0.949982191324234
14,709200,0.8837615996599197
14,709300,0.8800936990976334
14,709400,0.9121126443147659
14,709500,0.9129560828208924
14,709600,0.9856157273054122
14,709700,0.8893401229381561
14,709800,0.9054607367515564
14,709900,0.9587631130218506
14,710000,0.9394471573829651
14,710100,0.9243393236398697
14,710200,0.9770053738355636
14,710300,0.939128211736679
14,710400,0.9385170781612396
14,710500,0.941037700176239
14,710600,0.9425729125738144
14,710700,0.9856402224302292
14,710800,0.9943565779924393
14,710900,0.9180289709568024
14,711000,0.9069811004400253
14,711100,0.889095162153244
14,711200,0.9485155844688415
14,711300,1.072238312959671
14,711400,0.9410027223825455
14,711500,0.9692180514335632
14,711600,0.9400265479087829
14,711700,0.9552769351005554
14,711800,0.9178539407253266
14,711900,0.9654882252216339
14,712000,0.9191820096969604
14,712100,0.9392268466949463
14,712200,0.9115450483560562
14,712300,0.9392085951566697
14,712400,0.9699419838190079
14,712500,0.9766965490579606
14,712600,0.9173783886432648
14,712700,0.8904491281509399
14,712800,0.9787502771615982
14,712900,0.8742255789041519
14,713000,0.9300752365589142
14,713100,0.8899021083116532
14,713200,0.8937399351596832
14,713300,0.9407187086343766
14,713400,0.9544783180952072
14,713500,0.9364714562892914
15,713600,0.5125034081935883
15,713700,0.7480859798192978
15,713800,0.8138747304677963
15,713900,0.8215970009565353
15,714000,0.8494632369279862
15,714100,0.8954415804147721
15,714200,0.8851058399677276
15,714300,0.8069826233386993
15,714400,0.8554898500442505
15,714500,0.8763178211450576
15,714600,0.7818345737457275
15,714700,0.8384185725450516
15,714800,0.8778253036737442
15,714900,0.8625671911239624
15,715000,0.9445392274856568
15,715100,0.8621807122230529
15,715200,0.7332937705516815
15,715300,0.8912582612037658
15,715400,1.0648941737413407
15,715500,0.9961673140525817
15,715600,0.891061480641365
15,715700,0.8656055921316147
15,715800,0.9216346752643585
15,715900,0.8934991973638534
15,716000,0.9736836916208267
15,716100,0.829830551147461
15,716200,0.8590801483392716
15,716300,0.9279969137907028
15,716400,1.0604218900203706
15,716500,0.9900351858139038
15,716600,0.8790677323937416
15,716700,0.8919370383024215
15,716800,0.895648877620697
15,716900,0.8863409423828125
15,717000,0.9300135010480881
15,717100,0.892864893078804
15,717200,0.871043998003006
15,717300,0.891941334605217
15,717400,0.8241601437330246
15,717500,0.8574251866340638
15,717600,0.8496214658021927
15,717700,0.9274340581893921
15,717800,0.9213244932889938
15,717900,0.7623626613616943
15,718000,0.8472745251655579
15,718100,0.916323014497757
15,718200,1.2063093382120131
15,718300,0.8604564130306244
15,718400,0.9473177075386048
15,718500,0.9146718466281891
15,718600,0.8819447916746139
15,718700,0.8769674682617188
15,718800,0.8837847375869751
15,718900,0.7850989320874214
15,719000,0.9637684577703476
15,719100,1.088418956398964
15,719200,1.132111563682556
15,719300,1.3233130246400833
15,719400,0.9692813503742218
15,719500,0.918543193936348
15,719600,0.9673960143327713
15,719700,1.0122612667083741
15,719800,0.9428963160514832
15,719900,0.9190324026346207
15,720000,0.9696540254354477
15,720100,0.857871732711792
15,720200,0.9259701687097549
15,720300,0.9964920622110367
15,720400,1.0132692301273345
15,720500,0.9793419939279556
15,720600,0.9047211807966232
15,720700,0.9272114926576615
15,720800,0.9534428083896637
15,720900,0.9107275182008743
15,721000,0.969058341383934
15,721100,0.9946662324666977
15,721200,0.9209761095046997
15,721300,1.0044938933849334
15,721400,0.909868056178093
15,721500,0.9114613509178162
15,721600,0.8995372045040131
15,721700,1.0269143933057785
15,721800,0.9994351613521576
15,721900,0.9111074072122574
15,722000,0.937399178147316
15,722100,0.8986472404003143
15,722200,0.9253084915876388
15,722300,0.9605159878730773
15,722400,0.9322872465848923
15,722500,0.9153269785642624
15,722600,0.9596409553289413
15,722700,0.8889048516750335
15,722800,0.9009214657545089
15,722900,0.8904007416963577
15,723000,0.9549115759134292
15,723100,0.9410036617517471
15,723200,0.8549026787281037
15,723300,0.8897369861602783
15,723400,0.9125734531879425
15,723500,0.8936366665363312
15,723600,0.9275831204652786
15,723700,0.9040697747468949
15,723800,0.9464394634962082
15,723900,0.916775484085083
15,724000,0.924551750421524
15,724100,0.9610456013679505
15,724200,0.8815714240074157
15,724300,0.9293221986293793
15,724400,0.9950252032279968
15,724500,0.9879006850719452
15,724600,0.9401482594013214
15,724700,0.9705781745910644
15,724800,0.9528332859277725
15,724900,0.9709992468357086
15,725000,0.9339040899276734
15,725100,1.0051184034347533
15,725200,1.02318896651268
15,725300,0.9444485926628112
15,725400,0.9278507858514786
15,725500,0.8976915311813355
15,725600,0.9015694892406464
15,725700,0.9803399693965912
15,725800,0.9999223661422729
15,725900,0.9287853598594665
15,726000,0.9365020686388016
15,726100,0.9315712106227875
15,726200,0.9450001126527786
15,726300,0.8991543024778366
15,726400,1.016490220427513
15,726500,0.9541696965694427
15,726600,0.9483458316326141
15,726700,0.9610689049959182
15,726800,0.8931015288829803
15,726900,0.9630011516809464
15,727000,0.944766930937767
15,727100,0.9478050875663757
15,727200,0.8938256406784058
15,727300,0.9266703933477402
15,727400,0.9513481968641281
15,727500,0.962119762301445
15,727600,0.8918189072608947
15,727700,0.9890164017677308
15,727800,0.9118760281801224
15,727900,0.8925557690858841
15,728000,0.902507426738739
15,728100,0.9478999632596969
15,728200,0.9316400110721588
15,728300,0.9953607046604156
15,728400,0.9380815231800079
15,728500,0.9453201431035996
15,728600,0.9190755420923233
15,728700,0.9465301167964936
15,728800,1.002279844880104
15,728900,1.0445325857400893
15,729000,1.0114079189300538
15,729100,0.9594118458032608
15,729200,0.9801275253295898
15,729300,0.9398413592576981
15,729400,0.9790642809867859
15,729500,1.00709730386734
15,729600,0.9897456860542297
15,729700,1.0156035774946213
15,729800,0.8937436485290527
15,729900,0.9602605330944062
15,730000,1.049822774529457
15,730100,1.0268613523244858
15,730200,0.9613047325611115
15,730300,0.9759663009643554
15,730400,0.943483659029007
15,730500,0.9729077172279358
15,730600,1.0168800032138825
15,730700,0.9699245107173919
15,730800,0.9465520346164703
15,730900,0.9684013438224792
15,731000,0.9350930345058441
15,731100,0.9634930437803269
15,731200,0.921296877861023
15,731300,0.9933965879678727
15,731400,0.9485280483961105
15,731500,0.9202480798959732
15,731600,0.9486357414722443
15,731700,0.9560012006759644
15,731800,0.905310623049736
15,731900,0.9787294578552246
15,732000,0.8820184153318406
15,732100,0.9217301774024963
15,732200,0.9158288425207138
15,732300,1.0114657092094421
15,732400,0.965428211092949
15,732500,0.9703709656000137
15,732600,0.9593475264310837
15,732700,0.9475579464435577
15,732800,0.958461526632309
15,732900,0.9637649405002594
15,733000,0.8997012841701507
15,733100,1.0084398585557937
15,733200,0.9021178638935089
15,733300,0.9613516861200333
15,733400,0.9019357591867447
15,733500,0.9703235822916031
15,733600,0.9763796585798263
15,733700,1.0361202734708785
15,733800,0.9569346046447754
15,733900,0.952364501953125
15,734000,0.9238012081384659
15,734100,0.9259269344806671
15,734200,1.0417199301719666
15,734300,0.9288641059398651
15,734400,0.9533244222402573
15,734500,0.9677527314424514
15,734600,0.9433130216598511
15,734700,1.031618238091469
15,734800,1.0222621411085129
15,734900,0.9192786473035812
15,735000,0.964541358947754
15,735100,0.9205131232738495
15,735200,0.8718351882696151
15,735300,1.0173305135965347
15,735400,0.9558854848146439
15,735500,0.9373059749603272
15,735600,0.9577453327178955
15,735700,0.8932105267047882
15,735800,0.8824719798564911
15,735900,0.9472060257196426
15,736000,0.8472513085603715
15,736100,0.8792819774150848
15,736200,0.9141164159774781
15,736300,0.943362045288086
15,736400,0.878767362833023
15,736500,0.9772824031114579
15,736600,0.9730972838401795
15,736700,0.9625063800811767
15,736800,0.9029613131284714
15,736900,0.9284528303146362
15,737000,0.902373901605606
15,737100,0.955986300110817
15,737200,0.9839351564645767
15,737300,0.9239290398359299
15,737400,0.9891959881782532
15,737500,0.9411330789327621
15,737600,0.9127001702785492
15,737700,0.9786790591478348
15,737800,1.0156030148267745
15,737900,0.908256670832634
15,738000,0.9391106456518173
15,738100,0.8849003493785859
15,738200,0.9354392415285111
15,738300,1.0115924698114396
15,738400,1.010580723285675
15,738500,0.9680911618471145
15,738600,0.9984023916721344
15,738700,0.9690840059518814
15,738800,0.9418261069059372
15,738900,0.952924045920372
15,739000,0.9894808107614517
15,739100,0.9442634850740432
15,739200,0.9486696004867554
15,739300,0.9253995835781097
15,739400,0.9604622995853425
15,739500,0.9681394267082214
15,739600,0.9172576814889908
15,739700,0.9304605406522751
15,739800,0.944012895822525
15,739900,0.9339538937807084
15,740000,0.9255304169654847
15,740100,0.8819827520847321
15,740200,0.9859857833385468
15,740300,0.8768795442581176
15,740400,0.9336364793777466
15,740500,0.9419737482070922
15,740600,0.8839898824691772
15,740700,0.9013782727718354
15,740800,0.9889283090829849
15,740900,0.9203549826145172
15,741000,0.9592294973134995
15,741100,0.9447350597381592
15,741200,0.9448584061861038
15,741300,0.900205751657486
15,741400,1.014193452000618
15,741500,0.9738695067167282
15,741600,1.011565813422203
15,741700,0.9290373432636261
15,741800,0.9375528311729431
15,741900,0.9401165127754212
15,742000,0.9700359958410263
15,742100,0.9899927967786789
15,742200,0.9271500539779663
15,742300,0.9780374366044998
15,742400,0.9400589215755463
15,742500,0.9468576526641845
15,742600,0.9596886420249939
15,742700,1.033397232890129
15,742800,0.9585121917724609
15,742900,0.929164143204689
15,743000,0.930731064081192
15,743100,0.9710404753684998
15,743200,0.9231584519147873
15,743300,1.0172620290517806
15,743400,0.9988172453641891
15,743500,0.9686480033397674
15,743600,0.8967536133527756
15,743700,0.9294539588689804
15,743800,0.8822557431459427
15,743900,0.9714848971366883
15,744000,0.9231818467378616
15,744100,0.9295595163106918
15,744200,0.9470637220144272
15,744300,0.8927165645360947
15,744400,0.8942815399169922
15,744500,0.9153377902507782
15,744600,0.9280332452058793
15,744700,0.9027403444051743
15,744800,0.9207792466878891
15,744900,0.9495755887031555
15,745000,0.9441355979442596
15,745100,0.8959515184164047
15,745200,1.0538667207956314
15,745300,0.9701800554990768
15,745400,0.9350288033485412
15,745500,0.9421323150396347
15,745600,0.9592679411172866
15,745700,0.9226792472600936
15,745800,1.047809635400772
15,745900,0.9770256096124649
15,746000,0.9605916869640351
15,746100,0.9715736919641494
15,746200,0.9959022551774979
15,746300,0.9526638942956924
15,746400,1.0075685256719589
15,746500,1.0047607481479646
15,746600,0.9344811654090881
15,746700,0.9298985809087753
15,746800,1.0031520074605942
15,746900,1.0511758977174759
15,747000,0.9602698057889938
15,747100,0.9611339217424393
15,747200,0.9938060921430588
15,747300,0.9429084193706513
15,747400,0.9258561724424362
15,747500,0.9460526341199875
15,747600,0.9714825028181076
15,747700,0.9713655519485473
15,747800,0.9237048631906509
15,747900,0.937360777258873
15,748000,0.977818893790245
15,748100,0.9687811225652695
15,748200,0.9344164389371872
15,748300,0.9644942623376846
15,748400,0.956811158657074
15,748500,0.9155222278833389
15,748600,0.9539123684167862
15,748700,0.9713408195972443
15,748800,0.8912352812290192
15,748900,0.9176158118247986
15,749000,0.9093445831537247
15,749100,0.9069654446840286
15,749200,1.0279896384477616
15,749300,0.9258355331420899
15,749400,0.9438593554496765
15,749500,0.9008831864595414
15,749600,0.9448854577541351
15,749700,1.0107137513160707
15,749800,1.017067917585373
15,749900,0.9717082756757737
15,750000,0.9445683366060257
15,750100,0.9013649296760559
15,750200,1.0163750529289246
15,750300,1.0296546584367752
15,750400,1.0085762149095536
15,750500,0.9911008125543594
15,750600,0.9290512961149215
15,750700,0.9287984579801559
15,750800,0.9807752233743667
15,750900,0.9497152280807495
15,751000,0.9591728407144546
15,751100,0.97130863904953
15,751200,0.909377452135086
15,751300,0.9806682646274567
15,751400,0.9668239104747772
15,751500,1.0301623678207397
15,751600,0.996656922698021
15,751700,0.983775292634964
15,751800,0.9067127251625061
15,751900,1.0090798318386078
15,752000,0.9410108840465545
15,752100,0.980765283703804
15,752200,0.938455097079277
15,752300,0.8880609065294266
15,752400,0.9285681223869324
15,752500,0.9140241515636444
15,752600,0.907835750579834
15,752700,0.8946565622091294
15,752800,0.952201915383339
15,752900,0.9401978433132172
15,753000,0.9204086446762085
15,753100,0.9460147231817245
15,753200,0.9100219994783402
15,753300,0.8967989158630371
15,753400,0.9381978607177734
15,753500,0.9248301494121551
15,753600,0.9906698495149613
15,753700,1.0131555038690567
15,753800,1.002823028564453
15,753900,0.9729311668872833
15,754000,0.9741304767131805
15,754100,0.9562636095285416
15,754200,1.0339179140329362
15,754300,0.9992516547441482
15,754400,0.9476178151369095
15,754500,0.9695512038469315
15,754600,0.9946978014707565
15,754700,0.9935385113954545
15,754800,0.9863294988870621
15,754900,0.9689022064208984
15,755000,0.9203979450464249
15,755100,0.9994267165660858
15,755200,1.007069616317749
15,755300,0.9423301219940186
15,755400,0.9165811216831208
15,755500,0.9693774139881134
15,755600,0.959159460067749
15,755700,0.9898326271772384
15,755800,0.9605702286958695
15,755900,0.9596488976478577
15,756000,0.9521241670846939
15,756100,0.9006202614307404
15,756200,0.923688907623291
15,756300,0.8699505174160004
15,756400,0.9320672023296356
15,756500,0.9375510859489441
15,756600,0.9083370232582092
15,756700,0.9545449841022492
15,756800,0.9189509910345077
15,756900,0.91117336332798
15,757000,0.9366190785169601
15,757100,0.9279368901252747
15,757200,0.9147790133953094
15,757300,1.022217029929161
15,757400,0.9537328433990478
15,757500,0.9722698867321015
15,757600,0.9236378842592239
15,757700,0.9502859580516815
15,757800,1.0221019595861436
15,757900,0.9820376086235046
15,758000,0.9536790591478348
15,758100,0.9618318665027619
15,758200,0.952195770740509
15,758300,0.9721849375963211
15,758400,1.1047861754894257
15,758500,0.9482690554857254
15,758600,0.9619168716669083
15,758700,0.9583334946632385
15,758800,0.9216421943902969
15,758900,0.9813263642787934
15,759000,0.9739408886432648
15,759100,0.9384015607833862
15,759200,0.9345501291751862
15,759300,0.9666220986843109
15,759400,0.9938837450742721
15,759500,1.0724747890233994
15,759600,0.9582096523046494
15,759700,0.9279787027835846
15,759800,0.9519368022680282
15,759900,0.8560629266500474
15,760000,0.9221421897411346
15,760100,0.9278858011960983
15,760200,0.8967271411418914
15,760300,0.8901687383651733
15,760400,0.922241650223732
15,760500,0.9181449192762375
15,760600,1.002464426755905
15,760700,0.8821609944105149
15,760800,0.9429262226819992
15,760900,0.9665822494029999
15,761000,0.9041253679990768
15,761100,0.9579152345657349
15,761200,0.9660088634490966
15,761300,0.9644675379991532
15,761400,0.9456018143892289
15,761500,0.9624985361099243
15,761600,0.9250237542390823
15,761700,1.0304254472255707
15,761800,0.9500787460803986
15,761900,0.9214308500289917
15,762000,0.9212990713119507
15,762100,0.9160704916715622
15,762200,0.9519238811731339
15,762300,1.0873081892728806
15,762400,0.9644913536310196
15,762500,0.9419840890169143
15,762600,0.9641760790348053
15,762700,0.9331324821710587
15,762800,0.9350658202171326
15,762900,0.9735946232080459
15,763000,0.9467943054437638
15,763100,0.9214792436361313
15,763200,0.9138645559549332
15,763300,0.9686638575792312
15,763400,0.9994420886039734
15,763500,0.9433881455659866
15,763600,0.9121185076236725
15,763700,0.9100380200147629
15,763800,0.966738389134407
15,763900,0.886843369603157
15,764000,0.9377134281396866
15,764100,0.895842451453209
15,764200,0.9185677665472031
15,764300,0.9494935160875321
15,764400,0.9492168599367141
15,764500,0.9558185946941375
16,764600,0.7527198189496994
16,764700,0.7874735683202744
16,764800,0.8203259402513504
16,764900,0.8270017457008362
16,765000,0.881472944021225
16,765100,0.9103509736061096
16,765200,0.8747746640443802
16,765300,0.8023173606395722
16,765400,0.8884347140789032
16,765500,0.846317697763443
16,765600,0.7937714642286301
16,765700,0.8430631929636001
16,765800,0.8984776198863983
16,765900,0.8899334454536438
16,766000,0.9422886222600937
16,766100,0.7920472949743271
16,766200,0.7963236731290817
16,766300,1.0170685565471649
16,766400,1.0464105904102325
16,766500,0.9468760257959365
16,766600,0.8604453754425049
16,766700,0.9129924750328064
16,766800,0.8967904222011566
16,766900,0.9411036813259125
16,767000,0.94337442278862
16,767100,0.8106346085667611
16,767200,0.873052390217781
16,767300,0.9886402308940887
16,767400,1.0842199462652207
16,767500,0.9480526930093766
16,767600,0.8609459853172302
16,767700,0.9157908034324646
16,767800,0.8954773724079133
16,767900,0.9103064596652984
16,768000,0.9457936674356461
16,768100,0.8511725264787674
16,768200,0.9102823531627655
16,768300,0.8777087706327439
16,768400,0.8305016309022903
16,768500,0.8615302664041519
16,768600,0.8887816989421844
16,768700,0.9174157589673996
16,768800,0.8857128238677978
16,768900,0.7818796247243881
16,769000,0.8909127962589264
16,769100,0.9783645159006119
16,769200,1.1283358079195023
16,769300,0.8936110526323319
16,769400,0.9628670585155487
16,769500,0.8844818079471588
16,769600,0.882562198638916
16,769700,0.914329423904419
16,769800,0.8249383738636971
16,769900,0.8483850616216659
16,770000,1.006220551133156
16,770100,1.1538566374778747
16,770200,1.309063931107521
16,770300,1.086365355849266
16,770400,0.9355914461612701
16,770500,0.9445181477069855
16,770600,0.9907778882980347
16,770700,0.9916353446245193
16,770800,0.9393477696180343
16,770900,0.9382952553033829
16,771000,0.9575594478845596
16,771100,0.8869423800706864
16,771200,0.9419901740550994
16,771300,1.0085095083713531
16,771400,1.027092495560646
16,771500,0.9586166805028915
16,771600,0.9432398134469986
16,771700,0.9107991534471512
16,771800,0.937720599770546
16,771900,0.9442691659927368
16,772000,0.9849913972616196
16,772100,0.9694632637500763
16,772200,0.9486433881521225
16,772300,0.9895189720392227
16,772400,0.9287877976894379
16,772500,0.885991913676262
16,772600,0.9609508377313614
16,772700,1.0374645048379898
16,772800,0.9715384268760681
16,772900,0.9463266557455063
16,773000,0.9280785882472992
16,773100,0.9005501931905746
16,773200,0.9156649214029312
16,773300,1.0005615323781967
16,773400,0.9156327283382416
16,773500,0.9427853649854661
16,773600,0.9342468529939651
16,773700,0.9000312530994415
16,773800,0.9158870214223862
16,773900,0.897230938076973
16,774000,0.9674961167573929
16,774100,0.9044261741638183
16,774200,0.868263132572174
16,774300,0.9184989684820175
16,774400,0.9043248796463013
16,774500,0.9270314478874206
16,774600,0.936096550822258
16,774700,0.900100536942482
16,774800,0.948850792646408
16,774900,0.9253094345331192
16,775000,0.9475062096118927
16,775100,0.938088384270668
16,775200,0.8826335752010346
16,775300,0.9927793461084365
16,775400,0.9832749688625335
16,775500,0.9791349428892135
16,775600,0.9437372905015945
16,775700,0.9975506031513214
16,775800,0.9394016361236572
16,775900,0.981425284743309
16,776000,0.958832464814186
16,776100,1.0278740727901459
16,776200,0.9886775821447372
16,776300,0.9668394005298615
16,776400,0.9133894121646882
16,776500,0.9084280818700791
16,776600,0.9113914096355438
16,776700,1.0000022280216216
16,776800,0.9920839899778366
16,776900,0.926317121386528
16,777000,0.9766937321424485
16,777100,0.9293580394983292
16,777200,0.9188986319303513
16,777300,0.9145978933572769
16,777400,1.0458964699506759
16,777500,0.9351152205467224
16,777600,0.979375678896904
16,777700,0.9330695015192032
16,777800,0.9264960515499115
16,777900,0.9684489405155182
16,778000,0.9384301793575287
16,778100,0.9414355581998826
16,778200,0.9398284769058227
16,778300,0.9171132808923721
16,778400,0.957925198674202
16,778500,0.9423586821556091
16,778600,0.9386414748430252
16,778700,0.9702517038583756
16,778800,0.9048165357112885
16,778900,0.9030441588163376
16,779000,0.919951178431511
16,779100,0.9416235762834549
16,779200,0.9766328853368759
16,779300,1.0003697723150253
16,779400,0.9160089153051376
16,779500,0.9578723961114883
16,779600,0.9121597516536712
16,779700,0.984205105304718
16,779800,1.0324267518520356
16,779900,1.0455534970760345
16,780000,0.9773328000307083
16,780100,1.0247587579488755
16,780200,0.9213876837491989
16,780300,0.96526984333992
16,780400,0.9728242814540863
16,780500,1.0560047459602355
16,780600,0.9781232970952988
16,780700,0.9940272849798203
16,780800,0.9169736969470977
16,780900,0.9843526458740235
16,781000,1.0594616633653642
16,781100,1.0214084535837173
16,781200,0.9395708948373794
16,781300,0.9941096842288971
16,781400,0.9393614035844803
16,781500,1.0174844962358476
16,781600,1.0029553484916687
16,781700,0.9915993577241897
16,781800,0.9281805431842804
16,781900,0.9713554167747498
16,782000,0.957987619638443
16,782100,0.9512738513946534
16,782200,0.953140629529953
16,782300,1.0079862654209137
16,782400,0.909203495979309
16,782500,0.9402325379848481
16,782600,0.9767893892526627
16,782700,0.961784074306488
16,782800,0.8927563494443893
16,782900,1.0045050364732742
16,783000,0.8659127008914947
16,783100,0.9340351903438568
16,783200,0.959344447851181
16,783300,0.9937957775592804
16,783400,0.9838176059722901
16,783500,0.9735027420520782
16,783600,0.9446065574884415
16,783700,0.9860329878330231
16,783800,0.9281303536891937
16,783900,0.9579007649421691
16,784000,0.9430509823560714
16,784100,0.9829616963863372
16,784200,0.9090411239862441
16,784300,0.9730463624000549
16,784400,0.9280395251512528
16,784500,0.9701748991012573
16,784600,0.9904224914312363
16,784700,1.022006562948227
16,784800,0.9660307574272156
16,784900,0.9529159426689148
16,785000,0.9135328590869903
16,785100,0.9866704440116882
16,785200,1.032825341820717
16,785300,0.8967734748125076
16,785400,1.0196411073207856
16,785500,0.9389181399345398
16,785600,0.9605090767145157
16,785700,1.050723792910576
16,785800,1.0141154593229293
16,785900,0.9120508366823197
16,786000,0.9607813036441804
16,786100,0.8995899021625519
16,786200,0.9390985310077667
16,786300,1.002025551199913
16,786400,0.955711697936058
16,786500,0.958671681880951
16,786600,0.9404204106330871
16,786700,0.8784706103801727
16,786800,0.9261336207389832
16,786900,0.9226061761379242
16,787000,0.8634399968385696
16,787100,0.8749181765317917
16,787200,0.9460200250148774
16,787300,0.9340637302398682
16,787400,0.910450912117958
16,787500,0.9906614512205124
16,787600,0.9695161885023117
16,787700,0.9454750657081604
16,787800,0.9161647385358811
16,787900,0.9306795269250869
16,788000,0.9075771248340607
16,788100,0.983392214179039
16,788200,0.9872082054615021
16,788300,0.917362819314003
16,788400,1.0107536846399308
16,788500,0.9484608536958694
16,788600,0.9012195831537246
16,788700,1.025199767947197
16,788800,1.0017468565702439
16,788900,0.9074104338884353
16,789000,0.9286605876684189
16,789100,0.8991300463676453
16,789200,0.943670968413353
16,789300,1.0537730395793914
16,789400,0.9922934913635254
16,789500,0.9897177076339722
16,789600,1.0016339111328125
16,789700,0.9530731046199798
16,789800,0.9425930225849152
16,789900,0.9922626060247421
16,790000,0.9641008669137955
16,790100,0.9503605443239213
16,790200,0.9530900913476944
16,790300,0.9560956811904907
16,790400,0.9721570599079132
16,790500,0.956987493634224
16,790600,0.9008062374591828
16,790700,0.9673101937770844
16,790800,0.9277036422491074
16,790900,0.9545482534170151
16,791000,0.8882242381572724
16,791100,0.9361040836572647
16,791200,0.9790755265951157
16,791300,0.9118888425827026
16,791400,0.9196169513463974
16,791500,0.92196826338768
16,791600,0.8785493528842926
16,791700,0.9573990631103516
16,791800,0.9780510681867599
16,791900,0.9275322788953781
16,792000,0.9628498190641404
16,792100,0.9418528425693512
16,792200,0.9487351095676422
16,792300,0.928483778834343
16,792400,1.0221702945232392
16,792500,0.9795654857158661
16,792600,0.9874902635812759
16,792700,0.9561585134267807
16,792800,0.9331261843442917
16,792900,0.9380566549301147
16,793000,1.0123620492219925
16,793100,0.9576253414154052
16,793200,0.9832327634096145
16,793300,0.953623538017273
16,793400,0.9478040999174118
16,793500,0.9305690437555313
16,793600,1.0149721056222916
16,793700,1.0139909392595292
16,793800,0.9601207751035691
16,793900,0.9202344405651093
16,794000,0.9331692558526993
16,794100,0.991294042468071
16,794200,0.9700146758556366
16,794300,1.0184907430410386
16,794400,0.9712801682949066
16,794500,0.9604616129398346
16,794600,0.9136562931537628
16,794700,0.9431267875432968
16,794800,0.8753341299295425
16,794900,1.0013703906536102
16,795000,0.9282107585668564
16,795100,0.9433575421571732
16,795200,0.9155069428682328
16,795300,0.9093052029609681
16,795400,0.885017751455307
16,795500,0.9233209371566773
16,795600,0.9259451234340668
16,795700,0.9590642750263214
16,795800,0.9002873504161835
16,795900,0.9790146493911743
16,796000,0.9265669667720795
16,796100,0.9323972380161285
16,796200,1.0769036954641342
16,796300,0.9478789818286896
16,796400,0.924751706123352
16,796500,0.9646044844388961
16,796600,0.9375908613204956
16,796700,0.9700350230932235
16,796800,1.046285353899002
16,796900,0.9836507892608642
16,797000,0.9509749004244804
16,797100,1.0154814261198044
16,797200,0.9539616274833679
16,797300,0.9898591232299805
16,797400,1.0120940297842025
16,797500,1.002549119591713
16,797600,0.9320819872617722
16,797700,0.9391183412075043
16,797800,1.0085026681423188
16,797900,1.0540952587127685
16,798000,0.9728632152080536
16,798100,0.9738304460048676
16,798200,0.9735783505439758
16,798300,0.9541923332214356
16,798400,0.9495687913894654
16,798500,0.9495350885391235
16,798600,0.9807740300893784
16,798700,0.9617389190196991
16,798800,0.9224068635702133
16,798900,0.960009406208992
16,799000,0.9660295486450196
16,799100,0.9739792954921722
16,799200,0.9429502403736114
16,799300,0.9518559348583221
16,799400,0.9642768365144729
16,799500,0.9304421806335449
16,799600,0.9849568992853165
16,799700,0.9382023018598556
16,799800,0.89646617770195
16,799900,0.9213817220926285
16,800000,0.9002470606565476
16,800100,1.0063922488689423
16,800200,0.9741509306430817
16,800300,0.9168722665309906
16,800400,0.9455697882175446
16,800500,0.9017116004228591
16,800600,1.000148812532425
16,800700,1.0011497229337691
16,800800,1.0638041532039642
16,800900,0.9413348227739334
16,801000,0.935986732840538
16,801100,0.9379558050632477
16,801200,1.034221955537796
16,801300,1.0270439130067825
16,801400,0.9806476777791977
16,801500,1.0105649137496948
16,801600,0.9152204298973083
16,801700,0.9529019737243652
16,801800,0.9875095653533935
16,801900,0.9576164615154267
16,802000,0.9458958059549332
16,802100,0.9691416472196579
16,802200,0.9585611015558243
16,802300,0.9587851142883301
16,802400,1.0151787400245667
16,802500,1.0410344403982164
16,802600,0.9667216074466706
16,802700,0.9477179634571076
16,802800,0.9634925001859664
16,802900,0.9898900949954986
16,803000,0.9499865674972534
16,803100,0.9880870169401169
16,803200,0.9382210779190063
16,803300,0.8831427562236785
16,803400,0.9397191405296326
16,803500,0.9247895890474319
16,803600,0.9048859697580337
16,803700,0.9075231999158859
16,803800,0.9526924103498459
16,803900,0.9545271301269531
16,804000,0.9276117223501206
16,804100,0.9310027241706849
16,804200,0.930094028711319
16,804300,0.8972811138629914
16,804400,0.9391627115011215
16,804500,0.9462909072637558
16,804600,1.0317019981145858
16,804700,1.0036912012100219
16,804800,1.0231330209970475
16,804900,0.9489528411626815
16,805000,0.9650255072116852
16,805100,1.0288188743591309
16,805200,1.0112200278043746
16,805300,0.9951605558395386
16,805400,0.9479948139190674
16,805500,0.9941252183914184
16,805600,0.9785134589672089
16,805700,0.9937445390224456
16,805800,0.9987980008125306
16,805900,0.9463671696186066
16,806000,0.9582107067108154
16,806100,1.014688555598259
16,806200,1.0099550092220306
16,806300,0.9371661800146103
16,806400,0.9317979663610458
16,806500,0.9609871447086334
16,806600,0.9536197650432586
16,806700,1.0118821167945862
16,806800,0.9489529347419738
16,806900,0.9761642146110535
16,807000,0.9322427904605866
16,807100,0.9305905693769455
16,807200,0.9302849525213241
16,807300,0.8629577904939651
16,807400,0.9355332583189011
16,807500,0.9371954071521759
16,807600,0.9100410956144332
16,807700,0.9861987698078155
16,807800,0.9214819103479386
16,807900,0.8996774804592133
16,808000,0.9439955008029938
16,808100,0.9376194423437119
16,808200,0.9683918195962906
16,808300,0.9794720035791397
16,808400,1.002244335412979
16,808500,0.9247288328409194
16,808600,0.939460105895996
16,808700,0.9818583166599274
16,808800,1.0323487651348113
16,808900,0.9725860893726349
16,809000,0.947208423614502
16,809100,0.9772314417362213
16,809200,0.9636025166511536
16,809300,1.0241356974840163
16,809400,1.0494771587848664
16,809500,0.9755913072824478
16,809600,0.9567633557319641
16,809700,0.9373949658870697
16,809800,0.9459629720449447
16,809900,0.9917586207389831
16,810000,0.9702560317516327
16,810100,0.9224837124347687
16,810200,0.9711547154188156
16,810300,0.9652397286891937
16,810400,1.0296702480316162
16,810500,1.0476213467121125
16,810600,0.9454226469993592
16,810700,0.9445657247304916
16,810800,0.9320416629314423
16,810900,0.8860319095849991
16,811000,0.949597944021225
16,811100,0.9110180550813675
16,811200,0.8935629934072494
16,811300,0.8917347180843354
16,811400,0.9332516098022461
16,811500,0.9507518994808197
16,811600,0.962889888882637
16,811700,0.9026049482822418
16,811800,0.9553538143634797
16,811900,0.9756181871891022
16,812000,0.9219610798358917
16,812100,0.9717435395717621
16,812200,0.9655540525913239
16,812300,0.9491601073741913
16,812400,0.9550103527307511
16,812500,0.9524518287181855
16,812600,0.9660900008678436
16,812700,1.0266676616668702
16,812800,0.9489782953262329
16,812900,0.9215643268823623
16,813000,0.9083645778894425
16,813100,0.9430602604150772
16,813200,1.0115547108650207
16,813300,1.0231038075685501
16,813400,0.987125626206398
16,813500,0.9382040101289749
16,813600,0.9797036582231522
16,813700,0.9339082217216492
16,813800,0.9557912474870682
16,813900,0.9521868455410004
16,814000,0.9522991299629211
16,814100,0.9300829178094864
16,814200,0.9226084238290787
16,814300,0.9832808059453965
16,814400,1.0130381947755813
16,814500,0.9260137146711349
16,814600,0.9150556921958923
16,814700,0.9719715803861618
16,814800,0.9158321523666382
16,814900,0.9109034591913223
16,815000,0.9212955987453461
16,815100,0.9136714702844619
16,815200,0.9102274030447006
16,815300,0.9635812383890152
16,815400,0.9633532798290253
17,815500,0.25771939516067505
17,815600,0.7646840620040893
17,815700,0.7980234238505364
17,815800,0.8335054123401642
17,815900,0.8493265616893768
17,816000,0.8933063524961472
17,816100,0.9049412852525711
17,816200,0.8570750325918197
17,816300,0.825609461069107
17,816400,0.9114569365978241
17,816500,0.8037518161535263
17,816600,0.826506786942482
17,816700,0.8652439844608307
17,816800,0.8847674280405045
17,816900,0.9337755525112152
17,817000,0.9398189002275467
17,817100,0.7246203237771988
17,817200,0.8169588068127632
17,817300,1.105008961558342
17,817400,1.0559736448526382
17,817500,0.9008880984783173
17,817600,0.8835760378837585
17,817700,0.9395555746555329
17,817800,0.8676235276460648
17,817900,0.9772883880138398
17,818000,0.9252723330259323
17,818100,0.8155008023977279
17,818200,0.9105914634466171
17,818300,1.0332290869951248
17,818400,1.0654724413156509
17,818500,0.8898347729444503
17,818600,0.8790959566831589
17,818700,0.9327031522989273
17,818800,0.8932694435119629
17,818900,0.9313313686847686
17,819000,0.9379386633634568
17,819100,0.8291250097751618
17,819200,0.93856664955616
17,819300,0.8664193403720856
17,819400,0.8376386475563049
17,819500,0.8421746581792832
17,819600,0.924936842918396
17,819700,0.9645305532217026
17,819800,0.8027623808383941
17,819900,0.8066067326068879
17,820000,0.9133469462394714
17,820100,1.0886440747976303
17,820200,1.0362756252288818
17,820300,0.9173125594854354
17,820400,0.9603252029418945
17,820500,0.8942417067289352
17,820600,0.8761929494142532
17,820700,0.917096112370491
17,820800,0.7817982402443886
17,820900,0.8909009575843811
17,821000,1.0722026300430298
17,821100,1.1352319532632829
17,821200,1.390556759238243
17,821300,0.9825135469436646
17,821400,0.9266113322973252
17,821500,0.979608793258667
17,821600,1.002302076816559
17,821700,0.9775759774446487
17,821800,0.9424267584085464
17,821900,0.9799810206890106
17,822000,0.8942987143993377
17,822100,0.918403342962265
17,822200,0.9674335461854935
17,822300,1.0249602162837983
17,822400,1.0386375164985657
17,822500,0.9152306222915649
17,822600,0.9659407550096512
17,822700,0.936614952981472
17,822800,0.9106682616472245
17,822900,0.9654774940013886
17,823000,1.0000870871543883
17,823100,0.9392004024982452
17,823200,1.006580501794815
17,823300,0.9589106714725495
17,823400,0.930448471903801
17,823500,0.8847334772348404
17,823600,1.0068561482429503
17,823700,1.050029121041298
17,823800,0.930227826833725
17,823900,0.9400875532627105
17,824000,0.9288373225927353
17,824100,0.9260074114799499
17,824200,0.951297567486763
17,824300,0.9804137825965882
17,824400,0.920695378780365
17,824500,0.9687891066074371
17,824600,0.8962795358896255
17,824700,0.9166049253940582
17,824800,0.9011810106039048
17,824900,0.9367218804359436
17,825000,0.9680229032039642
17,825100,0.8752431511878968
17,825200,0.8850768220424652
17,825300,0.9149256348609924
17,825400,0.9292732846736907
17,825500,0.9306248909235001
17,825600,0.9307558423280716
17,825700,0.9322581321001053
17,825800,0.9547371441125869
17,825900,0.9136163634061814
17,826000,0.9714470517635345
17,826100,0.9296473270654678
17,826200,0.9057560306787491
17,826300,0.9973310953378678
17,826400,0.9916480606794358
17,826500,0.9799372452497482
17,826600,0.959596893787384
17,826700,1.0058945536613464
17,826800,0.9399790614843369
17,826900,0.9663770294189453
17,827000,0.9946380257606506
17,827100,1.0693289756774902
17,827200,0.9472031372785569
17,827300,0.9620255112648011
17,827400,0.9201469129323959
17,827500,0.8956981080770493
17,827600,0.9543645685911178
17,827700,1.0023478800058365
17,827800,0.9965632623434066
17,827900,0.9326667815446854
17,828000,0.967075012922287
17,828100,0.9271487444639206
17,828200,0.9177734231948853
17,828300,0.9756983458995819
17,828400,1.01895398914814
17,828500,0.9368543195724487
17,828600,0.9959381514787674
17,828700,0.9159622514247894
17,828800,0.9452125418186188
17,828900,0.9591510492563248
17,829000,0.9670929425954818
17,829100,0.9200763356685638
17,829200,0.955233508348465
17,829300,0.9193060147762299
17,829400,0.9794562822580337
17,829500,0.9292300480604172
17,829600,0.9652544856071472
17,829700,0.9509859901666641
17,829800,0.8902299165725708
17,829900,0.9290988218784332
17,830000,0.9522903728485107
17,830100,0.9320933878421783
17,830200,1.0005528301000595
17,830300,0.969300879240036
17,830400,0.9354270267486572
17,830500,0.9534717530012131
17,830600,0.9341827726364136
17,830700,1.0023407524824142
17,830800,1.0337376993894578
17,830900,1.0482461684942246
17,831000,0.9645808070898056
17,831100,1.0139455163478852
17,831200,0.9506183254718781
17,831300,0.9633331549167633
17,831400,1.0149083709716797
17,831500,1.038209086060524
17,831600,1.0009410768747329
17,831700,0.9433254319429397
17,831800,0.9514986890554428
17,831900,0.9773822212219239
17,832000,1.1095841670036315
17,832100,0.986381089091301
17,832200,0.9787480521202088
17,832300,0.9634746611118317
17,832400,0.9754142111539841
17,832500,1.0104680699110031
17,832600,1.00800461769104
17,832700,0.9928405386209488
17,832800,0.9445544558763505
17,832900,0.9583682602643967
17,833000,0.9611053061485291
17,833100,0.9541289556026459
17,833200,0.9860530281066895
17,833300,0.9734287250041962
17,833400,0.937624980211258
17,833500,0.9405760526657104
17,833600,0.9627731531858444
17,833700,0.9705115485191346
17,833800,0.9342985260486603
17,833900,0.9598240178823471
17,834000,0.9035502517223358
17,834100,0.931820809841156
17,834200,1.0018017941713333
17,834300,0.9704384607076645
17,834400,0.9824026203155518
17,834500,0.9972642934322358
17,834600,0.9423333138227463
17,834700,0.978919705748558
17,834800,0.9501831483840942
17,834900,0.9385877203941345
17,835000,0.9807571220397949
17,835100,0.9392156457901001
17,835200,0.9596605765819549
17,835300,0.9375092017650605
17,835400,0.9565318822860718
17,835500,0.9780205857753753
17,835600,1.0447337412834168
17,835700,0.9928831213712692
17,835800,0.9530775737762451
17,835900,0.9431952667236329
17,836000,0.9329203534126281
17,836100,1.0315493714809418
17,836200,0.9754539370536804
17,836300,0.9144482439756394
17,836400,1.010580706000328
17,836500,0.9725074243545532
17,836600,0.9823795944452286
17,836700,1.0410199016332626
17,836800,0.9728207874298096
17,836900,0.9812156593799591
17,837000,0.9266779720783234
17,837100,0.8897542041540146
17,837200,0.9978055137395859
17,837300,0.9758529031276703
17,837400,0.939091124534607
17,837500,0.982579916715622
17,837600,0.9334412789344788
17,837700,0.8875121968984604
17,837800,0.9303647667169571
17,837900,0.9120367091894149
17,838000,0.872244480252266
17,838100,0.8914477127790451
17,838200,0.9564021152257919
17,838300,0.9109419113397599
17,838400,0.9671793061494828
17,838500,0.995736848115921
17,838600,0.9425756186246872
17,838700,0.9389873778820038
17,838800,0.9370855897665024
17,838900,0.9336546814441681
17,839000,0.9259395587444306
17,839100,1.0016314226388932
17,839200,0.9586676573753357
17,839300,0.9535513573884964
17,839400,1.0079428821802139
17,839500,0.9334175837039947
17,839600,0.9300298774242401
17,839700,1.0351536685228349
17,839800,0.9709942126274109
17,839900,0.9233497428894043
17,840000,0.9255507034063339
17,840100,0.9201164507865905
17,840200,0.9677567118406296
17,840300,1.0386243730783462
17,840400,0.9944390690326691
17,840500,0.9973298943042755
17,840600,1.0059248304367066
17,840700,0.943746138215065
17,840800,0.9566117143630981
17,840900,1.0066357356309892
17,841000,0.9593579769134521
17,841100,0.9620269078016281
17,841200,0.9293313676118851
17,841300,0.9815540325641632
17,841400,0.9781049871444703
17,841500,0.9440869933366776
17,841600,0.9326293390989303
17,841700,0.969965056180954
17,841800,0.938191470503807
17,841900,0.9325480300188065
17,842000,0.8770521646738052
17,842100,0.9903302216529846
17,842200,0.9225745481252671
17,842300,0.9429976439476013
17,842400,0.9221555972099305
17,842500,0.926998410820961
17,842600,0.8835551917552948
17,842700,0.972516587972641
17,842800,0.9691112476587296
17,842900,0.9593934029340744
17,843000,0.9595676755905151
17,843100,0.9454448908567429
17,843200,0.9190479600429535
17,843300,0.981637572646141
17,843400,1.013952813744545
17,843500,1.0047867161035537
17,843600,0.9343144565820694
17,843700,0.9719550919532776
17,843800,0.9574588996171951
17,843900,0.9488296312093735
17,844000,1.0194374018907546
17,844100,0.9313339257240295
17,844200,1.0010409295558929
17,844300,0.9600076133012772
17,844400,0.9483334720134735
17,844500,0.9526513880491256
17,844600,1.0744440680742264
17,844700,0.9625621956586837
17,844800,0.9600075060129165
17,844900,0.9345946252346039
17,845000,0.9399129635095597
17,845100,0.9527007776498795
17,845200,1.0096727114915849
17,845300,1.0459090596437455
17,845400,0.9547507649660111
17,845500,0.9418692231178284
17,845600,0.9359367543458939
17,845700,0.9193666106462479
17,845800,0.9064016765356064
17,845900,0.9912866282463074
17,846000,0.9362797039747238
17,846100,0.9559716868400574
17,846200,0.8895586502552032
17,846300,0.9099120223522186
17,846400,0.900038736462593
17,846500,0.9468418729305267
17,846600,0.917060689330101
17,846700,0.9456299012899398
17,846800,0.9437206172943116
17,846900,0.9688881599903106
17,847000,0.906359177827835
17,847100,1.017915375828743
17,847200,1.0081894326210021
17,847300,0.964541906118393
17,847400,0.9536781913042068
17,847500,0.9396788334846496
17,847600,0.9411065304279327
17,847700,1.0012306952476502
17,847800,1.0311932575702667
17,847900,1.0028951436281204
17,848000,0.9400791084766388
17,848100,1.026968505382538
17,848200,0.947323944568634
17,848300,1.002217274904251
17,848400,1.0246608263254167
17,848500,0.9683069896697998
17,848600,0.939643235206604
17,848700,0.9671347117424012
17,848800,1.0305516993999482
17,848900,1.0426225459575653
17,849000,0.9695744514465332
17,849100,0.9888433200120926
17,849200,0.9659003412723541
17,849300,0.9456230539083481
17,849400,0.9659394282102585
17,849500,0.9563073402643204
17,849600,0.9811605983972549
17,849700,0.9758503538370132
17,849800,0.9019058829545975
17,849900,1.0094841861724853
17,850000,0.9521983873844146
17,850100,0.9797278618812562
17,850200,0.9652985155582428
17,850300,0.9625622045993805
17,850400,0.9443735468387604
17,850500,0.9370745122432709
17,850600,0.992466579079628
17,850700,0.9094144290685654
17,850800,0.9117249554395676
17,850900,0.932136864066124
17,851000,0.9184687054157257
17,851100,1.006994031071663
17,851200,0.968933402299881
17,851300,0.9478640109300613
17,851400,0.927742058634758
17,851500,0.9217332273721695
17,851600,1.0215251576900481
17,851700,0.9794585943222046
17,851800,1.0447919625043869
17,851900,0.9621406996250152
17,852000,0.9238537627458573
17,852100,0.9845284003019333
17,852200,1.0201376968622207
17,852300,1.0558195996284485
17,852400,0.9646722638607025
17,852500,0.9874799501895904
17,852600,0.9297069531679153
17,852700,0.9621686732769013
17,852800,0.974710648059845
17,852900,0.9903865098953247
17,853000,0.9541361111402512
17,853100,0.9260748893022537
17,853200,0.9913965332508087
17,853300,0.951581425666809
17,853400,1.0197258907556535
17,853500,1.0662075859308242
17,853600,0.9691938942670822
17,853700,0.9108356630802155
17,853800,1.0143587952852249
17,853900,0.9691277050971985
17,854000,0.9947075945138931
17,854100,0.9413414490222931
17,854200,0.9150987166166306
17,854300,0.9197540247440338
17,854400,0.9361849945783615
17,854500,0.9323710149526596
17,854600,0.8765392309427261
17,854700,0.9348061257600784
17,854800,0.9716040307283401
17,854900,0.9578858500719071
17,855000,0.9335559064149856
17,855100,0.927938717007637
17,855200,0.9132397150993348
17,855300,0.9258795607089997
17,855400,0.958590777516365
17,855500,0.9607238453626633
17,855600,1.0390974432229996
17,855700,1.007472983598709
17,855800,1.0021998852491378
17,855900,0.9758701133728027
17,856000,0.9628322148323059
17,856100,1.040107033252716
17,856200,1.0069447445869446
17,856300,0.9870988470315933
17,856400,0.9552596235275268
17,856500,0.9899623388051987
17,856600,0.9935095083713531
17,856700,0.9961164879798889
17,856800,1.0117282056808472
17,856900,0.9256266605854034
17,857000,0.9884170293807983
17,857100,1.0193768870830535
17,857200,0.9836302447319031
17,857300,0.9159695148468018
17,857400,0.9633655798435211
17,857500,0.9598548519611358
17,857600,0.9856227535009384
17,857700,0.9913416922092437
17,857800,0.9620527690649032
17,857900,0.9809354698657989
17,858000,0.9209342885017395
17,858100,0.9460549741983414
17,858200,0.9088835567235947
17,858300,0.8981184810400009
17,858400,0.932533267736435
17,858500,0.941007354259491
17,858600,0.9238744151592254
17,858700,0.9715402489900589
17,858800,0.9158860242366791
17,858900,0.9474952888488769
17,859000,0.9273861914873123
17,859100,0.9275525397062302
17,859200,1.0065812933444978
17,859300,0.9774410110712052
17,859400,0.9868687444925308
17,859500,0.9262049794197083
17,859600,0.9535238271951676
17,859700,0.992317389845848
17,859800,1.0402568036317825
17,859900,0.9747077786922455
17,860000,0.9495838469266892
17,860100,0.9583036428689957
17,860200,0.9746707040071487
17,860300,1.1006895077228547
17,860400,0.9724584132432937
17,860500,0.9755847901105881
17,860600,0.9799752748012542
17,860700,0.9172706389427185
17,860800,0.972803538441658
17,860900,1.012004241347313
17,861000,0.9300419121980668
17,861100,0.9407383000850678
17,861200,0.983010156750679
17,861300,0.9635226166248322
17,861400,1.0741982626914979
17,861500,1.0070178192853927
17,861600,0.93878633081913
17,861700,0.9390147149562835
17,861800,0.9133266645669937
17,861900,0.9065623593330383
17,862000,0.9618681222200394
17,862100,0.8953406536579132
17,862200,0.8895504331588745
17,862300,0.928900431394577
17,862400,0.9259945905208588
17,862500,0.9989233791828156
17,862600,0.9052324306964874
17,862700,0.917207847237587
17,862800,0.9730787211656571
17,862900,0.9568181520700455
17,863000,0.9359476524591446
17,863100,0.9928689175844192
17,863200,0.9560789543390275
17,863300,0.955471717119217
17,863400,0.9602232718467713
17,863500,0.9513613551855087
17,863600,0.9994564318656921
17,863700,1.0132341331243515
17,863800,0.9322031581401825
17,863900,0.9213912856578826
17,864000,0.9053916931152344
17,864100,0.9611050528287888
17,864200,1.0877054196596145
17,864300,0.9561211538314819
17,864400,0.9876379126310348
17,864500,0.9522554153203964
17,864600,0.9711686146259307
17,864700,0.930348488688469
17,864800,0.979225811958313
17,864900,0.9383207178115844
17,865000,0.9555377340316773
17,865100,0.9263003474473953
17,865200,0.9514423799514771
17,865300,0.9880438423156739
17,865400,0.9940242087841034
17,865500,0.9319162482023239
17,865600,0.897967072725296
17,865700,0.9938475012779235
17,865800,0.8912850534915924
17,865900,0.9447948801517486
17,866000,0.9029175114631652
17,866100,0.9082833760976792
17,866200,0.9568656462430954
17,866300,0.9686397784948348
17,866400,0.9545974296331405
18,866500,0.5162251508235931
18,866600,0.7616094732284546
18,866700,0.8307366621494293
18,866800,0.8372863388061523
18,866900,0.8630939096212387
18,867000,0.9059640288352966
18,867100,0.9052183401584625
18,867200,0.8227872282266617
18,867300,0.8747000586986542
18,867400,0.8910328727960587
18,867500,0.7918684351444244
18,867600,0.8528772968053818
18,867700,0.8916294276714325
18,867800,0.8799281322956085
18,867900,0.9567243403196335
18,868000,0.8853101706504822
18,868100,0.7418528145551682
18,868200,0.8976051244139671
18,868300,1.0806365239620208
18,868400,1.012945836186409
18,868500,0.9091349899768829
18,868600,0.888099439740181
18,868700,0.9373199903964996
18,868800,0.9045391410589219
18,868900,0.9841101950407029
18,869000,0.846026676595211
18,869100,0.8695972311496735
18,869200,0.9365867990255355
18,869300,1.065935522913933
18,869400,1.009991392493248
18,869500,0.8882935577630997
18,869600,0.9018699204921723
18,869700,0.9139658188819886
18,869800,0.9022680371999741
18,869900,0.9442634934186935
18,870000,0.9056059229373932
18,870100,0.8830253690481186
18,870200,0.9078537112474442
18,870300,0.8426770204305649
18,870400,0.8727274179458618
18,870500,0.864734098315239
18,870600,0.9426187074184418
18,870700,0.9345970934629441
18,870800,0.7722528082132339
18,870900,0.8533135294914246
18,871000,0.9270262479782104
18,871100,1.2093652164936066
18,871200,0.8709265506267547
18,871300,0.9644108200073243
18,871400,0.9277493721246719
18,871500,0.896432980298996
18,871600,0.8909613209962844
18,871700,0.8997124236822128
18,871800,0.795544119477272
18,871900,0.9706303924322128
18,872000,1.0875755566358567
18,872100,1.1348532366752624
18,872200,1.3364264118671416
18,872300,0.9843604618310928
18,872400,0.9342154675722122
18,872500,0.9823017930984497
18,872600,1.0272844284772873
18,872700,0.9576914185285568
18,872800,0.9329293644428254
18,872900,0.9882646828889847
18,873000,0.8724209105968476
18,873100,0.9394259303808212
18,873200,1.0093712812662126
18,873300,1.0254597014188767
18,873400,0.9991565310955047
18,873500,0.919041758775711
18,873600,0.9413767167925835
18,873700,0.9684170532226563
18,873800,0.9259449046850204
18,873900,0.9797653490304947
18,874000,1.0058798730373382
18,874100,0.9354604357481002
18,874200,1.025318410396576
18,874300,0.9193432146310806
18,874400,0.9262995022535324
18,874500,0.9100640499591828
18,874600,1.0434652024507522
18,874700,1.016262759566307
18,874800,0.9252156466245651
18,874900,0.9494218748807907
18,875000,0.9166759312152862
18,875100,0.9433908373117447
18,875200,0.97913669526577
18,875300,0.9474722701311111
18,875400,0.9239732360839844
18,875500,0.968996519446373
18,875600,0.8998984408378601
18,875700,0.9129747438430786
18,875800,0.9057813304662704
18,875900,0.9714779138565064
18,876000,0.9517426353693008
18,876100,0.8681174772977829
18,876200,0.9069398272037507
18,876300,0.9294795250892639
18,876400,0.9070751923322677
18,876500,0.94467225253582
18,876600,0.91322962641716
18,876700,0.9643149495124816
18,876800,0.9322131407260895
18,876900,0.9369956332445145
18,877000,0.9735933822393418
18,877100,0.8987679839134216
18,877200,0.9445384538173676
18,877300,1.0121301066875459
18,877400,0.9976039409637452
18,877500,0.9619153088331223
18,877600,0.9800938099622727
18,877700,0.9676833736896515
18,877800,0.9891814988851547
18,877900,0.9410683768987655
18,878000,1.0143001997470855
18,878100,1.0419610220193862
18,878200,0.9603094881772996
18,878300,0.944135667681694
18,878400,0.9145457804203033
18,878500,0.9138965255022049
18,878600,0.9898087179660797
18,878700,1.0149221289157868
18,878800,0.942366247177124
18,878900,0.9526507186889649
18,879000,0.9454093915224075
18,879100,0.9644674789905548
18,879200,0.9094156682491302
18,879300,1.0288210338354111
18,879400,0.9668943548202514
18,879500,0.9673498946428299
18,879600,0.971868970990181
18,879700,0.9098812913894654
18,879800,0.9729705905914307
18,879900,0.9538824039697648
18,880000,0.9694938063621521
18,880100,0.9054632967710495
18,880200,0.9400973629951477
18,880300,0.9665209841728211
18,880400,0.9705674314498901
18,880500,0.9059656596183777
18,880600,1.002270370721817
18,880700,0.9246316069364547
18,880800,0.909528961777687
18,880900,0.9152882516384124
18,881000,0.961298708319664
18,881100,0.9445817720890045
18,881200,1.0125643283128738
18,881300,0.9536225330829621
18,881400,0.9553291475772858
18,881500,0.9340087282657623
18,881600,0.9564469814300537
18,881700,1.0210749787092208
18,881800,1.0564563769102095
18,881900,1.0274050402641297
18,882000,0.9778105103969574
18,882100,0.9951228606700897
18,882200,0.9539257174730301
18,882300,0.9903255540132523
18,882400,1.0186549949645995
18,882500,1.0026161080598832
18,882600,1.041682741045952
18,882700,0.9102031815052033
18,882800,0.9734513306617737
18,882900,1.064758267402649
18,883000,1.0401485610008239
18,883100,0.9794714158773422
18,883200,0.9872183519601821
18,883300,0.9614402210712433
18,883400,0.9838975989818572
18,883500,1.0318008488416672
18,883600,0.9843921673297882
18,883700,0.9559985834360123
18,883800,0.9854129838943482
18,883900,0.9442257964611054
18,884000,0.9797093152999878
18,884100,0.9369809699058532
18,884200,1.004646913409233
18,884300,0.9678533995151519
18,884400,0.9385253828763962
18,884500,0.9600293493270874
18,884600,0.9689695107936859
18,884700,0.9228633987903595
18,884800,0.9936327016353608
18,884900,0.8942169600725174
18,885000,0.9359867006540299
18,885100,0.9267771202325821
18,885200,1.0270889234542846
18,885300,0.9778760528564453
18,885400,0.9835027319192886
18,885500,0.9733466941118241
18,885600,0.9570715779066086
18,885700,0.9743671613931656
18,885800,0.9790110290050507
18,885900,0.9092521488666534
18,886000,1.0133147126436233
18,886100,0.9128129351139068
18,886200,0.9719271290302277
18,886300,0.9181500416994095
18,886400,0.9825782787799835
18,886500,0.9893676179647446
18,886600,1.0472000068426133
18,886700,0.9688795900344849
18,886800,0.9606174170970917
18,886900,0.9425668478012085
18,887000,0.942061882019043
18,887100,1.0569595450162887
18,887200,0.9391984450817108
18,887300,0.9646039217710495
18,887400,0.9834709310531616
18,887500,0.9531154233217239
18,887600,1.0428976249694824
18,887700,1.0395622599124907
18,887800,0.9344921910762787
18,887900,0.9788368844985962
18,888000,0.9295406013727188
18,888100,0.88299496114254
18,888200,1.028122092485428
18,888300,0.971883887052536
18,888400,0.9472907131910324
18,888500,0.9687006336450577
18,888600,0.9109077936410904
18,888700,0.8896005523204803
18,888800,0.9580072802305222
18,888900,0.8683763581514359
18,889000,0.8937272942066192
18,889100,0.9254960215091705
18,889200,0.9570283412933349
18,889300,0.8910371893644333
18,889400,0.9854072493314743
18,889500,0.9887714052200317
18,889600,0.9752567547559738
18,889700,0.9112641584873199
18,889800,0.9430554467439651
18,889900,0.9156461596488953
18,890000,0.9672642385959626
18,890100,1.0005641531944276
18,890200,0.9379423522949218
18,890300,1.0041953998804092
18,890400,0.9571660512685776
18,890500,0.9196596658229828
18,890600,0.9869061189889908
18,890700,1.0313489615917206
18,890800,0.920702520608902
18,890900,0.9538054949045182
18,891000,0.8982568514347077
18,891100,0.9463704955577851
18,891200,1.020784028172493
18,891300,1.0175246167182923
18,891400,0.9873129463195801
18,891500,1.0084838163852692
18,891600,0.9805554008483887
18,891700,0.9612718033790588
18,891800,0.9622807967662811
18,891900,1.00158509850502
18,892000,0.9583481824398041
18,892100,0.9628474175930023
18,892200,0.9294412207603454
18,892300,0.9784242308139801
18,892400,0.980674660205841
18,892500,0.9357397794723511
18,892600,0.942259493470192
18,892700,0.9601710194349289
18,892800,0.944494833946228
18,892900,0.9364559036493302
18,893000,0.8866815495491028
18,893100,1.000291347503662
18,893200,0.8903423881530762
18,893300,0.9455484831333161
18,893400,0.9538834071159363
18,893500,0.897937600016594
18,893600,0.9111391180753707
18,893700,1.0065844923257827
18,893800,0.9301577037572861
18,893900,0.9741280472278595
18,894000,0.9521440929174423
18,894100,0.9581468474864959
18,894200,0.9078082799911499
18,894300,1.0223484492301942
18,894400,0.9885282635688781
18,894500,1.0202493107318877
18,894600,0.9360251343250274
18,894700,0.949401581287384
18,894800,0.9540208125114441
18,894900,0.9767126607894897
18,895000,1.0033716177940368
18,895100,0.9371090918779373
18,895200,0.9952099496126174
18,895300,0.9548653447628022
18,895400,0.9586199420690537
18,895500,0.958458948135376
18,895600,1.0481559234857558
18,895700,0.972855184674263
18,895800,0.9466182231903076
18,895900,0.9408122783899308
18,896000,0.9824706584215164
18,896100,0.9337926429510116
18,896200,1.0343934816122056
18,896300,1.016815727353096
18,896400,0.9827199000120163
18,896500,0.9088457483053207
18,896600,0.9342382246255875
18,896700,0.8938273394107819
18,896800,0.9810643041133881
18,896900,0.9318359762430191
18,897000,0.9472248190641404
18,897100,0.9592422592639923
18,897200,0.8985076349973679
18,897300,0.9073348748683929
18,897400,0.9260589838027954
18,897500,0.9410217493772507
18,897600,0.9191454112529754
18,897700,0.9345209568738937
18,897800,0.9616940945386887
18,897900,0.955075414776802
18,898000,0.9022966885566711
18,898100,1.065033653974533
18,898200,0.9844042760133743
18,898300,0.9472475707530975
18,898400,0.9544590038061141
18,898500,0.9658665162324905
18,898600,0.9335399043560028
18,898700,1.0549198240041733
18,898800,0.988601815700531
18,898900,0.9711405923962593
18,899000,0.9805432844161988
18,899100,1.0065785068273545
18,899200,0.9645228034257889
18,899300,1.0197587597370148
18,899400,1.0128302401304246
18,899500,0.9460873275995254
18,899600,0.9416774904727936
18,899700,1.0171739101409911
18,899800,1.0614972817897796
18,899900,0.9738938850164414
18,900000,0.9823675858974457
18,900100,1.0031457722187043
18,900200,0.9528109288215637
18,900300,0.9368357336521149
18,900400,0.9569821178913116
18,900500,0.9838378548622131
18,900600,0.9788875663280487
18,900700,0.942644618153572
18,900800,0.948697698712349
18,900900,0.9937509965896606
18,901000,0.9793123865127563
18,901100,0.9511248946189881
18,901200,0.979357722401619
18,901300,0.9631668704748154
18,901400,0.9258970534801483
18,901500,0.959967150092125
18,901600,0.9833899772167206
18,901700,0.9001253187656403
18,901800,0.9250897681713104
18,901900,0.9236131894588471
18,902000,0.9139098525047302
18,902100,1.0410825806856154
18,902200,0.9402869039773941
18,902300,0.9543082267045975
18,902400,0.9091922509670257
18,902500,0.95953817486763
18,902600,1.022618277668953
18,902700,1.0280632323026657
18,902800,0.9840517461299896
18,902900,0.9576435971260071
18,903000,0.9121860975027084
18,903100,1.030648866891861
18,903200,1.0387649518251418
18,903300,1.0188631862401962
18,903400,1.0033976739645005
18,903500,0.9365769767761231
18,903600,0.9408412671089172
18,903700,0.988295778632164
18,903800,0.9601603698730469
18,903900,0.9706450331211091
18,904000,0.9780924963951111
18,904100,0.916125990152359
18,904200,0.994301985502243
18,904300,0.9748062759637832
18,904400,1.0380990874767304
18,904500,1.0085255593061446
18,904600,0.9928158974647522
18,904700,0.9157714807987213
18,904800,1.0168394190073013
18,904900,0.9473942798376084
18,905000,0.995310801267624
18,905100,0.9496791976690292
18,905200,0.900071828365326
18,905300,0.9408161717653275
18,905400,0.9227645981311798
18,905500,0.9198529762029648
18,905600,0.9073006796836853
18,905700,0.9624776047468185
18,905800,0.951833284497261
18,905900,0.9328131186962128
18,906000,0.9495579147338867
18,906100,0.9249635142087936
18,906200,0.9151184684038163
18,906300,0.9472410410642624
18,906400,0.9393766063451767
18,906500,1.0026746606826782
18,906600,1.0273561477661133
18,906700,1.016561530828476
18,906800,0.9797401064634323
18,906900,0.9843948632478714
18,907000,0.9659684282541275
18,907100,1.0418461495637894
18,907200,1.0068753814697267
18,907300,0.9571757310628891
18,907400,0.9799738121032715
18,907500,1.0006640475988389
18,907600,0.9993999207019806
18,907700,1.0016319286823272
18,907800,0.9792026364803315
18,907900,0.9331397837400437
18,908000,1.006848766207695
18,908100,1.0159859013557435
18,908200,0.949064439535141
18,908300,0.9287949311733246
18,908400,0.9716640388965607
18,908500,0.9673321044445038
18,908600,1.002637963294983
18,908700,0.963873018026352
18,908800,0.9722635138034821
18,908900,0.9628396970033646
18,909000,0.9056688612699508
18,909100,0.9404172533750534
18,909200,0.8787755274772644
18,909300,0.9440194165706635
18,909400,0.9454184246063232
18,909500,0.921764817237854
18,909600,0.9614235681295394
18,909700,0.9298192578554153
18,909800,0.9218181031942367
18,909900,0.949768242239952
18,910000,0.9373500967025756
18,910100,0.9212030309438706
18,910200,1.033006911277771
18,910300,0.9615231239795685
18,910400,0.9835951817035675
18,910500,0.931980721950531
18,910600,0.9603922760486603
18,910700,1.0315104401111603
18,910800,0.9962247323989868
18,910900,0.9635803163051605
18,911000,0.9755796045064926
18,911100,0.957749702334404
18,911200,0.9772533988952636
18,911300,1.1152861267328262
18,911400,0.9529220813512802
18,911500,0.9730533123016357
18,911600,0.9654012137651443
18,911700,0.9281831949949264
18,911800,0.9844384849071502
18,911900,0.9821330893039704
18,912000,0.9493744337558746
18,912100,0.9422954058647156
18,912200,0.9764122027158737
18,912300,0.9968088501691819
18,912400,1.080880098938942
18,912500,0.9709222841262818
18,912600,0.9395471811294556
18,912700,0.9593288689851761
18,912800,0.8666338890790939
18,912900,0.9229817086458206
18,913000,0.9401952928304672
18,913100,0.9036067479848862
18,913200,0.8939439362287521
18,913300,0.9331248950958252
18,913400,0.9258484292030335
18,913500,1.0129713433980942
18,913600,0.8935446101427078
18,913700,0.9527116751670838
18,913800,0.9725828379392624
18,913900,0.914309755563736
18,914000,0.9661037510633469
18,914100,0.9761097681522369
18,914200,0.9827313154935837
18,914300,0.9552233636379241
18,914400,0.9697757291793824
18,914500,0.9382036405801774
18,914600,1.041122237443924
18,914700,0.9579001438617706
18,914800,0.9304121837019921
18,914900,0.9321018815040588
18,915000,0.9249613291025162
18,915100,0.9589354205131531
18,915200,1.0961990827322006
18,915300,0.9757570743560791
18,915400,0.9498117065429688
18,915500,0.9724956643581391
18,915600,0.943684698343277
18,915700,0.9445506137609482
18,915800,0.9829952716827393
18,915900,0.952646353840828
18,916000,0.9302506005764007
18,916100,0.9217808300256729
18,916200,0.9760157775878906
18,916300,1.0130823236703872
18,916400,0.9568343067169189
18,916500,0.9163555246591568
18,916600,0.919059916138649
18,916700,0.9713071006536483
18,916800,0.8959360414743424
18,916900,0.9485818701982498
18,917000,0.9013729166984558
18,917100,0.92748051404953
18,917200,0.9636765462160111
18,917300,0.9561538964509964
18,917400,0.9675569778680801
19,917500,0.7538413190841675
19,917600,0.7955566066503524
19,917700,0.8332009893655777
19,917800,0.8383053702116012
19,917900,0.8837340325117111
19,918000,0.9200640696287156
19,918100,0.8860569208860397
19,918200,0.8145534390211105
19,918300,0.8962273734807968
19,918400,0.8555231010913849
19,918500,0.7973623639345169
19,918600,0.8533360707759857
19,918700,0.9092614674568176
19,918800,0.9022830140590667
19,918900,0.9492861747741699
19,919000,0.8000502973794937
19,919100,0.8031092154979705
19,919200,1.0238579759001731
19,919300,1.0428675097227096
19,919400,0.9649873119592667
19,919500,0.865097485780716
19,919600,0.9291443032026291
19,919700,0.9044418406486511
19,919800,0.9494101935625077
19,919900,0.9515624392032623
19,920000,0.8210791838169098
19,920100,0.8827013832330703
19,920200,0.9895454853773117
19,920300,1.0868835335969924
19,920400,0.9559384483098984
19,920500,0.8668084341287613
19,920600,0.9213010627031326
19,920700,0.9065360361337662
19,920800,0.9193246138095855
19,920900,0.9505462944507599
19,921000,0.8605782890319824
19,921100,0.9113479870557785
19,921200,0.8930914986133576
19,921300,0.8370387715101242
19,921400,0.868805422782898
19,921500,0.8985253703594208
19,921600,0.9257266765832901
19,921700,0.8928036940097809
19,921800,0.7881992495059967
19,921900,0.8966294604539872
19,922000,0.9769548869132996
19,922100,1.1331790232658385
19,922200,0.9049122488498688
19,922300,0.9691283583641053
19,922400,0.8944672030210495
19,922500,0.8864506930112839
19,922600,0.9250317758321762
19,922700,0.8357174855470657
19,922800,0.8524993669986725
19,922900,1.0086360675096513
19,923000,1.155993651151657
19,923100,1.2988064247369766
19,923200,1.097850528359413
19,923300,0.9457590478658676
19,923400,0.9549426597356796
19,923500,0.9941463959217072
19,923600,1.0010018545389174
19,923700,0.9473969626426697
19,923800,0.947617654800415
19,923900,0.9689751023054123
19,924000,0.8921502232551575
19,924100,0.9527160590887069
19,924200,1.013347442150116
19,924300,1.0284617412090302
19,924400,0.9665055012702942
19,924500,0.9513020831346511
19,924600,0.9188299545645714
19,924700,0.9518201535940171
19,924800,0.951738149523735
19,924900,0.9899770730733871
19,925000,0.9726373165845871
19,925100,0.9624237143993377
19,925200,0.9971660578250885
19,925300,0.9376517939567566
19,925400,0.8918400359153748
19,925500,0.9594950914382935
19,925600,1.0510848999023437
19,925700,0.975613214969635
19,925800,0.9569125103950501
19,925900,0.9346069353818893
19,926000,0.9098313498497009
19,926100,0.9231760203838348
19,926200,1.0139808988571166
19,926300,0.9212938493490219
19,926400,0.9432359069585801
19,926500,0.9403016686439514
19,926600,0.9073830908536911
19,926700,0.9231207007169724
19,926800,0.9042490994930268
19,926900,0.9747218006849289
19,927000,0.9138884180784226
19,927100,0.8701526010036469
19,927200,0.9255170124769211
19,927300,0.9118718957901001
19,927400,0.9355328285694122
19,927500,0.9404607832431793
19,927600,0.9082534223794937
19,927700,0.9563197582960129
19,927800,0.9325845992565155
19,927900,0.9505474996566773
19,928000,0.9443794637918472
19,928100,0.8917376112937927
19,928200,0.9988428097963333
19,928300,0.9927710431814194
19,928400,0.9890410560369491
19,928500,0.9543508589267731
19,928600,1.0091791170835496
19,928700,0.9458576554059982
19,928800,0.993354224562645
19,928900,0.96087346971035
19,929000,1.0370053803920747
19,929100,1.0041863012313843
19,929200,0.9734691280126572
19,929300,0.921071109175682
19,929400,0.9178435093164444
19,929500,0.9195243388414382
19,929600,1.0073406267166138
19,929700,1.0022222536802292
19,929800,0.9327914732694625
19,929900,0.98892065346241
19,930000,0.9405933147668839
19,930100,0.9258366411924362
19,930200,0.9184757906198502
19,930300,1.0535776674747468
19,930400,0.9402363365888595
19,930500,0.9860874491930008
19,930600,0.9427420353889465
19,930700,0.9302743995189666
19,930800,0.971469863653183
19,930900,0.9479071909189224
19,931000,0.951988645195961
19,931100,0.9480164766311645
19,931200,0.9219509041309357
19,931300,0.9625957423448562
19,931400,0.9471802508831024
19,931500,0.9397810739278794
19,931600,0.9764235013723374
19,931700,0.9149586087465287
19,931800,0.9100303041934967
19,931900,0.9293804460763931
19,932000,0.9489483869075775
19,932100,0.9772101837396622
19,932200,1.0120954114198684
19,932300,0.9234791356325149
19,932400,0.9649921923875808
19,932500,0.9177350783348084
19,932600,0.9944339007139206
19,932700,1.0408411514759064
19,932800,1.0563913941383363
19,932900,0.9837777996063233
19,933000,1.0242813396453858
19,933100,0.9402698892354965
19,933200,0.9689701813459396
19,933300,0.9793720644712448
19,933400,1.0614892357587815
19,933500,0.9874543231725693
19,933600,1.0031817525625228
19,933700,0.9215497142076492
19,933800,0.9943156856298446
19,933900,1.0617244333028792
19,934000,1.0298101752996445
19,934100,0.9420117980241776
19,934200,0.9998607748746872
19,934300,0.9479331612586975
19,934400,1.0235272336006165
19,934500,1.01144389629364
19,934600,0.9962614405155182
19,934700,0.9382981365919113
19,934800,0.9820441395044327
19,934900,0.9610993957519531
19,935000,0.9578881561756134
19,935100,0.9607294303178787
19,935200,1.0126807928085326
19,935300,0.9165643382072449
19,935400,0.9466945481300354
19,935500,0.9785474646091461
19,935600,0.9668916374444961
19,935700,0.905165142416954
19,935800,1.012871760725975
19,935900,0.8706340283155442
19,936000,0.9443316686153412
19,936100,0.9623304969072342
19,936200,1.0008565360307693
19,936300,0.9888194978237153
19,936400,0.9833950883150101
19,936500,0.9562082725763321
19,936600,0.9940376955270768
19,936700,0.9350223940610886
19,936800,0.9641266971826553
19,936900,0.9440192073583603
19,937000,0.9915900284051895
19,937100,0.9154819571971893
19,937200,0.978329467177391
19,937300,0.9292071461677551
19,937400,0.9769844943284989
19,937500,0.9939187175035477
19,937600,1.0266513967514037
19,937700,0.96963672041893
19,937800,0.9569219791889191
19,937900,0.9200726246833801
19,938000,1.0016552233695983
19,938100,1.0381365686655044
19,938200,0.9011317414045333
19,938300,1.0221913403272629
19,938400,0.9414633637666703
19,938500,0.9639775305986404
19,938600,1.0618416786193847
19,938700,1.0183075720071793
19,938800,0.9189383101463318
19,938900,0.9678917288780212
19,939000,0.9033952617645263
19,939100,0.9433960217237473
19,939200,1.0118557900190353
19,939300,0.9634023302793503
19,939400,0.9670242643356324
19,939500,0.9410997617244721
19,939600,0.8885328334569931
19,939700,0.9339223778247834
19,939800,0.9274303549528122
19,939900,0.8724691760540009
19,940000,0.8808460748195648
19,940100,0.9522546660900116
19,940200,0.9367778939008713
19,940300,0.9153061378002166
19,940400,0.9950956064462662
19,940500,0.9781376093626022
19,940600,0.9534287291765213
19,940700,0.9207727456092835
19,940800,0.9388018679618836
19,940900,0.9125843507051468
19,941000,0.9929527920484543
19,941100,0.9932358872890472
19,941200,0.923376994729042
19,941300,1.0208287751674652
19,941400,0.9553155815601349
19,941500,0.9046534460783004
19,941600,1.0323713105916976
19,941700,1.0047530901432038
19,941800,0.9109060913324356
19,941900,0.9301124000549317
19,942000,0.9082246214151383
19,942100,0.9483085602521897
19,942200,1.0577834486961364
19,942300,0.9956737101078034
19,942400,0.996411697268486
19,942500,1.0068266934156418
19,942600,0.9570893108844757
19,942700,0.9490787374973297
19,942800,0.9974138551950454
19,942900,0.9695880663394928
19,943000,0.956925750374794
19,943100,0.9524082636833191
19,943200,0.9621503376960754
19,943300,0.9788886380195617
19,943400,0.9616612112522125
19,943500,0.9080288881063461
19,943600,0.9729579281806946
19,943700,0.9337517338991165
19,943800,0.9589090591669083
19,943900,0.8903657156229019
19,944000,0.9397540354728698
19,944100,0.9844950932264328
19,944200,0.9116774529218674
19,944300,0.9270145374536515
19,944400,0.9282890230417251
19,944500,0.8836360943317413
19,944600,0.9635834330320359
19,944700,0.9848868370056152
19,944800,0.929948046207428
19,944900,0.9666835248470307
19,945000,0.944765145778656
19,945100,0.9576694858074188
19,945200,0.9323703992366791
19,945300,1.0243776321411133
19,945400,0.9839982163906097
19,945500,0.9955072194337845
19,945600,0.9542339831590653
19,945700,0.9376802748441696
19,945800,0.9453508818149566
19,945900,1.0114136469364166
19,946000,0.9703051084280014
19,946100,0.986765518784523
19,946200,0.9619218486547471
19,946300,0.9539820176362991
19,946400,0.9381137645244598
19,946500,1.0117879289388656
19,946600,1.0195964908599853
19,946700,0.9639051109552383
19,946800,0.9231888258457184
19,946900,0.9355656003952026
19,947000,1.0000950175523757
19,947100,0.9750057649612427
19,947200,1.0218030989170075
19,947300,0.9851790583133697
19,947400,0.9671155613660812
19,947500,0.9137755620479584
19,947600,0.9480310863256455
19,947700,0.8788058012723923
19,947800,1.0056511682271958
19,947900,0.933040799498558
19,948000,0.9487634426355362
19,948100,0.917192867398262
19,948200,0.9118076068162918
19,948300,0.8869787937402726
19,948400,0.9264809340238571
19,948500,0.9310276013612747
19,948600,0.9614704096317291
19,948700,0.9045253044366837
19,948800,0.9788541215658187
19,948900,0.928431134223938
19,949000,0.9358550131320953
19,949100,1.0842247766256332
19,949200,0.9552499401569366
19,949300,0.9302618443965912
19,949400,0.9650761115550995
19,949500,0.9427745002508163
19,949600,0.9760077273845673
19,949700,1.0439291822910308
19,949800,0.9900090724229813
19,949900,0.9519725301861763
19,950000,1.0181786298751831
19,950100,0.958786334991455
19,950200,0.9917147791385651
19,950300,1.016446783542633
19,950400,1.006404595375061
19,950500,0.9375672137737274
19,950600,0.9423508155345917
19,950700,1.0147848522663117
19,950800,1.0516903173923493
19,950900,0.9743430256843567
19,951000,0.9836697101593017
19,951100,0.9762377649545669
19,951200,0.9545549875497819
19,951300,0.9537135535478591
19,951400,0.9546921956539154
19,951500,0.9888994508981704
19,951600,0.9708226042985916
19,951700,0.9303486806154251
19,951800,0.9641805845499039
19,951900,0.975201724767685
19,952000,0.9792708379030227
19,952100,0.9495272153615951
19,952200,0.9509695893526078
19,952300,0.9708475029468536
19,952400,0.933251280784607
19,952500,0.9876336926221847
19,952600,0.939425312280655
19,952700,0.8983053839206696
19,952800,0.9229241794347763
19,952900,0.9039393198490143
19,953000,1.0084952181577682
19,953100,0.9802052628993988
19,953200,0.9169168978929519
19,953300,0.9521494406461716
19,953400,0.9081193244457245
19,953500,1.000899469256401
19,953600,1.0045749360322953
19,953700,1.0609556847810746
19,953800,0.9446479785442352
19,953900,0.9380204266309738
19,954000,0.9458091944456101
19,954100,1.039132507443428
19,954200,1.031289491057396
19,954300,0.9866207075119019
19,954400,1.012757054567337
19,954500,0.9158549350500107
19,954600,0.9540892690420151
19,954700,0.9905423897504807
19,954800,0.9597921043634414
19,954900,0.9488757574558258
19,955000,0.9703636926412582
19,955100,0.9606120032072067
19,955200,0.9599268442392349
19,955300,1.0213742870092393
19,955400,1.0475420451164246
19,955500,0.9699932837486267
19,955600,0.9501714813709259
19,955700,0.964433507323265
19,955800,0.9875732707977295
19,955900,0.9506741350889206
19,956000,0.9980964320898056
19,956100,0.936768632531166
19,956200,0.8835254788398743
19,956300,0.9484254151582718
19,956400,0.9260457408428192
19,956500,0.9064872694015503
19,956600,0.9116112059354782
19,956700,0.9534154707193374
19,956800,0.9596366316080094
19,956900,0.9286349940299988
19,957000,0.9350534176826477
19,957100,0.9333799278736115
19,957200,0.9008795464038849
19,957300,0.9435710561275482
19,957400,0.9527029526233673
19,957500,1.036287190914154
19,957600,1.0076294130086898
19,957700,1.0217705762386322
19,957800,0.9477721351385117
19,957900,0.9665456718206406
19,958000,1.0310881346464158
19,958100,1.0090803319215775
19,958200,0.9945973289012909
19,958300,0.953705205321312
19,958400,0.9875260913372039
19,958500,0.9837867891788483
19,958600,0.9967763859033585
19,958700,1.0094401782751083
19,958800,0.9469445663690567
19,958900,0.9608658641576767
19,959000,1.0118780505657197
19,959100,1.013770022392273
19,959200,0.9399214231967926
19,959300,0.9332408487796784
19,959400,0.9568579465150833
19,959500,0.9568515342473983
19,959600,1.007781537771225
19,959700,0.9495262080430984
19,959800,0.9763577824831009
19,959900,0.9342063558101654
19,960000,0.9331270611286163
19,960100,0.9377573335170746
19,960200,0.862495978474617
19,960300,0.9414082932472229
19,960400,0.9432527786493301
19,960500,0.9131520414352416
19,960600,0.9874212086200714
19,960700,0.9272016215324402
19,960800,0.9031978911161422
19,960900,0.943150230050087
19,961000,0.9406968080997467
19,961100,0.9663217961788177
19,961200,0.981688107252121
19,961300,1.0029425120353699
19,961400,0.9300449103116989
19,961500,0.9407292127609252
19,961600,0.9795136344432831
19,961700,1.0352040565013885
19,961800,0.9737271189689636
19,961900,0.9492944175004959
19,962000,0.9798705899715423
19,962100,0.9639876991510391
19,962200,1.0214718526601791
19,962300,1.057721712589264
19,962400,0.976458557844162
19,962500,0.9527977406978607
19,962600,0.9367665868997573
19,962700,0.9456965738534927
19,962800,0.9916593742370605
19,962900,0.9735464864969253
19,963000,0.9249836331605912
19,963100,0.9711001187562942
19,963200,0.9598903173208236
19,963300,1.034793056845665
19,963400,1.0477359509468078
19,963500,0.954331505894661
19,963600,0.9462740111351013
19,963700,0.9327586680650711
19,963800,0.8843249011039734
19,963900,0.9564748764038086
19,964000,0.9106829279661178
19,964100,0.8921617597341538
19,964200,0.8912145018577575
19,964300,0.9352011042833328
19,964400,0.9538331073522568
19,964500,0.9679513823986053
19,964600,0.9028471440076828
19,964700,0.9558139193058014
19,964800,0.9773276072740554
19,964900,0.923661242723465
19,965000,0.968167410492897
19,965100,0.9717822915315628
19,965200,0.9508642470836639
19,965300,0.9556627309322357
19,965400,0.9523089110851288
19,965500,0.9660897916555404
19,965600,1.026654354929924
19,965700,0.9496915060281753
19,965800,0.9234063902497291
19,965900,0.914806444644928
19,966000,0.9418400579690933
19,966100,1.0068032091856003
19,966200,1.0324655014276505
19,966300,0.9881739437580108
19,966400,0.9388414627313614
19,966500,0.9839388447999954
19,966600,0.9344028353691101
19,966700,0.9573490208387375
19,966800,0.9563267916440964
19,966900,0.954307541847229
19,967000,0.9304223817586899
19,967100,0.9181338483095169
19,967200,0.9853286099433899
19,967300,1.0110947024822234
19,967400,0.9316156619787216
19,967500,0.9113116562366486
19,967600,0.9737384277582168
19,967700,0.9212675017118453
19,967800,0.9121083277463913
19,967900,0.9222048783302307
19,968000,0.913739287853241
19,968100,0.9090145015716553
19,968200,0.9608011943101883
19,968300,0.963998167514801
20,968400,0.24905132234096528
20,968500,0.7724742335081101
20,968600,0.7992429110407829
20,968700,0.8414799386262893
20,968800,0.8462299203872681
20,968900,0.8988023728132248
20,969000,0.9070632064342499
20,969100,0.8623998349905014
20,969200,0.8250286102294921
20,969300,0.9096708661317825
20,969400,0.8049165898561478
20,969500,0.8251971006393433
20,969600,0.8652367967367173
20,969700,0.8835182154178619
20,969800,0.9377754926681519
20,969900,0.9401690077781677
20,970000,0.7274444359540939
20,970100,0.8140357133746147
20,970200,1.1079278218746185
20,970300,1.0585351693630218
20,970400,0.8997186237573623
20,970500,0.8860474240779876
20,970600,0.9409217935800552
20,970700,0.8692576164007186
20,970800,0.9797138768434525
20,970900,0.9243761390447617
20,971000,0.8133971726894379
20,971100,0.9078877663612366
20,971200,1.031620915532112
20,971300,1.0636188185214996
20,971400,0.8910346311330796
20,971500,0.8725740170478821
20,971600,0.935803416967392
20,971700,0.8990041744709015
20,971800,0.9352674299478531
20,971900,0.9394903695583343
20,972000,0.821225757598877
20,972100,0.9371364587545394
20,972200,0.8700180238485337
20,972300,0.8382015979290008
20,972400,0.8428404575586319
20,972500,0.9228705817461014
20,972600,0.964258330464363
20,972700,0.8007480609416961
20,972800,0.8067655396461487
20,972900,0.9164322525262832
20,973000,1.0865214878320695
20,973100,1.0373558682203292
20,973200,0.916263182759285
20,973300,0.9592614841461181
20,973400,0.8982596319913864
20,973500,0.8759869033098221
20,973600,0.9192984479665757
20,973700,0.7816769194602966
20,973800,0.8844434404373169
20,973900,1.0707332241535186
20,974000,1.1341655898094176
20,974100,1.3791658085584642
20,974200,0.981519740819931
20,974300,0.9318864822387696
20,974400,0.9812920302152633
20,974500,1.002761327624321
20,974600,0.9752509838342667
20,974700,0.9426565581560135
20,974800,0.9842208480834961
20,974900,0.8928448718786239
20,975000,0.9161115980148316
20,975100,0.9677349382638931
20,975200,1.0244778555631637
20,975300,1.0332796895503997
20,975400,0.9176388442516327
20,975500,0.9641514909267426
20,975600,0.9345307531952858
20,975700,0.9160874944925308
20,975800,0.9621803134679794
20,975900,0.9987119251489639
20,976000,0.9361464732885361
20,976100,1.0042261576652527
20,976200,0.9670533782243729
20,976300,0.9311631441116333
20,976400,0.8794551455974579
20,976500,1.0128082996606826
20,976600,1.044036728143692
20,976700,0.9305102920532227
20,976800,0.9406577742099762
20,976900,0.930538825392723
20,977000,0.928252701163292
20,977100,0.9516723710298538
20,977200,0.9793410408496857
20,977300,0.9164751923084259
20,977400,0.9682739132642746
20,977500,0.8945944792032242
20,977600,0.9191343760490418
20,977700,0.9031591022014618
20,977800,0.9355042594671249
20,977900,0.9663941794633866
20,978000,0.8727654629945755
20,978100,0.8766955327987671
20,978200,0.9146946996450425
20,978300,0.9273919600248337
20,978400,0.9294862097501755
20,978500,0.9293872821331024
20,978600,0.9282896119356155
20,978700,0.9536890816688538
20,978800,0.91315181016922
20,978900,0.9674593532085418
20,979000,0.9310683262348175
20,979100,0.9071141469478607
20,979200,0.9950153690576553
20,979300,0.9928112363815308
20,979400,0.9808024913072586
20,979500,0.9565527337789536
20,979600,1.008029437661171
20,979700,0.93900151014328
20,979800,0.9702010172605514
20,979900,0.9888255763053894
20,980000,1.0727510607242585
20,980100,0.9462576460838318
20,980200,0.9594939547777176
20,980300,0.9213676065206527
20,980400,0.8920635467767716
20,980500,0.9536234629154205
20,980600,1.0029224663972856
20,980700,0.9946190232038498
20,980800,0.9359345865249634
20,980900,0.9684041982889176
20,981000,0.9235132348537445
20,981100,0.9176812440156936
20,981200,0.9680614238977432
20,981300,1.0177455085515976
20,981400,0.9316395455598832
20,981500,0.9939009869098663
20,981600,0.9145350003242493
20,981700,0.9447680401802063
20,981800,0.9567075395584106
20,981900,0.962978138923645
20,982000,0.920768529176712
20,982100,0.9573587077856064
20,982200,0.9136653435230255
20,982300,0.977032795548439
20,982400,0.9231426572799682
20,982500,0.9620424276590347
20,982600,0.9516607987880706
20,982700,0.8958340626955033
20,982800,0.9326123583316803
20,982900,0.9462735617160797
20,983000,0.93472547352314
20,983100,0.9921386671066285
20,983200,0.9742000299692154
20,983300,0.9274388664960861
20,983400,0.9580991464853287
20,983500,0.9363523787260055
20,983600,1.003778663277626
20,983700,1.028344458937645
20,983800,1.0491086727380752
20,983900,0.9639860582351685
20,984000,1.0101615643501283
20,984100,0.9525179195404053
20,984200,0.9566438031196595
20,984300,1.0131172311306
20,984400,1.037085116505623
20,984500,1.0019168835878371
20,984600,0.9423015546798706
20,984700,0.9455208390951156
20,984800,0.980352531671524
20,984900,1.1075882929563523
20,985000,0.9854699575901031
20,985100,0.9753931558132172
20,985200,0.9649915862083435
20,985300,0.9650416600704194
20,985400,1.0142295014858247
20,985500,1.0038960427045822
20,985600,0.9924702000617981
20,985700,0.9436614310741425
20,985800,0.9597630923986435
20,985900,0.9549877631664276
20,986000,0.9543180024623871
20,986100,0.9846388363838195
20,986200,0.9732334154844284
20,986300,0.9262908875942231
20,986400,0.9432971060276032
20,986500,0.9622062557935714
20,986600,0.9704104596376419
20,986700,0.9299701029062271
20,986800,0.9574670737981796
20,986900,0.898795080780983
20,987000,0.9295906639099121
20,987100,1.0029069048166275
20,987200,0.9696297860145568
20,987300,0.9814906626939773
20,987400,0.9959305161237717
20,987500,0.9379233419895172
20,987600,0.9769573485851288
20,987700,0.9505016434192658
20,987800,0.9338260817527771
20,987900,0.9826742547750473
20,988000,0.9359497958421708
20,988100,0.9570047050714493
20,988200,0.9334193420410156
20,988300,0.9522211796045303
20,988400,0.9797573733329773
20,988500,1.0340069168806076
20,988600,0.9959832990169525
20,988700,0.9499777168035507
20,988800,0.942882645726204
20,988900,0.9275618052482605
20,989000,1.0367090123891831
20,989100,0.9699156588315964
20,989200,0.9152874666452407
20,989300,1.0065868532657622
20,989400,0.9667028909921647
20,989500,0.9767868781089782
20,989600,1.0404380279779435
20,989700,0.9702853918075561
20,989800,0.9767941135168076
20,989900,0.9309238421916962
20,990000,0.8821166735887528
20,990100,0.9977641004323959
20,990200,0.97663234770298
20,990300,0.9341467422246933
20,990400,0.9824144178628922
20,990500,0.9293688648939132
20,990600,0.8848854315280914
20,990700,0.9315531527996064
20,990800,0.9073628127574921
20,990900,0.8709087860584259
20,991000,0.8893710601329804
20,991100,0.9543031537532807
20,991200,0.9063915085792541
20,991300,0.9635811245441437
20,991400,0.9966985183954239
20,991500,0.93826475918293
20,991600,0.9400952851772308
20,991700,0.9367180371284485
20,991800,0.932218427658081
20,991900,0.9252129703760147
20,992000,0.9977329999208451
20,992100,0.9608774203062057
20,992200,0.9445825558900833
20,992300,1.0080318135023116
20,992400,0.9318250811100006
20,992500,0.9274290990829468
20,992600,1.033879553079605
20,992700,0.9686086505651474
20,992800,0.9188501626253128
20,992900,0.9234332573413849
20,993000,0.9151573771238327
20,993100,0.9704371672868729
20,993200,1.0354761600494384
20,993300,0.9876867586374283
20,993400,0.9914900469779968
20,993500,1.0045779711008072
20,993600,0.943337864279747
20,993700,0.9544790726900101
20,993800,1.0027504152059554
20,993900,0.9544822502136231
20,994000,0.9598147732019424
20,994100,0.9232423025369644
20,994200,0.9793259084224701
20,994300,0.9765063846111297
20,994400,0.9380768871307373
20,994500,0.9261729961633682
20,994600,0.9663308233022689
20,994700,0.9361822086572648
20,994800,0.9284922951459884
20,994900,0.87521404504776
20,995000,0.9838332593441009
20,995100,0.9167377370595932
20,995200,0.9413871949911118
20,995300,0.9190443241596222
20,995400,0.9260382598638535
20,995500,0.8791425096988678
20,995600,0.9682015484571457
20,995700,0.9675170677900314
20,995800,0.9544614779949189
20,995900,0.955469177365303
20,996000,0.9403486400842667
20,996100,0.9157126146554947
20,996200,0.9743676537275314
20,996300,1.0118219059705735
20,996400,0.9996195793151855
20,996500,0.9295308387279511
20,996600,0.9607824832201004
20,996700,0.957436916232109
20,996800,0.9433687198162078
20,996900,1.0176515024900437
20,997000,0.9275878036022186
20,997100,0.9999872130155564
20,997200,0.9533529680967331
20,997300,0.9456639033555985
20,997400,0.9500118494033813
20,997500,1.0660302585363388
20,997600,0.9556382715702056
20,997700,0.9569824916124344
20,997800,0.9284399282932282
20,997900,0.9355690222978592
20,998000,0.9508323591947555
20,998100,1.0081498527526855
20,998200,1.0453388160467147
20,998300,0.952558370232582
20,998400,0.9424883890151977
20,998500,0.9322442322969436
20,998600,0.9138996607065201
20,998700,0.900394161939621
20,998800,0.9900074434280396
20,998900,0.9331574696302414
20,999000,0.9469841879606247
20,999100,0.8905727332830429
20,999200,0.9069969743490219
20,999300,0.8961449283361435
20,999400,0.9478696793317795
20,999500,0.9119694018363953
20,999600,0.9389833694696427
20,999700,0.9385547983646393
20,999800,0.9698686528205872
20,999900,0.8964630299806595
20,1000000,1.012111282348633
20,1000100,1.0109218871593475
20,1000200,0.9607826340198516
20,1000300,0.9480749976634979
20,1000400,0.9338324624300003
20,1000500,0.9368753677606583
20,1000600,0.9971001708507538
20,1000700,1.025151686668396
20,1000800,1.0033565807342528
20,1000900,0.9358419579267502
20,1001000,1.0203298789262771
20,1001100,0.944247465133667
20,1001200,0.9930612975358963
20,1001300,1.0183383977413178
20,1001400,0.9676761943101883
20,1001500,0.9355027896165847
20,1001600,0.9638805735111237
20,1001700,1.0210439455509186
20,1001800,1.035586466193199
20,1001900,0.964360065460205
20,1002000,0.985313149690628
20,1002100,0.9606161892414093
20,1002200,0.9369392240047455
20,1002300,0.9651108705997467
20,1002400,0.9532563871145249
20,1002500,0.9757786643505096
20,1002600,0.9769571578502655
20,1002700,0.8998637527227402
20,1002800,1.0031113374233245
20,1002900,0.9478866773843765
20,1003000,0.9732696807384491
20,1003100,0.9660480642318725
20,1003200,0.9563392674922944
20,1003300,0.9344892209768295
20,1003400,0.9319561749696732
20,1003500,0.9851483869552612
20,1003600,0.9026294606924057
20,1003700,0.9064155519008636
20,1003800,0.9267178684473037
20,1003900,0.9129793953895569
20,1004000,1.0028143686056137
20,1004100,0.9660214519500733
20,1004200,0.9399832445383072
20,1004300,0.925371208190918
20,1004400,0.9139660197496414
20,1004500,1.0193275958299637
20,1004600,0.9713012725114822
20,1004700,1.03519071996212
20,1004800,0.9572877103090286
20,1004900,0.9192278778553009
20,1005000,0.9803895252943039
20,1005100,1.0173979902267456
20,1005200,1.0472508311271667
20,1005300,0.9599191725254059
20,1005400,0.9835270553827286
20,1005500,0.924571196436882
20,1005600,0.9584295964241027
20,1005700,0.9731722474098206
20,1005800,0.9879353451728821
20,1005900,0.9459398144483566
20,1006000,0.9220425659418106
20,1006100,0.9860569494962692
20,1006200,0.9499365043640137
20,1006300,1.0133703601360322
20,1006400,1.0636661809682846
20,1006500,0.9629888820648194
20,1006600,0.9067847990989685
20,1006700,1.0085720920562744
20,1006800,0.9647579467296601
20,1006900,0.9864552795886994
20,1007000,0.9394295966625213
20,1007100,0.9122279417514801
20,1007200,0.9120685476064682
20,1007300,0.929806930422783
20,1007400,0.9259243023395538
20,1007500,0.8691528177261353
20,1007600,0.9249783909320831
20,1007700,0.9676113557815552
20,1007800,0.9528918814659119
20,1007900,0.9295731759071351
20,1008000,0.9191944867372512
20,1008100,0.9043979269266128
20,1008200,0.9215277820825577
20,1008300,0.9557290208339692
20,1008400,0.9547094380855561
20,1008500,1.0345004296302795
20,1008600,0.9990084087848663
20,1008700,0.9947492897510528
20,1008800,0.9699067741632461
20,1008900,0.9574042886495591
20,1009000,1.0341030752658844
20,1009100,0.9966556966304779
20,1009200,0.9775769847631455
20,1009300,0.9501349532604217
20,1009400,0.979108099937439
20,1009500,0.9889379495382309
20,1009600,0.9879187351465225
20,1009700,1.0080790334939957
20,1009800,0.9197608721256256
20,1009900,0.9825795102119446
20,1010000,1.0108166867494583
20,1010100,0.9765101444721221
20,1010200,0.9121854901313782
20,1010300,0.954428659081459
20,1010400,0.9500071805715561
20,1010500,0.9722765934467316
20,1010600,0.9802023684978485
20,1010700,0.9532767450809478
20,1010800,0.9729011088609696
20,1010900,0.9143133538961411
20,1011000,0.9385303992033005
20,1011100,0.911698762178421
20,1011200,0.8917021507024765
20,1011300,0.9294639676809311
20,1011400,0.9401343405246735
20,1011500,0.9110647344589233
20,1011600,0.963608016371727
20,1011700,0.9147665733098984
20,1011800,0.9412759917974473
20,1011900,0.9228054893016815
20,1012000,0.9184777408838272
20,1012100,1.0020050030946732
20,1012200,0.9726492595672608
20,1012300,0.9768169444799423
20,1012400,0.9221163368225098
20,1012500,0.9451577568054199
20,1012600,0.981138288974762
20,1012700,1.0377489060163498
20,1012800,0.9691738748550415
20,1012900,0.9413563728332519
20,1013000,0.9576907205581665
20,1013100,0.9646787291765213
20,1013200,1.0937222522497176
20,1013300,0.9668281906843186
20,1013400,0.967134211063385
20,1013500,0.9723723238706589
20,1013600,0.9074621647596359
20,1013700,0.9669547790288925
20,1013800,1.0056846821308136
20,1013900,0.9245834070444107
20,1014000,0.9397905617952347
20,1014100,0.9730222153663636
20,1014200,0.9530470752716065
20,1014300,1.0663004559278488
20,1014400,1.0047134751081466
20,1014500,0.9387375664710998
20,1014600,0.9350210529565811
20,1014700,0.9082057857513428
20,1014800,0.8974563020467758
20,1014900,0.9588777035474777
20,1015000,0.8843413943052292
20,1015100,0.8854595124721527
20,1015200,0.921319078207016
20,1015300,0.9205398935079575
20,1015400,0.9938542914390563
20,1015500,0.9058381122350693
20,1015600,0.9106910979747772
20,1015700,0.9630540919303894
20,1015800,0.9487897849082947
20,1015900,0.9256964838504791
20,1016000,0.9843139326572419
20,1016100,0.9595932823419571
20,1016200,0.9538712745904923
20,1016300,0.9484950685501099
20,1016400,0.9461001080274581
20,1016500,0.9932465136051178
20,1016600,1.002541880607605
20,1016700,0.9274064087867737
20,1016800,0.9163919937610626
20,1016900,0.9001092332601547
20,1017000,0.9535034584999085
20,1017100,1.076255232691765
20,1017200,0.9511672455072403
20,1017300,0.9850790935754776
20,1017400,0.9382948386669159
20,1017500,0.9660816568136216
20,1017600,0.921807491183281
20,1017700,0.9718083941936493
20,1017800,0.9318176287412644
20,1017900,0.9493199598789215
20,1018000,0.9188486623764038
20,1018100,0.9440746992826462
20,1018200,0.9815629500150681
20,1018300,0.9897207397222519
20,1018400,0.9250860387086868
20,1018500,0.886029252409935
20,1018600,0.9888324177265168
20,1018700,0.8859341728687287
20,1018800,0.9349627375602723
20,1018900,0.8943007755279541
20,1019000,0.9014871090650558
20,1019100,0.9479281651973724
20,1019200,0.9576205790042878
20,1019300,0.9476617556810379
21,1019400,0.5041961580514908
21,1019500,0.7593830072879791
21,1019600,0.819233027100563
21,1019700,0.8299497944116593
21,1019800,0.8579289609193802
21,1019900,0.8965101778507233
21,1020000,0.9016226756572724
21,1020100,0.817978817820549
21,1020200,0.8662555527687072
21,1020300,0.8864659398794175
21,1020400,0.7833293852210045
21,1020500,0.8474015539884567
21,1020600,0.88240478515625
21,1020700,0.8687457340955734
21,1020800,0.9515238308906555
21,1020900,0.8775134497880935
21,1021000,0.738602956533432
21,1021100,0.8898402261734009
21,1021200,1.0783502328395844
21,1021300,1.0106052994728087
21,1021400,0.900744451880455
21,1021500,0.8763808673620224
21,1021600,0.9284856057167054
21,1021700,0.8948306626081467
21,1021800,0.9769532316923142
21,1021900,0.8396265357732773
21,1022000,0.8612654864788055
21,1022100,0.9263056004047394
21,1022200,1.0576443898677825
21,1022300,1.007969560623169
21,1022400,0.8769991666078567
21,1022500,0.8937435334920883
21,1022600,0.9058651047945022
21,1022700,0.8976894640922546
21,1022800,0.9387261408567429
21,1022900,0.8941045200824738
21,1023000,0.8750640934705735
21,1023100,0.9016830813884735
21,1023200,0.8307378089427948
21,1023300,0.8627824211120605
21,1023400,0.8565575122833252
21,1023500,0.9276318156719208
21,1023600,0.929109850525856
21,1023700,0.7664353734254837
21,1023800,0.8496398025751114
21,1023900,0.9287191438674927
21,1024000,1.1961955708265304
21,1024100,0.8702052676677704
21,1024200,0.9544484651088715
21,1024300,0.9219274640083313
21,1024400,0.8861977922916412
21,1024500,0.8816013759374619
21,1024600,0.8973491013050079
21,1024700,0.7879188445210457
21,1024800,0.9544803100824356
21,1024900,1.076009795665741
21,1025000,1.1269771921634675
21,1025100,1.3261902916431427
21,1025200,0.9715199083089828
21,1025300,0.9307916432619094
21,1025400,0.9737679314613342
21,1025500,1.0191237044334411
21,1025600,0.9481406271457672
21,1025700,0.923706334233284
21,1025800,0.9783673590421677
21,1025900,0.8664901632070542
21,1026000,0.9296664935350418
21,1026100,1.0024441111087798
21,1026200,1.0170507675409317
21,1026300,0.9904457795619964
21,1026400,0.9069077897071839
21,1026500,0.9343322223424911
21,1026600,0.9590057128667832
21,1026700,0.920515279173851
21,1026800,0.9673680478334427
21,1026900,0.9953443896770477
21,1027000,0.9240788507461548
21,1027100,1.0166949033737183
21,1027200,0.9156355708837509
21,1027300,0.9222443598508835
21,1027400,0.9000264984369278
21,1027500,1.0338204097747803
21,1027600,1.0040456140041352
21,1027700,0.913826259970665
21,1027800,0.9453554284572602
21,1027900,0.9047013241052627
21,1028000,0.9307807236909866
21,1028100,0.9666392201185227
21,1028200,0.9421524965763092
21,1028300,0.9149929404258728
21,1028400,0.9617216598987579
21,1028500,0.8906639909744263
21,1028600,0.9064186227321624
21,1028700,0.896386843919754
21,1028800,0.9617182874679565
21,1028900,0.9414905267953873
21,1029000,0.8574258852005004
21,1029100,0.8954113739728927
21,1029200,0.9164082765579223
21,1029300,0.8997955983877182
21,1029400,0.9357967036962509
21,1029500,0.9041042166948319
21,1029600,0.9510325807332992
21,1029700,0.9216205006837845
21,1029800,0.9334742897748947
21,1029900,0.9627671641111374
21,1030000,0.8914636921882629
21,1030100,0.9342561960220337
21,1030200,1.002628309726715
21,1030300,0.9864442545175552
21,1030400,0.9541145467758179
21,1030500,0.9738671964406967
21,1030600,0.9585189294815063
21,1030700,0.9794058066606521
21,1030800,0.9326263076066971
21,1030900,1.004712764620781
21,1031000,1.0378770899772645
21,1031100,0.9499382913112641
21,1031200,0.9363912278413773
21,1031300,0.9056617230176925
21,1031400,0.90757643699646
21,1031500,0.9731770640611649
21,1031600,1.0039218312501907
21,1031700,0.9383567219972611
21,1031800,0.9465744173526764
21,1031900,0.9363771677017212
21,1032000,0.9551242107152939
21,1032100,0.8979555237293243
21,1032200,1.0164741218090056
21,1032300,0.9568070042133331
21,1032400,0.9507676512002945
21,1032500,0.9629056394100189
21,1032600,0.8987403684854507
21,1032700,0.9670881772041321
21,1032800,0.944364772439003
21,1032900,0.9577840936183929
21,1033000,0.8967297691106796
21,1033100,0.9378184795379638
21,1033200,0.9536242753267288
21,1033300,0.9559570044279099
21,1033400,0.8996197777986527
21,1033500,0.9877804416418076
21,1033600,0.9207563161849975
21,1033700,0.8958066689968109
21,1033800,0.9130918365716935
21,1033900,0.951820598244667
21,1034000,0.9317240011692047
21,1034100,1.0017416006326676
21,1034200,0.9521078145503998
21,1034300,0.9392250370979309
21,1034400,0.9300301396846771
21,1034500,0.9463954323530197
21,1034600,1.0110179424285888
21,1034700,1.0478607624769212
21,1034800,1.017699562907219
21,1034900,0.9622955018281937
21,1035000,0.9916203135251999
21,1035100,0.9433465588092804
1,100,0.7556772649288177
1,200,0.754687305688858
1,300,0.7933013981580734
1,400,0.7994502127170563
1,500,0.8616281938552857
1,600,0.872626600265503
1,700,0.8450727093219758
1,800,0.7790608102083206
1,900,0.8446965020895004
1,1000,0.8140142440795899
1,1100,0.7652767416834831
1,1200,0.8130632865428925
1,1300,0.8602997106313706
1,1400,0.8627455657720566
1,1500,0.9191595107316971
1,1600,0.7495539849996566
1,1700,0.7712239569425583
1,1800,0.9836667051911354
1,1900,1.024888510107994
1,2000,0.890648365020752
1,2100,0.8326287132501602
1,2200,0.87960966527462
1,2300,0.8589962983131408
1,2400,0.9120411038398742
1,2500,0.9075285774469376
1,2600,0.7801994383335114
1,2700,0.846829365491867
1,2800,0.9622702926397324
1,2900,1.0366164982318877
1,3000,0.8925241726636887
1,3100,0.8312730729579926
1,3200,0.8838325196504593
1,3300,0.8619994276762009
1,3400,0.87612497985363
1,3500,0.9049972999095917
1,3600,0.8072979187965393
1,3700,0.8852212280035019
1,3800,0.8502702254056931
1,3900,0.8093565356731415
1,4000,0.8232856154441833
1,4100,0.8605361241102218
1,4200,0.8906954324245453
1,4300,0.8378937771916389
1,4400,0.7596303135156631
1,4500,0.8677403867244721
1,4600,0.9584395933151245
1,4700,1.0650940173864365
1,4800,0.8631633776426315
1,4900,0.9247866922616959
1,5000,0.8569267016649246
1,5100,0.8529311001300812
1,5200,0.8853514522314072
1,5300,0.7828233730793
1,5400,0.820224289894104
1,5500,0.9784084272384643
1,5600,1.1004064655303956
1,5700,1.2471687197685242
1,5800,1.0324940502643585
1,5900,0.8979481667280197
1,6000,0.9301476162672043
1,6100,0.9499907708168029
1,6200,0.95212422311306
1,6300,0.9045586919784546
1,6400,0.9116518503427505
1,6500,0.9234461188316345
1,6600,0.8606948566436767
1,6700,0.9017625617980957
1,6800,0.9776903051137924
1,6900,0.9897660338878631
1,7000,0.9222551053762436
1,7100,0.9141200745105743
1,7200,0.8842417246103287
1,7300,0.8995787870883941
1,7400,0.918242500424385
1,7500,0.944979413151741
1,7600,0.937644966840744
1,7700,0.9192537200450898
1,7800,0.9544741696119309
1,7900,0.9044373446702957
1,8000,0.8493345957994461
1,8100,0.9353985768556595
1,8200,0.9964723986387253
1,8300,0.9285801804065704
1,8400,0.913491051197052
1,8500,0.894608079791069
1,8600,0.882510496377945
1,8700,0.8889015591144562
1,8800,0.9672390842437744
1,8900,0.8757398074865341
1,9000,0.9192284137010575
1,9100,0.892807577252388
1,9200,0.8610883116722107
1,9300,0.891231923699379
1,9400,0.8744710528850556
1,9500,0.9323873871564865
1,9600,0.8572967767715454
1,9700,0.836429163813591
1,9800,0.8944008582830429
1,9900,0.8770330202579498
1,10000,0.896239788532257
1,10100,0.9003154581785202
1,10200,0.8819817632436753
1,10300,0.915372468829155
1,10400,0.8910192155838013
1,10500,0.9225017631053924
1,10600,0.905655311346054
1,10700,0.8607325500249863
1,10800,0.9576473581790924
1,10900,0.9525366050004959
1,11000,0.9454598408937455
1,11100,0.9161719697713852
1,11200,0.9689702445268631
1,11300,0.9062225019931793
1,11400,0.9571058863401413
1,11500,0.9260115212202072
1,11600,1.0156525230407716
1,11700,0.9315547943115234
1,11800,0.9348630052804947
1,11900,0.8820276826620101
1,12000,0.8834257692098617
1,12100,0.8834425568580627
1,12200,0.9672923737764358
1,12300,0.9663887518644333
1,12400,0.895048975944519
1,12500,0.940348487496376
1,12600,0.9058586388826371
1,12700,0.8903738313913345
1,12800,0.8945422440767288
1,12900,0.9991908717155457
1,13000,0.9058353960514068
1,13100,0.9500155407190323
1,13200,0.894362417459488
1,13300,0.8981245529651641
1,13400,0.940277572274208
1,13500,0.9101312375068664
1,13600,0.9060709667205811
1,13700,0.9178611558675766
1,13800,0.8891129261255264
1,13900,0.9274027854204178
1,14000,0.9059476047754288
1,14100,0.9003815466165542
1,14200,0.9464219635725022
1,14300,0.8718913811445236
1,14400,0.8863780283927918
1,14500,0.8967085754871369
1,14600,0.913063297867775
1,14700,0.9402510958909989
1,14800,0.958817338347435
1,14900,0.8938628613948822
1,15000,0.93414007127285
1,15100,0.8872339153289794
1,15200,0.9542428505420685
1,15300,0.9977725630998612
1,15400,1.0187029469013213
1,15500,0.9453535771369934
1,15600,0.9928560322523117
1,15700,0.8974474096298217
1,15800,0.9389965587854385
1,15900,0.9769657987356186
1,16000,1.0649835741519929
1,16100,0.9885939061641693
1,16200,0.9910582315921783
1,16300,0.9280943804979325
1,16400,0.9944927084445954
1,16500,1.0827088791131974
1,16600,1.017884504199028
1,16700,0.9489222097396851
1,16800,0.9991224586963654
1,16900,0.947143811583519
1,17000,1.0295338398218155
1,17100,1.010276687145233
1,17200,0.997814012169838
1,17300,0.9410529947280883
1,17400,0.9797754096984863
1,17500,0.9612293118238449
1,17600,0.9611573803424835
1,17700,0.9582072645425797
1,17800,1.01889153778553
1,17900,0.9092449671030045
1,18000,0.9488902646303177
1,18100,0.989572394490242
1,18200,0.9637208300828933
1,18300,0.9131245076656341
1,18400,1.0084795725345612
1,18500,0.8766658544540405
1,18600,0.9370286172628403
1,18700,0.9721606582403183
1,18800,0.999109891653061
1,18900,0.9875745940208435
1,19000,0.9789649945497513
1,19100,0.9511088359355927
1,19200,0.9900014287233353
1,19300,0.9448130959272385
1,19400,0.956949629187584
1,19500,0.9591443407535553
1,19600,0.9777025175094605
1,19700,0.924169675707817
1,19800,0.9717327398061752
1,19900,0.9329506307840347
1,20000,0.97924780189991
1,20100,1.0044909453392028
1,20200,1.0232481151819228
1,20300,0.9696513032913208
1,20400,0.9573590934276581
1,20500,0.9172010213136673
1,20600,1.009878986477852
1,20700,1.0332083207368852
1,20800,0.9042390292882919
1,20900,1.0185661488771438
1,21000,0.9361392843723297
1,21100,0.9748157054185868
1,21200,1.0556951397657395
1,21300,1.0070508193969727
1,21400,0.9272397238016129
1,21500,0.9645765441656112
1,21600,0.9011560648679733
1,21700,0.9594589596986771
1,21800,1.004193908572197
1,21900,0.9590273636579514
1,22000,0.9652866107225418
1,22100,0.9450677561759949
1,22200,0.8831634908914566
1,22300,0.931543053984642
1,22400,0.9287610000371933
1,22500,0.8688393348455429
1,22600,0.8768257158994675
1,22700,0.9605297845602035
1,22800,0.9289638876914978
1,22900,0.9137983763217926
1,23000,1.008332571387291
1,23100,0.9632915073633194
1,23200,0.9508356368541717
1,23300,0.9287192970514297
1,23400,0.9388115531206132
1,23500,0.9170788735151291
1,23600,0.9866011130809784
1,23700,0.9889063936471939
1,23800,0.9191100639104843
1,23900,1.0178471845388413
1,24000,0.9483626502752304
1,24100,0.9066902536153794
1,24200,1.0414474189281464
1,24300,1.001429676413536
1,24400,0.9074693197011947
1,24500,0.934935153722763
1,24600,0.9008682996034623
1,24700,0.9541708868741989
1,24800,1.0513530766963959
1,24900,0.9995369052886963
1,25000,0.9912819534540176
1,25100,1.0008916193246842
1,25200,0.9636914223432541
1,25300,0.9491017580032348
1,25400,0.9980364388227463
1,25500,0.9623887366056443
1,25600,0.9568758356571198
1,25700,0.9461865872144699
1,25800,0.9667658442258835
1,25900,0.9745969206094742
1,26000,0.9489449077844619
1,26100,0.9152674424648285
1,26200,0.9665379065275193
1,26300,0.9302312278747559
1,26400,0.9585189378261566
1,26500,0.887372973561287
1,26600,0.934552292227745
1,26700,0.9741207444667817
1,26800,0.9348449492454529
1,26900,0.9153378593921662
1,27000,0.9208750891685485
1,27100,0.8874249398708344
1,27200,0.963899381160736
1,27300,0.9870316356420517
1,27400,0.9258848977088928
1,27500,0.9733744609355927
1,27600,0.928069075345993
1,27700,0.9505690443515777
1,27800,0.942658166885376
1,27900,1.0187911570072175
1,28000,0.9800717371702194
1,28100,0.9893931430578232
1,28200,0.9458200299739837
1,28300,0.9437854272127152
1,28400,0.9447163623571396
1,28500,1.0281325143575668
1,28600,0.9463821345567703
1,28700,0.9954711252450943
1,28800,0.9509244179725647
1,28900,0.9440842646360398
1,29000,0.9434686541557312
1,29100,1.0266606569290162
1,29200,1.0031241619586944
1,29300,0.9527103507518768
1,29400,0.928248381614685
1,29500,0.9349253982305527
1,29600,0.9789318460226059
1,29700,0.9806115734577179
1,29800,1.0454937517642975
1,29900,0.9582477831840515
1,30000,0.9606775164604187
1,30100,0.9146337002515793
1,30200,0.9490759879350662
1,30300,0.8678314262628555
1,30400,0.9998417180776596
1,30500,0.9277840399742127
1,30600,0.9482636040449143
1,30700,0.9152033662796021
1,30800,0.9030540108680725
1,30900,0.8944400852918625
1,31000,0.9300653463602067
1,31100,0.9362920898199082
1,31200,0.9575613188743591
1,31300,0.9012090235948562
1,31400,0.9853479516506195
1,31500,0.9130365723371505
1,31600,0.9395424717664719
1,31700,1.077508437037468
1,31800,0.9506474876403809
1,31900,0.9428367060422898
1,32000,0.9480292981863022
1,32100,0.9390368580818176
1,32200,0.9794807147979736
1,32300,1.0489542973041535
1,32400,0.9876160162687302
1,32500,0.9368469941616059
1,32600,1.0163217478990554
1,32700,0.949041702747345
1,32800,0.9975856864452362
1,32900,1.0078034889698029
1,33000,1.002723274230957
1,33100,0.9262482178211212
1,33200,0.9445543682575226
1,33300,1.0068845176696777
1,33400,1.0470808529853821
1,33500,0.9697237086296081
1,33600,0.9700953924655914
1,33700,0.9727174019813538
1,33800,0.9483099102973938
1,33900,0.9566723692417145
1,34000,0.9484564584493637
1,34100,0.9755047398805619
1,34200,0.9781562709808349
1,34300,0.9175702971220017
1,34400,0.9671301299333572
1,34500,0.9654938316345215
1,34600,0.9746309125423431
1,34700,0.9508237493038177
1,34800,0.9598685336112976
1,34900,0.953231548666954
1,35000,0.9311184972524643
1,35100,0.9798226797580719
1,35200,0.9294282054901123
1,35300,0.8998001897335053
1,35400,0.9214429128170013
1,35500,0.8957947427034378
1,35600,1.0144472324848175
1,35700,0.9744295400381088
1,35800,0.9149705183506012
1,35900,0.9339417141675949
1,36000,0.9096761554479599
1,36100,1.004347168803215
1,36200,0.9941497135162354
1,36300,1.0572692489624023
1,36400,0.9400503367185593
1,36500,0.9254271531105042
1,36600,0.9563869404792785
1,36700,1.0259942650794982
1,36800,1.026831784248352
1,36900,0.9757298058271409
1,37000,1.008843359351158
1,37100,0.9051015102863311
1,37200,0.9504148864746094
1,37300,0.9870911598205566
1,37400,0.9668544143438339
1,37500,0.9404352742433548
1,37600,0.9617541372776032
1,37700,0.9587836027145386
1,37800,0.9570480436086655
1,37900,1.0232642036676407
1,38000,1.045246471762657
1,38100,0.9653301584720612
1,38200,0.9313600301742554
1,38300,0.9740231132507324
1,38400,0.983188893198967
1,38500,0.9435267674922944
1,38600,0.9883520424365997
1,38700,0.9299524337053299
1,38800,0.8854702347517014
1,38900,0.9399686628580093
1,39000,0.9163544625043869
1,39100,0.8962066727876663
1,39200,0.9107374900579452
1,39300,0.9445520579814911
1,39400,0.9575496417284012
1,39500,0.9163080203533173
1,39600,0.9307788848876953
1,39700,0.9239307206869125
1,39800,0.9000390982627868
1,39900,0.9348623365163803
1,40000,0.9542621594667434
1,40100,1.0357047444581986
1,40200,0.9857967978715897
1,40300,1.0138907861709594
1,40400,0.9489346396923065
1,40500,0.956536756157875
1,40600,1.029034247994423
1,40700,1.0036239737272263
1,40800,0.9780944639444351
1,40900,0.9475041556358338
1,41000,0.9925401717424392
1,41100,0.9714058423042298
1,41200,0.9828116595745087
1,41300,1.0027669447660446
1,41400,0.9317876809835434
1,41500,0.9598366457223892
1,41600,1.018248786330223
1,41700,0.9876605087518692
1,41800,0.9364944624900818
1,41900,0.930220268368721
1,42000,0.9524322527647019
1,42100,0.9505896431207657
1,42200,1.0107162064313888
1,42300,0.9360005754232407
1,42400,0.973519971370697
1,42500,0.9198911941051483
1,42600,0.9346804416179657
1,42700,0.9220121836662293
1,42800,0.8727827167510986
1,42900,0.9275390803813934
1,43000,0.9374579614400864
1,43100,0.907325981259346
1,43200,0.9863044387102127
1,43300,0.9130958545207978
1,43400,0.9102616035938262
1,43500,0.9329505676031112
1,43600,0.9288649845123291
1,43700,0.9776467645168304
1,43800,0.9676840150356293
1,43900,0.9825657433271409
1,44000,0.9192183935642242
1,44100,0.9398506492376327
1,44200,0.9790918803215027
1,44300,1.0302763181924819
1,44400,0.9680481600761414
1,44500,0.9425469720363617
1,44600,0.9674052280187607
1,44700,0.9574434214830398
1,44800,1.0266926932334899
1,44900,1.031833554506302
1,45000,0.9761483615636826
1,45100,0.9556370329856873
1,45200,0.9235557663440704
1,45300,0.9480837374925614
1,45400,0.9878768676519394
1,45500,0.9588720625638962
1,45600,0.9178103345632553
1,45700,0.9726961326599121
1,45800,0.947237536907196
1,45900,1.0315996676683425
1,46000,1.0265074610710143
1,46100,0.9554015660285949
1,46200,0.9311168259382248
1,46300,0.9236329644918442
1,46400,0.886060175895691
1,46500,0.9528567177057267
1,46600,0.8963022208213807
1,46700,0.8883884960412979
1,46800,0.8894122409820556
1,46900,0.9252549719810486
1,47000,0.9631824231147766
1,47100,0.9457905954122543
1,47200,0.8979391485452652
1,47300,0.9560802966356278
1,47400,0.9688641399145126
1,47500,0.9166637670993805
1,47600,0.9655280482769012
1,47700,0.9601130187511444
1,47800,0.9441103720664978
1,47900,0.9573625725507736
1,48000,0.9399789464473725
1,48100,0.9663912534713746
1,48200,1.0110916393995284
1,48300,0.937645742893219
1,48400,0.9174310529232025
1,48500,0.9026055210828781
1,48600,0.9432209950685501
1,48700,1.0146035206317903
1,48800,1.0163074070215226
1,48900,0.9760655051469803
1,49000,0.9284755271673203
1,49100,0.9732309985160827
1,49200,0.9319934499263763
1,49300,0.9495544624328613
1,49400,0.9496835631132126
1,49500,0.9381361293792725
1,49600,0.9210315984487534
1,49700,0.9241289108991623
1,49800,0.9728334337472916
1,49900,1.003757559657097
1,50000,0.9204954487085343
1,50100,0.8978307980298996
1,50200,0.984024321436882
1,50300,0.8975290775299072
1,50400,0.9014035135507583
1,50500,0.9243009865283967
1,50600,0.8936205738782883
1,50700,0.9074017995595932
1,50800,0.9572849071025848
1,50900,0.9535091280937195
2,51000,0.2926176822185516
2,51100,0.7493917298316956
2,51200,0.7758476984500885
2,51300,0.814614337682724
2,51400,0.8354736632108688
2,51500,0.8635438692569732
2,51600,0.888828022480011
2,51700,0.8369159942865372
2,51800,0.8084042382240295
2,51900,0.877601968050003
2,52000,0.7842757195234299
2,52100,0.8075689512491226
2,52200,0.8305754286050796
2,52300,0.8595470076799393
2,52400,0.9260436546802521
2,52500,0.9006701350212097
2,52600,0.7007311749458313
2,52700,0.8048089879751206
2,52800,1.0798768842220305
2,52900,1.0361575454473495
2,53000,0.8714937472343445
2,53100,0.8561876940727234
2,53200,0.916519587635994
2,53300,0.8350441730022431
2,53400,0.9608292335271835
2,53500,0.8834312921762466
2,53600,0.8030746155977249
2,53700,0.8888458979129791
2,53800,1.0140084809064864
2,53900,1.0311328673362732
2,54000,0.8569761222600937
2,54100,0.8577242919802666
2,54200,0.9044058990478515
2,54300,0.8722093433141709
2,54400,0.9073829019069671
2,54500,0.8982627427577973
2,54600,0.8087637186050415
2,54700,0.9034694594144821
2,54800,0.8373221975564956
2,54900,0.8214139074087143
2,55000,0.8214967727661133
2,55100,0.898780626654625
2,55200,0.9350350600481033
2,55300,0.7742477709054947
2,55400,0.7949307268857956
2,55500,0.8960841637849808
2,55600,1.092260393500328
2,55700,0.9695045000314713
2,55800,0.8909577739238739
2,55900,0.9306456935405731
2,56000,0.8690607833862305
2,56100,0.8464569652080536
2,56200,0.8907543700933457
2,56300,0.763095885515213
2,56400,0.8800460171699523
2,56500,1.0402987724542618
2,56600,1.099099214076996
2,56700,1.3357665634155274
2,56800,0.9518966048955917
2,56900,0.9062700808048249
2,57000,0.9540837126970291
2,57100,0.9746601748466491
2,57200,0.9422968751192093
2,57300,0.9169762182235718
2,57400,0.9583058154582977
2,57500,0.8616926449537278
2,57600,0.8941622644662857
2,57700,0.9405611938238144
2,57800,1.0035498106479646
2,57900,1.0016357815265655
2,58000,0.8829878550767899
2,58100,0.9368266350030899
2,58200,0.9146860057115554
2,58300,0.8810284292697906
2,58400,0.9415011030435562
2,58500,0.9676286596059799
2,58600,0.9039521408081055
2,58700,0.9942754751443863
2,58800,0.9275556439161301
2,58900,0.9085600340366363
2,59000,0.8554643261432647
2,59100,0.9766103118658066
2,59200,1.0119075673818587
2,59300,0.9002138316631317
2,59400,0.9197108960151672
2,59500,0.899616916179657
2,59600,0.8988944202661514
2,59700,0.9261830002069473
2,59800,0.9530126577615738
2,59900,0.88608329474926
2,60000,0.9438013380765915
2,60100,0.867845321893692
2,60200,0.882723029255867
2,60300,0.8806205588579178
2,60400,0.9084083914756775
2,60500,0.9293746864795684
2,60600,0.8489109325408936
2,60700,0.8539189213514328
2,60800,0.8970472073554993
2,60900,0.8965648990869522
2,61000,0.9060634225606918
2,61100,0.8934905856847764
2,61200,0.9107959276437759
2,61300,0.9209037095308303
2,61400,0.8955767726898194
2,61500,0.9418981850147248
2,61600,0.9033858859539032
2,61700,0.881253473162651
2,61800,0.9629843121767044
2,61900,0.9600820225477219
2,62000,0.9406133031845093
2,62100,0.94092309653759
2,62200,0.9619024074077607
2,62300,0.926426083445549
2,62400,0.9394675707817077
2,62500,0.9578236430883408
2,62600,1.034601048231125
2,62700,0.9196974855661392
2,62800,0.9254916578531265
2,62900,0.8875662863254548
2,63000,0.8765886688232422
2,63100,0.9304761660099029
2,63200,0.9789000129699708
2,63300,0.9529263442754745
2,63400,0.9072481381893158
2,63500,0.934176539182663
2,63600,0.9082987797260285
2,63700,0.8738810992240906
2,63800,0.962568992972374
2,63900,0.9816883283853531
2,64000,0.9061486560106278
2,64100,0.9587096381187439
2,64200,0.8918121957778931
2,64300,0.9183650815486908
2,64400,0.9304473406076431
2,64500,0.9296594083309173
2,64600,0.8890506297349929
2,64700,0.9358435827493667
2,64800,0.8916843163967133
2,64900,0.9502345871925354
2,65000,0.8899005872011184
2,65100,0.9464441925287247
2,65200,0.9118723493814468
2,65300,0.8774531000852585
2,65400,0.9016880917549134
2,65500,0.9185884928703308
2,65600,0.9039288657903671
2,65700,0.968298082947731
2,65800,0.9326730728149414
2,65900,0.915905048251152
2,66000,0.9272410899400712
2,66100,0.9087861377000809
2,66200,0.9716377049684525
2,66300,1.0133886015415192
2,66400,1.0125545501708983
2,66500,0.9274509215354919
2,66600,0.9752773797512054
2,66700,0.9268484950065613
2,66800,0.9346127021312713
2,66900,0.9997160369157791
2,67000,1.0249679857492446
2,67100,0.9967518305778503
2,67200,0.9151017868518829
2,67300,0.9464567291736603
2,67400,0.968968311548233
2,67500,1.0846921610832214
2,67600,0.9799391973018646
2,67700,0.9659683954715729
2,67800,0.9421020632982254
2,67900,0.9666637474298477
2,68000,0.9849413108825683
2,68100,1.0028882336616516
2,68200,0.9756380206346512
2,68300,0.9443238335847854
2,68400,0.9413576883077621
2,68500,0.9437127649784088
2,68600,0.9414619153738022
2,68700,0.9769469004869461
2,68800,0.9578728824853897
2,68900,0.9270595031976699
2,69000,0.9263334190845489
2,69100,0.9406405925750733
2,69200,0.9554350507259369
2,69300,0.9274622291326523
2,69400,0.934659618139267
2,69500,0.8854849660396575
2,69600,0.9186436891555786
2,69700,0.9972014915943146
2,69800,0.9647321963310241
2,69900,0.9547786676883697
2,70000,0.9821717357635498
2,70100,0.9271821027994156
2,70200,0.9604831457138061
2,70300,0.9408755266666412
2,70400,0.9238610094785691
2,70500,0.9689619845151901
2,70600,0.916244552731514
2,70700,0.9451898348331451
2,70800,0.9228373950719834
2,70900,0.9449801796674728
2,71000,0.9669991207122802
2,71100,1.0394981682300568
2,71200,0.9667982852458954
2,71300,0.945369428396225
2,71400,0.9230354583263397
2,71500,0.927531406879425
2,71600,1.0132740128040314
2,71700,0.9566020303964615
2,71800,0.9055882102251053
2,71900,0.9971730643510819
2,72000,0.9493859952688217
2,72100,0.9840010029077529
2,72200,1.0156970316171645
2,72300,0.9554147517681122
2,72400,0.9602786296606064
2,72500,0.9181835597753525
2,72600,0.8694922614097595
2,72700,0.9857621192932129
2,72800,0.9654275465011597
2,72900,0.9287851053476334
2,73000,0.9645895248651505
2,73100,0.9163480389118195
2,73200,0.8726367872953414
2,73300,0.9262951570749283
2,73400,0.8876381987333297
2,73500,0.8652760803699493
2,73600,0.8832519572973251
2,73700,0.9421126902103424
2,73800,0.8852998214960098
2,73900,0.9570326071977615
2,74000,0.9763633704185486
2,74100,0.9280505275726318
2,74200,0.9237288069725037
2,74300,0.927575569152832
2,74400,0.9099545592069626
2,74500,0.9185789149999618
2,74600,0.9852716690301895
2,74700,0.9460275787115097
2,74800,0.9371205180883407
2,74900,0.9937871807813644
2,75000,0.9115400236845016
2,75100,0.9227815973758697
2,75200,1.0288841623067855
2,75300,0.947379098534584
2,75400,0.9138738256692887
2,75500,0.907221799492836
2,75600,0.9118884164094925
2,75700,0.9576168310642242
2,75800,1.0138818496465682
2,75900,0.9824097687005997
2,76000,0.9811290627717972
2,76100,0.9828769332170486
2,76200,0.9405751430988312
2,76300,0.9352264392375946
2,76400,0.9896466839313507
2,76500,0.9399886775016785
2,76600,0.945430144071579
2,76700,0.9134618514776229
2,76800,0.9659015303850174
2,76900,0.9638448864221573
2,77000,0.9281567770242691
2,77100,0.9192985945940018
2,77200,0.9448212611675263
2,77300,0.9227376681566238
2,77400,0.9158596312999725
2,77500,0.8623313486576081
2,77600,0.9748612624406815
2,77700,0.9006140351295471
2,77800,0.9322910916805267
2,77900,0.9170200330018997
2,78000,0.9075933283567429
2,78100,0.8749309992790222
2,78200,0.9615269279479981
2,78300,0.9508266746997833
2,78400,0.9461336117982865
2,78500,0.9447562116384506
2,78600,0.923710361123085
2,78700,0.9095460420846939
2,78800,0.9670134210586547
2,78900,0.9887081283330917
2,79000,0.9935461694002151
2,79100,0.9132045823335647
2,79200,0.9541487872600556
2,79300,0.9491515517234802
2,79400,0.9296926891803742
2,79500,1.0102065712213517
2,79600,0.9095786863565445
2,79700,0.9956975883245468
2,79800,0.9325353115797043
2,79900,0.9471310621500015
2,80000,0.9279195928573608
2,80100,1.0480277734994887
2,80200,0.9456949126720429
2,80300,0.9405977201461792
2,80400,0.9164496421813965
2,80500,0.9200446057319641
2,80600,0.932415389418602
2,80700,1.0074538576602936
2,80800,1.0269654774665833
2,80900,0.9527445590496063
2,81000,0.9047669327259064
2,81100,0.9162860500812531
2,81200,0.9050781607627869
2,81300,0.8955426150560379
2,81400,0.9659279489517212
2,81500,0.922740125656128
2,81600,0.9405681592226028
2,81700,0.8754703038930893
2,81800,0.885718184709549
2,81900,0.8989186334609985
2,82000,0.9352993637323379
2,82100,0.8931525528430939
2,82200,0.9267959362268448
2,82300,0.9349291682243347
2,82400,0.9558790075778961
2,82500,0.8854867422580719
2,82600,1.0112614780664444
2,82700,0.9874225288629532
2,82800,0.9411627686023712
2,82900,0.9422244811058045
2,83000,0.9132770282030106
2,83100,0.9325586169958114
2,83200,0.9936327654123306
2,83300,1.0054323399066925
2,83400,0.9752129930257797
2,83500,0.9367033219337464
2,83600,0.9961817908287048
2,83700,0.9375856912136078
2,83800,0.9867832815647125
2,83900,1.0068811911344528
2,84000,0.9545210754871368
2,84100,0.910629181265831
2,84200,0.9555527555942536
2,84300,1.0087679088115693
2,84400,1.0175005728006363
2,84500,0.9539375764131546
2,84600,0.9648014324903488
2,84700,0.9474454396963119
2,84800,0.9325258582830429
2,84900,0.952622240781784
2,85000,0.9407492983341217
2,85100,0.9568694877624512
2,85200,0.961596771478653
2,85300,0.8929429119825363
2,85400,0.9925564128160477
2,85500,0.9361151844263077
2,85600,0.956535661816597
2,85700,0.9536240392923355
2,85800,0.9357258838415146
2,85900,0.9242846024036407
2,86000,0.9185496979951858
2,86100,0.984167160987854
2,86200,0.8813783955574036
2,86300,0.9010647332668305
2,86400,0.9103376752138138
2,86500,0.90199478328228
2,86600,0.9949747306108475
2,86700,0.9517880523204804
2,86800,0.9200383704900742
2,86900,0.9066095209121704
2,87000,0.9159803259372711
2,87100,0.9971473151445389
2,87200,0.9622359138727188
2,87300,1.0244480496644974
2,87400,0.9395739793777466
2,87500,0.8995410591363907
2,87600,0.9746107029914856
2,87700,1.0076944971084594
2,87800,1.0267505031824111
2,87900,0.9482131052017212
2,88000,0.9595592939853668
2,88100,0.9158487755060196
2,88200,0.949967970252037
2,88300,0.9583412981033326
2,88400,0.9788863462209701
2,88500,0.93218914270401
2,88600,0.9077481919527054
2,88700,0.9707428669929504
2,88800,0.9465685486793518
2,88900,1.0026104998588563
2,89000,1.0534945911169051
2,89100,0.9490929991006851
2,89200,0.8875997334718704
2,89300,1.0085336738824844
2,89400,0.9419776290655136
2,89500,0.9688244092464448
2,89600,0.9290819609165192
2,89700,0.8899181085824966
2,89800,0.9022499519586563
2,89900,0.9203283256292343
2,90000,0.9084057575464248
2,90100,0.8610475397109986
2,90200,0.9186025542020798
2,90300,0.9442826735973359
2,90400,0.9351150232553482
2,90500,0.9153138732910157
2,90600,0.9075965321063996
2,90700,0.8948816639184952
2,90800,0.9198341232538223
2,90900,0.9348022502660751
2,91000,0.9476667171716691
2,91100,1.0271404540538789
2,91200,0.98108154296875
2,91300,0.9750131559371948
2,91400,0.9463923227787018
2,91500,0.9431144654750824
2,91600,1.026177805662155
2,91700,0.9795061147212982
2,91800,0.9569087505340577
2,91900,0.9366423434019089
2,92000,0.9729043877124787
2,92100,0.9735694062709809
2,92200,0.970244072675705
2,92300,0.9895250725746155
2,92400,0.9072295206785203
2,92500,0.9729716175794602
2,92600,0.9947743153572083
2,92700,0.9593075007200241
2,92800,0.8958029127120972
2,92900,0.9526408702135086
2,93000,0.9331456309556961
2,93100,0.963113859295845
2,93200,0.974098049402237
2,93300,0.941001186966896
2,93400,0.9528697031736374
2,93500,0.9003150326013565
2,93600,0.9186813652515411
2,93700,0.8909135693311692
2,93800,0.8930239462852478
2,93900,0.9166940641403198
2,94000,0.920713084936142
2,94100,0.9115326189994812
2,94200,0.9390156203508377
2,94300,0.9022986143827438
2,94400,0.9231980502605438
2,94500,0.9084215700626374
2,94600,0.9057409483194351
2,94700,0.9888752245903015
2,94800,0.9529405367374421
2,94900,0.9663648247718811
2,95000,0.9048487573862076
2,95100,0.9286577707529068
2,95200,0.9785577178001403
2,95300,1.0152743500471115
2,95400,0.9552200615406037
2,95500,0.9355678844451905
2,95600,0.927825139760971
2,95700,0.9538742083311081
2,95800,1.0867049223184586
2,95900,0.9429257786273957
2,96000,0.9600386434793472
2,96100,0.9529226338863372
2,96200,0.9049959528446198
2,96300,0.9609499895572662
2,96400,0.9857375663518906
2,96500,0.9149018090963363
2,96600,0.9133192956447601
2,96700,0.9642310243844986
2,96800,0.9415284097194672
2,96900,1.0608593904972077
2,97000,0.9719384449720383
2,97100,0.9281347006559372
2,97200,0.916790759563446
2,97300,0.8926420736312867
2,97400,0.8834441351890564
2,97500,0.945348356962204
2,97600,0.877702504992485
2,97700,0.8663918775320053
2,97800,0.9068766260147094
2,97900,0.913243243098259
2,98000,0.982154101729393
2,98100,0.8818811386823654
2,98200,0.8998778164386749
2,98300,0.955988981127739
2,98400,0.93146126806736
2,98500,0.9185747271776199
2,98600,0.9649730449914933
2,98700,0.9426044923067093
2,98800,0.9452010452747345
2,98900,0.9305720674991608
2,99000,0.9312457633018494
2,99100,0.9895656216144562
2,99200,0.9783061248064041
2,99300,0.9157723438739777
2,99400,0.8970356756448745
2,99500,0.8877112454175949
2,99600,0.9430388295650483
2,99700,1.0634700298309325
2,99800,0.9407729333639145
2,99900,0.9594002151489258
2,100000,0.938526576757431
2,100100,0.9364176303148269
2,100200,0.9196777939796448
2,100300,0.9611482954025269
2,100400,0.9200617361068726
2,100500,0.9189875328540802
2,100600,0.904434461593628
2,100700,0.9396786481142044
2,100800,0.9614101052284241
2,100900,0.9735630917549133
2,101000,0.9088079845905304
2,101100,0.8815195095539093
2,101200,0.9733808732032776
2,101300,0.8596238696575165
2,101400,0.9232195430994034
2,101500,0.8847047072649002
2,101600,0.8906006318330765
2,101700,0.930816143155098
2,101800,0.9474994045495987
2,101900,0.9351813620328904
3,102000,0.5349668949842453
3,102100,0.7350339087843895
3,102200,0.7993027979135513
3,102300,0.8062180680036545
3,102400,0.8377656835317612
3,102500,0.8825244730710984
3,102600,0.8667457324266433
3,102700,0.7929986494779587
3,102800,0.8411402928829194
3,102900,0.856161727309227
3,103000,0.7571616363525391
3,103100,0.8241296094655991
3,103200,0.8642676800489426
3,103300,0.8401669132709503
3,103400,0.9320523810386657
3,103500,0.8345400089025498
3,103600,0.7290974143147468
3,103700,0.8792249697446823
3,103800,1.0533778715133666
3,103900,0.9732160246372223
3,104000,0.8733096778392792
3,104100,0.8479840397834778
3,104200,0.9004042047262192
3,104300,0.8813679605722428
3,104400,0.9364722746610642
3,104500,0.8116310784220695
3,104600,0.8442779761552811
3,104700,0.9159826534986496
3,104800,1.0365326142311095
3,104900,0.9594774013757705
3,105000,0.8507683485746383
3,105100,0.8737397962808608
3,105200,0.877972481250763
3,105300,0.8691807669401169
3,105400,0.9058653736114501
3,105500,0.8614696407318115
3,105600,0.8600413298606873
3,105700,0.8680314540863037
3,105800,0.8088384908437729
3,105900,0.8370219761133194
3,106000,0.8406529951095582
3,106100,0.8938714212179184
3,106200,0.9012902194261551
3,106300,0.744213182926178
3,106400,0.8370201796293258
3,106500,0.9066592437028885
3,106600,1.1696360915899278
3,106700,0.8460596287250519
3,106800,0.9329904609918594
3,106900,0.8881905364990235
3,107000,0.8683289813995362
3,107100,0.8619091796875
3,107200,0.8635676795244217
3,107300,0.7689575156569481
3,107400,0.9444692569971085
3,107500,1.0663695949316025
3,107600,1.1032343864440919
3,107700,1.2606050622463227
3,107800,0.9374133914709091
3,107900,0.9137202095985413
3,108000,0.9378918731212615
3,108100,0.9922696059942245
3,108200,0.9177236753702164
3,108300,0.896900379061699
3,108400,0.9493366754055024
3,108500,0.8468566340208054
3,108600,0.9000729435682296
3,108700,0.9709683412313461
3,108800,0.9943164074420929
3,108900,0.9486279451847076
3,109000,0.8934853422641754
3,109100,0.894012408554554
3,109200,0.9301437813043595
3,109300,0.8931331831216812
3,109400,0.9489665615558625
3,109500,0.9548901963233948
3,109600,0.9070160293579101
3,109700,0.98593456864357
3,109800,0.8919255006313324
3,109900,0.8872152584791183
3,110000,0.8841312283277512
3,110100,0.9987670540809631
3,110200,0.9666495567560196
3,110300,0.9022811877727509
3,110400,0.9141903561353684
3,110500,0.8799285441637039
3,110600,0.8997438716888427
3,110700,0.9438615095615387
3,110800,0.9124157434701919
3,110900,0.8892802983522415
3,111000,0.9302743238210678
3,111100,0.8698360633850097
3,111200,0.8758094125986099
3,111300,0.8679987585544586
3,111400,0.9362872636318207
3,111500,0.9135232764482498
3,111600,0.827516719698906
3,111700,0.872657163143158
3,111800,0.8939143317937851
3,111900,0.8720994275808335
3,112000,0.9006052005290985
3,112100,0.8822969573736191
3,112200,0.9278380656242371
3,112300,0.8921931773424149
3,112400,0.9041827946901322
3,112500,0.9469449931383133
3,112600,0.8516039711236953
3,112700,0.9199104446172714
3,112800,0.9647946125268936
3,112900,0.9636512863636016
3,113000,0.9108407241106034
3,113100,0.9561833137273789
3,113200,0.9268548953533172
3,113300,0.9529036629199982
3,113400,0.9093744200468064
3,113500,0.982438707947731
3,113600,1.0010228419303895
3,113700,0.917451109290123
3,113800,0.9079502171278
3,113900,0.8774913811683654
3,114000,0.8754773074388504
3,114100,0.9635038661956787
3,114200,0.9745695346593857
3,114300,0.8999534165859222
3,114400,0.9171506613492966
3,114500,0.920572829246521
3,114600,0.912374517917633
3,114700,0.8716028195619583
3,114800,0.9935688883066177
3,114900,0.9286504501104355
3,115000,0.9267067301273346
3,115100,0.9344429731369018
3,115200,0.8703897947072983
3,115300,0.938993188738823
3,115400,0.9144630247354507
3,115500,0.9335017180442811
3,115600,0.8775211369991303
3,115700,0.9110149562358856
3,115800,0.9168334895372391
3,115900,0.9311782360076905
3,116000,0.8732143884897232
3,116100,0.9593298399448394
3,116200,0.8873466426134109
3,116300,0.8824262380599975
3,116400,0.8748478734493256
3,116500,0.9203301531076431
3,116600,0.9156086838245392
3,116700,0.9668869817256928
3,116800,0.9078711700439454
3,116900,0.9233970737457275
3,117000,0.8922662258148193
3,117100,0.9269292336702347
3,117200,0.9853974676132202
3,117300,1.019549194574356
3,117400,0.9793000346422196
3,117500,0.9468610471487046
3,117600,0.9393905133008957
3,117700,0.9394664430618286
3,117800,0.9465222054719925
3,117900,0.9963643223047256
3,118000,0.9860639303922654
3,118100,0.9851320713758469
3,118200,0.8834598362445831
3,118300,0.9518074774742127
3,118400,1.038193215727806
3,118500,1.0001726692914963
3,118600,0.9477795094251633
3,118700,0.9663394725322724
3,118800,0.9251036965847015
3,118900,0.9627897304296493
3,119000,1.00656405210495
3,119100,0.9553441369533539
3,119200,0.931480563879013
3,119300,0.9555924201011657
3,119400,0.9242486429214477
3,119500,0.951450964808464
3,119600,0.9140645360946655
3,119700,0.9749846619367599
3,119800,0.9396527171134949
3,119900,0.9016348868608475
3,120000,0.9381232661008835
3,120100,0.9366046470403672
3,120200,0.9004450035095215
3,120300,0.9644498044252395
3,120400,0.8663585448265075
3,120500,0.9014400601387024
3,120600,0.9069160079956055
3,120700,1.012731294631958
3,120800,0.9390601992607117
3,120900,0.957952675819397
3,121000,0.9348930102586747
3,121100,0.9452179616689682
3,121200,0.9338241130113601
3,121300,0.9568262201547623
3,121400,0.880502713918686
3,121500,0.9838555759191513
3,121600,0.8884273409843445
3,121700,0.9564496678113937
3,121800,0.8824103051424026
3,121900,0.9480694478750229
3,122000,0.9710794800519943
3,122100,1.020539675951004
3,122200,0.9393701529502869
3,122300,0.9317631459236145
3,122400,0.9158352607488632
3,122500,0.9151716691255569
3,122600,1.0304837614297866
3,122700,0.9121339005231858
3,122800,0.946306636929512
3,122900,0.946048509478569
3,123000,0.9208521586656571
3,123100,1.0258084017038345
3,123200,0.9989569592475891
3,123300,0.8952052915096282
3,123400,0.9462795239686966
3,123500,0.9112011474370957
3,123600,0.8651842606067658
3,123700,1.0015917336940765
3,123800,0.9428140211105347
3,123900,0.9255311548709869
3,124000,0.9447109854221344
3,124100,0.8725888848304748
3,124200,0.8756594234704971
3,124300,0.9298114901781083
3,124400,0.8356527531147003
3,124500,0.8682056725025177
3,124600,0.902575695514679
3,124700,0.9241094845533371
3,124800,0.873102661371231
3,124900,0.9604979246854782
3,125000,0.9558248513936997
3,125100,0.9459657979011535
3,125200,0.8945443499088287
3,125300,0.9053904283046722
3,125400,0.8894380044937134
3,125500,0.9496080523729324
3,125600,0.9801294946670532
3,125700,0.9036995911598206
3,125800,0.9774289077520371
3,125900,0.919200427532196
3,126000,0.8936052137613296
3,126100,0.9823423624038696
3,126200,0.9888067203760147
3,126300,0.8895011299848556
3,126400,0.9198488169908523
3,126500,0.8765889459848404
3,126600,0.9185951328277588
3,126700,1.0153334355354309
3,126800,0.9803074872493744
3,126900,0.9531303161382675
3,127000,0.9816514480113984
3,127100,0.9485817587375641
3,127200,0.9282144683599473
3,127300,0.937116932272911
3,127400,0.9673029464483262
3,127500,0.9291061186790466
3,127600,0.9342151308059692
3,127700,0.9154456549882889
3,127800,0.9424167102575303
3,127900,0.9589511609077453
3,128000,0.8967167085409165
3,128100,0.9139959919452667
3,128200,0.9181928384304047
3,128300,0.9242018324136734
3,128400,0.9033487063646316
3,128500,0.8676818579435348
3,128600,0.9636865198612213
3,128700,0.8689392161369324
3,128800,0.920836518406868
3,128900,0.9200307124853134
3,129000,0.8665710973739624
3,129100,0.8942828577756882
3,129200,0.9787562024593354
3,129300,0.903420878648758
3,129400,0.933932294845581
3,129500,0.9291451078653336
3,129600,0.9306042712926864
3,129700,0.8936121988296509
3,129800,0.9888316547870636
3,129900,0.9613547617197037
3,130000,0.9833200865983963
3,130100,0.9174346607923508
3,130200,0.9157444834709167
3,130300,0.9222025483846664
3,130400,0.9512762308120728
3,130500,0.9826983743906021
3,130600,0.9212128132581711
3,130700,0.9537693655490875
3,130800,0.9216237151622773
3,130900,0.9339527362585067
3,131000,0.9366441434621811
3,131100,1.012944254875183
3,131200,0.9438794142007828
3,131300,0.9114642763137817
3,131400,0.9080204510688782
3,131500,0.9563145899772644
3,131600,0.9168009734153748
3,131700,1.0020906275510788
3,131800,0.9888044977188111
3,131900,0.9446705305576324
3,132000,0.8840681558847427
3,132100,0.9076325541734696
3,132200,0.859051902294159
3,132300,0.9640927237272262
3,132400,0.8983067226409912
3,132500,0.9197702997922897
3,132600,0.9216079956293106
3,132700,0.869540354013443
3,132800,0.882452392578125
3,132900,0.8975648963451386
3,133000,0.9265788078308106
3,133100,0.8826369774341584
3,133200,0.9035429483652115
3,133300,0.9354190623760223
3,133400,0.9286600869894027
3,133500,0.8753376615047455
3,133600,1.0415529268980026
3,133700,0.9535478609800339
3,133800,0.9144296646118164
3,133900,0.9201668131351471
3,134000,0.9366405755281448
3,134100,0.9193740725517273
3,134200,1.0184399050474167
3,134300,0.9547930693626404
3,134400,0.9395927473902702
3,134500,0.9668164867162704
3,134600,0.9608586472272873
3,134700,0.9403677082061768
3,134800,0.9964841073751449
3,134900,0.9771947467327118
3,135000,0.9140238690376282
3,135100,0.9053956234455108
3,135200,0.9911932760477066
3,135300,1.0248235458135604
3,135400,0.9416435796022415
3,135500,0.9312606275081634
3,135600,0.9777740877866745
3,135700,0.9202008759975433
3,135800,0.9116107922792435
3,135900,0.9274538987874985
3,136000,0.9679925990104675
3,136100,0.9571972614526749
3,136200,0.9057684141397476
3,136300,0.9170115566253663
3,136400,0.9651392048597336
3,136500,0.9451708382368088
3,136600,0.9232296699285507
3,136700,0.943835135102272
3,136800,0.9341994488239288
3,136900,0.8945299524068833
3,137000,0.9424649840593338
3,137100,0.9457453733682633
3,137200,0.8763568037748337
3,137300,0.8901566165685654
3,137400,0.89506520986557
3,137500,0.9022633153200149
3,137600,1.0080173188447952
3,137700,0.902570538520813
3,137800,0.9213864296674729
3,137900,0.8832639133930207
3,138000,0.924473894238472
3,138100,0.9934084063768387
3,138200,1.0088834035396577
3,138300,0.9323022747039795
3,138400,0.9234944593906402
3,138500,0.899424130320549
3,138600,0.9949221384525299
3,138700,1.0017921674251555
3,138800,0.9881842571496964
3,138900,0.9648079216480255
3,139000,0.913382175564766
3,139100,0.9094678092002869
3,139200,0.9603053176403046
3,139300,0.9268123006820679
3,139400,0.9412944751977921
3,139500,0.9529603177309036
3,139600,0.8914747571945191
3,139700,0.9568067115545272
3,139800,0.9606310331821442
3,139900,1.0178758418560028
3,140000,0.9657542377710342
3,140100,0.9629137420654297
3,140200,0.8916856908798217
3,140300,0.9850993114709854
3,140400,0.9137061101198196
3,140500,0.9686614376306534
3,140600,0.921712139248848
3,140700,0.8676450669765472
3,140800,0.9091301894187928
3,140900,0.8989015972614288
3,141000,0.8779139059782028
3,141100,0.8765518176555633
3,141200,0.9298502254486084
3,141300,0.9194076603651047
3,141400,0.907474958896637
3,141500,0.922045327425003
3,141600,0.8849748361110688
3,141700,0.8839432775974274
3,141800,0.9198873019218445
3,141900,0.9014709758758545
3,142000,0.9766844528913498
3,142100,0.9935880959033966
3,142200,0.9784242224693298
3,142300,0.9424926143884659
3,142400,0.9497865545749664
3,142500,0.9367559337615967
3,142600,1.0061132198572158
3,142700,0.97526595890522
3,142800,0.9149474459886551
3,142900,0.9544323569536209
3,143000,0.9698866754770279
3,143100,0.9682854187488555
3,143200,0.9599154007434845
3,143300,0.9482192534208298
3,143400,0.9017993634939194
3,143500,0.9748069483041764
3,143600,0.9855522924661636
3,143700,0.9233815789222717
3,143800,0.889117671251297
3,143900,0.9492373043298721
3,144000,0.926066797375679
3,144100,0.9720976483821869
3,144200,0.9376678031682968
3,144300,0.9390874701738358
3,144400,0.9225442838668824
3,144500,0.8886073493957519
3,144600,0.9118400919437408
3,144700,0.8487245708703994
3,144800,0.909802074432373
3,144900,0.9254492408037186
3,145000,0.8828585731983185
3,145100,0.9397303473949432
3,145200,0.8925079131126403
3,145300,0.8986293882131576
3,145400,0.9104983675479889
3,145500,0.9118576538562775
3,145600,0.8938883405923843
3,145700,0.9883582133054734
3,145800,0.9348747336864471
3,145900,0.9482071536779404
3,146000,0.8987173289060593
3,146100,0.9286770516633988
3,146200,1.0059624052047729
3,146300,0.9532668000459671
3,146400,0.9273614567518235
3,146500,0.9420064234733582
3,146600,0.9256134581565857
3,146700,0.9623580819368363
3,146800,1.0693278336524963
3,146900,0.9242314910888672
3,147000,0.9398385661840439
3,147100,0.9397069883346557
3,147200,0.8895946270227433
3,147300,0.9647227519750595
3,147400,0.9523963576555252
3,147500,0.9143377184867859
3,147600,0.911647657752037
3,147700,0.9425594025850296
3,147800,0.9773472726345063
3,147900,1.0446548014879227
3,148000,0.9299591851234436
3,148100,0.9159109365940094
3,148200,0.9281127905845642
3,148300,0.8337552416324615
3,148400,0.9056356161832809
3,148500,0.9018659430742264
3,148600,0.8763376635313034
3,148700,0.8632742500305176
3,148800,0.8982777547836304
3,148900,0.9061501181125641
3,149000,0.9790002793073654
3,149100,0.8582150667905808
3,149200,0.9219639337062836
3,149300,0.9457114052772522
3,149400,0.8833418422937394
3,149500,0.9304197454452514
3,149600,0.9422220838069916
3,149700,0.9442442518472671
3,149800,0.9269584596157074
3,149900,0.9402483248710632
3,150000,0.9035267370939255
3,150100,1.0014291471242904
3,150200,0.9274869781732559
3,150300,0.9071289065480233
3,150400,0.8931082600355148
3,150500,0.9005457437038422
3,150600,0.9355904966592788
3,150700,1.0530865061283112
3,150800,0.9438240736722946
3,150900,0.9172080504894257
3,151000,0.9424919545650482
3,151100,0.9085898208618164
3,151200,0.9142744928598404
3,151300,0.9544471454620361
3,151400,0.9191658425331116
3,151500,0.8889993333816528
3,151600,0.8869716912508011
3,151700,0.9540001308917999
3,151800,0.9847421759366989
3,151900,0.9146872138977051
3,152000,0.8879357182979584
3,152100,0.8876852148771286
3,152200,0.9348933374881745
3,152300,0.8694269126653671
3,152400,0.9162885922193528
3,152500,0.8732829117774963
3,152600,0.8922223848104477
3,152700,0.9300602966547012
3,152800,0.9209573292732238
3,152900,0.9334341049194336
4,153000,0.7602808183431625
4,153100,0.7571105325222015
4,153200,0.7895574408769608
4,153300,0.800023849606514
4,153400,0.856848611831665
4,153500,0.8696691274642945
4,153600,0.8505261611938476
4,153700,0.7749293899536133
4,153800,0.8499346590042114
4,153900,0.8105682057142257
4,154000,0.7636926639080047
4,154100,0.8073387271165848
4,154200,0.8618580311536789
4,154300,0.8625080788135528
4,154400,0.9176214897632599
4,154500,0.7455877047777176
4,154600,0.7735601872205734
4,154700,0.9949834591150284
4,154800,1.0394075125455857
4,154900,0.8940706700086594
4,155000,0.8276376527547836
4,155100,0.8794175344705581
4,155200,0.8623064094781876
4,155300,0.9096381229162216
4,155400,0.9062172508239746
4,155500,0.7801994514465332
4,155600,0.843380297422409
4,155700,0.9702048927545548
4,155800,1.0465982532501221
4,155900,0.8945588034391403
4,156000,0.8312558263540268
4,156100,0.8748868268728256
4,156200,0.8632376939058304
4,156300,0.8765936702489853
4,156400,0.9046518057584763
4,156500,0.8063175052404403
4,156600,0.8789503198862075
4,156700,0.842229250073433
4,156800,0.8027509337663651
4,156900,0.8214976888895035
4,157000,0.8578394329547883
4,157100,0.892385824918747
4,157200,0.8375145691633225
4,157300,0.7571831452846527
4,157400,0.8706552165746689
4,157500,0.9635337197780609
4,157600,1.0874444615840912
4,157700,0.8652406907081605
4,157800,0.9217573970556259
4,157900,0.8537970823049545
4,158000,0.8507843613624573
4,158100,0.8806170946359635
4,158200,0.7829199171066284
4,158300,0.8241227084398269
4,158400,0.9822851276397705
4,158500,1.1153475254774095
4,158600,1.2629347932338715
4,158700,1.0340628784894943
4,158800,0.8975450551509857
4,158900,0.918223876953125
4,159000,0.9520823979377746
4,159100,0.9492738938331604
4,159200,0.9034424388408661
4,159300,0.9040130960941315
4,159400,0.9180460435152054
4,159500,0.8533572006225586
4,159600,0.8957261776924134
4,159700,0.9731244617700576
4,159800,0.9815806072950363
4,159900,0.9208001506328582
4,160000,0.9032133477926254
4,160100,0.8826896786689759
4,160200,0.8881686985492706
4,160300,0.9130112308263779
4,160400,0.938253915309906
4,160500,0.9343974310159683
4,160600,0.9156118559837342
4,160700,0.9508914643526077
4,160800,0.9002492582798004
4,160900,0.8481799811124802
4,161000,0.9291349083185196
4,161100,0.9914231079816819
4,161200,0.9274064266681671
4,161300,0.9090771496295929
4,161400,0.8933380115032196
4,161500,0.8736534774303436
4,161600,0.8828800523281097
4,161700,0.9615257477760315
4,161800,0.8747415828704834
4,161900,0.9079638826847076
4,162000,0.8864176630973816
4,162100,0.8584427541494369
4,162200,0.8832878816127777
4,162300,0.8679896724224091
4,162400,0.9314933913946152
4,162500,0.8604910403490067
4,162600,0.8277126550674438
4,162700,0.8880720144510269
4,162800,0.8716043186187744
4,162900,0.8879863864183426
4,163000,0.8958205354213714
4,163100,0.8767990964651108
4,163200,0.9088978862762451
4,163300,0.8868437051773072
4,163400,0.9129770052433014
4,163500,0.9010800892114639
4,163600,0.851105951666832
4,163700,0.9486633497476578
4,163800,0.9423899471759796
4,163900,0.9401066708564758
4,164000,0.9050244343280792
4,164100,0.9579090648889541
4,164200,0.9050578361749649
4,164300,0.9478854459524154
4,164400,0.9217119479179382
4,164500,1.0082658982276917
4,164600,0.9281021094322205
4,164700,0.9296457201242447
4,164800,0.8703671312332153
4,164900,0.8750726640224457
4,165000,0.8775059306621551
4,165100,0.9614446258544922
4,165200,0.9600758731365204
4,165300,0.884208305478096
4,165400,0.9310219562053681
4,165500,0.9013794773817062
4,165600,0.8807280105352402
4,165700,0.8861761760711669
4,165800,0.9984931421279907
4,165900,0.9007670623064041
4,166000,0.9423787742853165
4,166100,0.8845004725456238
4,166200,0.8937662011384964
4,166300,0.933066571354866
4,166400,0.8973714691400528
4,166500,0.9015521025657653
4,166600,0.9068115901947021
4,166700,0.8807081127166748
4,166800,0.9176975589990616
4,166900,0.904024469256401
4,167000,0.8902111178636551
4,167100,0.9372818726301193
4,167200,0.8641486483812332
4,167300,0.8746475005149841
4,167400,0.8795563226938248
4,167500,0.9085119140148162
4,167600,0.935046112537384
4,167700,0.949337146282196
4,167800,0.8786667221784592
4,167900,0.9186696034669876
4,168000,0.8793364042043685
4,168100,0.9454384541511536
4,168200,0.9881876522302627
4,168300,1.0093954962491989
4,168400,0.9330476367473602
4,168500,0.9793608784675598
4,168600,0.8847038340568543
4,168700,0.931079108119011
4,168800,0.939661232829094
4,168900,1.028620073199272
4,169000,0.9500987279415131
4,169100,0.950145965218544
4,169200,0.8891286790370941
4,169300,0.9589513379335404
4,169400,1.0309653574228286
4,169500,0.9815078812837601
4,169600,0.9108231538534164
4,169700,0.9600897318124771
4,169800,0.9106421762704849
4,169900,0.9813150554895401
4,170000,0.9721773463487625
4,170100,0.954793004989624
4,170200,0.9062537962198257
4,170300,0.9398712557554245
4,170400,0.9254866981506348
4,170500,0.9248523926734924
4,170600,0.9225143897533417
4,170700,0.976938179731369
4,170800,0.872710508108139
4,170900,0.9118687653541565
4,171000,0.947895793914795
4,171100,0.9275424802303314
4,171200,0.8761740159988404
4,171300,0.964661396741867
4,171400,0.84068443775177
4,171500,0.8994084340333939
4,171600,0.9364702099561691
4,171700,0.9618940013647079
4,171800,0.9459336763620376
4,171900,0.9401674222946167
4,172000,0.9125136649608612
4,172100,0.9525458353757859
4,172200,0.9055248701572418
4,172300,0.9255476135015488
4,172400,0.9190208220481872
4,172500,0.9417829376459121
4,172600,0.880327770113945
4,172700,0.9370884752273559
4,172800,0.899072260260582
4,172900,0.9419526875019073
4,173000,0.9590104395151138
4,173100,0.9876537519693375
4,173200,0.9361630630493164
4,173300,0.9230376720428467
4,173400,0.8831548744440079
4,173500,0.96420827627182
4,173600,0.9974105232954025
4,173700,0.8672450214624405
4,173800,0.9856748169660569
4,173900,0.8999910718202591
4,174000,0.9383545422554016
4,174100,1.017197985649109
4,174200,0.9663536888360977
4,174300,0.8864787214994431
4,174400,0.9241820257902146
4,174500,0.8650926911830902
4,174600,0.9228749579191208
4,174700,0.9651846861839295
4,174800,0.9234833055734635
4,174900,0.9278713607788086
4,175000,0.9152236461639405
4,175100,0.851546260714531
4,175200,0.8940436738729477
4,175300,0.8937401151657105
4,175400,0.8345491135120392
4,175500,0.8432448613643646
4,175600,0.9214083796739578
4,175700,0.8938320899009704
4,175800,0.8838249266147613
4,175900,0.9650964295864105
4,176000,0.9268172359466553
4,176100,0.9184150946140289
4,176200,0.8886068779230117
4,176300,0.9050099039077759
4,176400,0.880074851512909
4,176500,0.9503286588191986
4,176600,0.9548067098855972
4,176700,0.8820288610458374
4,176800,0.9817225027084351
4,176900,0.9098633015155793
4,177000,0.8720121723413468
4,177100,0.9993529766798019
4,177200,0.9645670348405838
4,177300,0.8761828708648681
4,177400,0.8979155045747756
4,177500,0.8700313359498978
4,177600,0.9172990131378174
4,177700,1.0126580053567886
4,177800,0.961248426437378
4,177900,0.9506565076112747
4,178000,0.9639055174589157
4,178100,0.925503985285759
4,178200,0.9159719270467758
4,178300,0.9564849221706391
4,178400,0.9287304693460464
4,178500,0.9211786741018295
4,178600,0.9150393360853195
4,178700,0.9288780623674393
4,178800,0.939716843366623
4,178900,0.914201500415802
4,179000,0.8742807668447494
4,179100,0.9269583988189697
4,179200,0.8932108664512635
4,179300,0.9248672777414322
4,179400,0.854502027630806
4,179500,0.9001229727268218
4,179600,0.9457992696762085
4,179700,0.8991398376226425
4,179800,0.8826962858438492
4,179900,0.8834033167362213
4,180000,0.8539885634183884
4,180100,0.9276036137342453
4,180200,0.9466566568613053
4,180300,0.8939707064628601
4,180400,0.9361845260858536
4,180500,0.8966322195529938
4,180600,0.9132115828990937
4,180700,0.9066621208190918
4,180800,0.9819656574726104
4,180900,0.9464343065023422
4,181000,0.9512726479768753
4,181100,0.9128299868106842
4,181200,0.9059265667200088
4,181300,0.9061685687303543
4,181400,0.9892561066150666
4,181500,0.9157467061281204
4,181600,0.9574556690454483
4,181700,0.9188658499717712
4,181800,0.9120422244071961
4,181900,0.9093766003847122
4,182000,0.9851189410686493
4,182100,0.9698799991607666
4,182200,0.9199421525001525
4,182300,0.8930245006084442
4,182400,0.902831996679306
4,182500,0.9488643437623978
4,182600,0.9438434594869614
4,182700,1.0020906126499176
4,182800,0.9246936392784119
4,182900,0.9244583839178085
4,183000,0.8802587872743607
4,183100,0.9105608117580414
4,183200,0.8333564519882202
4,183300,0.9653909814357757
4,183400,0.8952184975147247
4,183500,0.9096991688013076
4,183600,0.8827470290660858
4,183700,0.8678400719165802
4,183800,0.8621215242147445
4,183900,0.8982415151596069
4,184000,0.8990320974588394
4,184100,0.9250476205348969
4,184200,0.8638568967580795
4,184300,0.9486635267734528
4,184400,0.8831488430500031
4,184500,0.9029714435338974
4,184600,1.0413591676950456
4,184700,0.9183966881036758
4,184800,0.898529360294342
4,184900,0.9170252931118011
4,185000,0.9043986147642136
4,185100,0.945221158862114
4,185200,1.0101171028614044
4,185300,0.9526510244607925
4,185400,0.9054909807443619
4,185500,0.9782859027385712
4,185600,0.9182353359460831
4,185700,0.9606592589616776
4,185800,0.9687950491905213
4,185900,0.9718560540676117
4,186000,0.8911429929733277
4,186100,0.9062923473119736
4,186200,0.97089903652668
4,186300,1.0078451919555664
4,186400,0.93218392431736
4,186500,0.9318599796295166
4,186600,0.9408362984657288
4,186700,0.9128324741125107
4,186800,0.9263797861337661
4,186900,0.9180693411827088
4,187000,0.9406721287965775
4,187100,0.9403952634334565
4,187200,0.8882405233383178
4,187300,0.9316444420814514
4,187400,0.9294864696264267
4,187500,0.941893853545189
4,187600,0.915092344880104
4,187700,0.9266523873806
4,187800,0.9205537796020508
4,187900,0.9013290905952454
4,188000,0.9464752912521363
4,188100,0.8949987840652466
4,188200,0.8676661998033524
4,188300,0.8869624936580658
4,188400,0.8674636775255203
4,188500,0.9770679765939713
4,188600,0.9418521618843079
4,188700,0.8770241647958755
4,188800,0.9051674824953079
4,188900,0.8733719092607498
4,189000,0.9664225488901138
4,189100,0.9564780241250992
4,189200,1.0259917449951172
4,189300,0.9089408826828003
4,189400,0.8933612895011902
4,189500,0.9172468942403793
4,189600,0.9919312882423401
4,189700,0.9863488960266114
4,189800,0.9454949516057968
4,189900,0.9748049867153168
4,190000,0.874689245223999
4,190100,0.9130671674013138
4,190200,0.9571921932697296
4,190300,0.9298788166046142
4,190400,0.9087452816963196
4,190500,0.9307878512144089
4,190600,0.9234088212251663
4,190700,0.9267044085264206
4,190800,0.9892562919855118
4,190900,1.0082136458158493
4,191000,0.9338385665416717
4,191100,0.9004919004440307
4,191200,0.9386811763048172
4,191300,0.9538809686899186
4,191400,0.9086260253190994
4,191500,0.9524272459745408
4,191600,0.8946913731098175
4,191700,0.85642422914505
4,191800,0.9081036806106567
4,191900,0.883685627579689
4,192000,0.8642687994241715
4,192100,0.8794004410505295
4,192200,0.9139339023828507
4,192300,0.9197744691371917
4,192400,0.8863577389717102
4,192500,0.902315365076065
4,192600,0.8940801030397415
4,192700,0.8666715693473815
4,192800,0.9036248600482941
4,192900,0.9122541999816894
4,193000,0.9969057309627533
4,193100,0.949514656662941
4,193200,0.9785183668136597
4,193300,0.9154592579603196
4,193400,0.9226148796081542
4,193500,0.9955929523706436
4,193600,0.9661394971609115
4,193700,0.94791255235672
4,193800,0.9136022800207138
4,193900,0.9572100728750229
4,194000,0.9370421898365021
4,194100,0.9480162298679352
4,194200,0.9626225572824478
4,194300,0.9020784240961075
4,194400,0.9217121595144272
4,194500,0.9834369212388993
4,194600,0.9587118917703629
4,194700,0.9071546143293381
4,194800,0.8919912695884704
4,194900,0.9162593716382981
4,195000,0.9195347356796265
4,195100,0.9750708949565887
4,195200,0.9092714357376098
4,195300,0.9394023352861405
4,195400,0.8881458646059036
4,195500,0.9002376651763916
4,195600,0.888938422203064
4,195700,0.8397956705093383
4,195800,0.9022320538759232
4,195900,0.9031630057096481
4,196000,0.874659771323204
4,196100,0.9523065668344498
4,196200,0.8789230704307556
4,196300,0.873440603017807
4,196400,0.9050196182727813
4,196500,0.8930717182159423
4,196600,0.9416891998052597
4,196700,0.937144341468811
4,196800,0.9515971767902375
4,196900,0.8838313901424408
4,197000,0.9029338157176972
4,197100,0.9461437374353409
4,197200,0.9984113854169846
4,197300,0.9352028113603592
4,197400,0.9066242325305939
4,197500,0.9355068439245224
4,197600,0.9272538167238236
4,197700,0.985223645567894
4,197800,0.9986751890182495
4,197900,0.943248376250267
4,198000,0.9227264529466629
4,198100,0.8944974809885025
4,198200,0.9125606048107148
4,198300,0.9605913639068604
4,198400,0.9270404362678528
4,198500,0.8848811274766922
4,198600,0.9391106307506562
4,198700,0.918438065648079
4,198800,0.9930431407690048
4,198900,0.9940957748889923
4,199000,0.9208277487754821
4,199100,0.9022558403015136
4,199200,0.8947710591554642
4,199300,0.8544151753187179
4,199400,0.9192546606063843
4,199500,0.8692487007379532
4,199600,0.8569428265094757
4,199700,0.8556437480449677
4,199800,0.8952778631448746
4,199900,0.9274832862615585
4,200000,0.9168613106012344
4,200100,0.8665229696035385
4,200200,0.9236322736740112
4,200300,0.9338052606582642
4,200400,0.888287964463234
4,200500,0.9341175711154938
4,200600,0.9251071828603744
4,200700,0.9116873252391815
4,200800,0.9235158061981201
4,200900,0.9089057552814483
4,201000,0.9338226079940796
4,201100,0.9775385063886642
4,201200,0.9053548812866211
4,201300,0.8883807262778283
4,201400,0.8699781692028046
4,201500,0.9149938398599624
4,201600,0.9772159868478775
4,201700,0.9809609186649323
4,201800,0.943113539814949
4,201900,0.8975203424692154
4,202000,0.9414874935150146
4,202100,0.9002012807130814
4,202200,0.9185012209415436
4,202300,0.9179232859611511
4,202400,0.9035699462890625
4,202500,0.8882831555604934
4,202600,0.8930847734212876
4,202700,0.9426388448476791
4,202800,0.9687821471691132
4,202900,0.8899573940038681
4,203000,0.8698060488700867
4,203100,0.9474342501163483
4,203200,0.8672200232744217
4,203300,0.8719058758020402
4,203400,0.8935831207036972
4,203500,0.8709718054533004
4,203600,0.8728336220979691
4,203700,0.9226238346099853
4,203800,0.9203591150045395
5,203900,0.2772034478187561
5,204000,0.7298615097999572
5,204100,0.7461362454295158
5,204200,0.7912766671180725
5,204300,0.8112009632587432
5,204400,0.8412846767902374
5,204500,0.8611276823282242
5,204600,0.811999284029007
5,204700,0.7814678162336349
5,204800,0.856140753030777
5,204900,0.7594854819774628
5,205000,0.7819823980331421
5,205100,0.8106649523973465
5,205200,0.8379133343696594
5,205300,0.9022828781604767
5,205400,0.8780794805288314
5,205500,0.6832411539554596
5,205600,0.7878502649068833
5,205700,1.0617110180854796
5,205800,1.0170691019296647
5,205900,0.8519145959615707
5,206000,0.829685987830162
5,206100,0.8930354410409928
5,206200,0.8139972096681595
5,206300,0.9382857209444047
5,206400,0.8654311913251876
5,206500,0.7788668930530548
5,206600,0.8709010827541351
5,206700,1.0013971066474914
5,206800,1.0096956259012222
5,206900,0.838754386305809
5,207000,0.8331485414505004
5,207100,0.8777448159456253
5,207200,0.8483561736345291
5,207300,0.8778654134273529
5,207400,0.877209882736206
5,207500,0.7868223810195922
5,207600,0.8852486133575439
5,207700,0.8148096972703933
5,207800,0.7977003049850464
5,207900,0.796403676867485
5,208000,0.87201191842556
5,208100,0.9130138438940049
5,208200,0.7538611149787903
5,208300,0.7795765209197998
5,208400,0.8781699514389039
5,208500,1.0817247915267945
5,208600,0.9711801367998123
5,208700,0.8712111264467239
5,208800,0.9025908732414245
5,208900,0.8542963755130768
5,209000,0.8269134211540222
5,209100,0.8619707661867142
5,209200,0.7423223066329956
5,209300,0.8623575627803802
5,209400,1.0324864774942397
5,209500,1.0915940773487092
5,209600,1.3264109987020491
5,209700,0.9265241682529449
5,209800,0.8757679843902588
5,209900,0.9324186778068543
5,210000,0.9472408109903335
5,210100,0.9191943085193635
5,210200,0.8932643866539002
5,210300,0.9318651306629181
5,210400,0.8360106033086777
5,210500,0.867092780470848
5,210600,0.9104478162527084
5,210700,0.9757368695735932
5,210800,0.9747967863082886
5,210900,0.8619819676876068
5,211000,0.913495563864708
5,211100,0.8885586562752724
5,211200,0.8530022495985031
5,211300,0.9140384477376938
5,211400,0.9431593447923661
5,211500,0.884737104177475
5,211600,0.9677266663312912
5,211700,0.9064054226875305
5,211800,0.8879206746816635
5,211900,0.8331687730550766
5,212000,0.9558021581172943
5,212100,0.9844671303033828
5,212200,0.8835205817222596
5,212300,0.8925883847475052
5,212400,0.8788681435585022
5,212500,0.8745439922809601
5,212600,0.9018874692916871
5,212700,0.9286800050735473
5,212800,0.8680748182535172
5,212900,0.9214368653297424
5,213000,0.8428820389509201
5,213100,0.8604382938146591
5,213200,0.8575662046670913
5,213300,0.8883471262454986
5,213400,0.9083961445093155
5,213500,0.8312567067146301
5,213600,0.830161463022232
5,213700,0.8728024411201477
5,213800,0.8760240018367768
5,213900,0.8789439696073532
5,214000,0.8748718428611756
5,214100,0.8889656615257263
5,214200,0.894674511551857
5,214300,0.8687162882089615
5,214400,0.9215240651369094
5,214500,0.8846473348140717
5,214600,0.8557085931301117
5,214700,0.935395131111145
5,214800,0.9414643383026123
5,214900,0.916290283203125
5,215000,0.9133324146270752
5,215100,0.943698622584343
5,215200,0.9016095411777496
5,215300,0.9185167503356934
5,215400,0.9383180344104767
5,215500,1.0067240017652512
5,215600,0.8961006158590317
5,215700,0.9049406659603119
5,215800,0.8625602012872696
5,215900,0.8520568972826004
5,216000,0.9081645506620407
5,216100,0.9534059172868729
5,216200,0.9334279060363769
5,216300,0.8811534261703491
5,216400,0.91109816968441
5,216500,0.8847501415014267
5,216600,0.8535274422168732
5,216700,0.9368310761451721
5,216800,0.9588534075021744
5,216900,0.8848450827598572
5,217000,0.9392861253023148
5,217100,0.8682247138023377
5,217200,0.8978787577152252
5,217300,0.903803596496582
5,217400,0.907187420129776
5,217500,0.8696461802721024
5,217600,0.9084453904628753
5,217700,0.8697393834590912
5,217800,0.9253987866640091
5,217900,0.871509518623352
5,218000,0.9167025274038315
5,218100,0.8922782552242279
5,218200,0.8523299968242646
5,218300,0.8727977842092514
5,218400,0.8954451185464859
5,218500,0.8845183944702149
5,218600,0.9450554531812668
5,218700,0.9069564813375472
5,218800,0.8913904821872711
5,218900,0.9028883850574494
5,219000,0.8826747715473175
5,219100,0.9436930906772614
5,219200,0.9890083825588226
5,219300,0.9861029648780822
5,219400,0.9025574368238449
5,219500,0.9496076667308807
5,219600,0.9089339298009872
5,219700,0.9100985705852509
5,219800,0.9657320821285248
5,219900,0.9929399681091309
5,220000,0.9643658310174942
5,220100,0.8833265173435211
5,220200,0.9101835179328919
5,220300,0.9357354766130448
5,220400,1.0506297129392623
5,220500,0.9406986194849014
5,220600,0.936250410079956
5,220700,0.9077642148733139
5,220800,0.9296988987922669
5,220900,0.946858177781105
5,221000,0.9668030405044555
5,221100,0.9440998166799546
5,221200,0.9119556486606598
5,221300,0.9122594600915909
5,221400,0.9093957531452179
5,221500,0.9109745627641678
5,221600,0.942145169377327
5,221700,0.9215433651208877
5,221800,0.8995631515979767
5,221900,0.8931718611717224
5,222000,0.905494493842125
5,222100,0.9259434580802918
5,222200,0.8931241852045059
5,222300,0.9064960861206055
5,222400,0.8555333924293518
5,222500,0.8853469729423523
5,222600,0.9636656522750855
5,222700,0.9305251777172089
5,222800,0.9258133429288864
5,222900,0.947353184223175
5,223000,0.8973958855867386
5,223100,0.9300330209732056
5,223200,0.9103293126821518
5,223300,0.8946657228469849
5,223400,0.9331328701972962
5,223500,0.8887740868330002
5,223600,0.910755826830864
5,223700,0.893939316868782
5,223800,0.9165204197168351
5,223900,0.9343507248163223
5,224000,1.0032528442144395
5,224100,0.9390456074476242
5,224200,0.9131566351652145
5,224300,0.892181983590126
5,224400,0.8983700650930405
5,224500,0.9752234643697739
5,224600,0.9258188766241073
5,224700,0.8776275092363357
5,224800,0.9642818868160248
5,224900,0.9184843456745148
5,225000,0.9523894000053406
5,225100,0.9850252240896225
5,225200,0.9219378882646561
5,225300,0.9242752569913865
5,225400,0.8841900140047073
5,225500,0.841334062218666
5,225600,0.951143746972084
5,225700,0.9356032335758209
5,225800,0.8957821655273438
5,225900,0.9332794564962387
5,226000,0.8895936721563339
5,226100,0.8458634853363037
5,226200,0.894244681596756
5,226300,0.8555258458852768
5,226400,0.8358196192979812
5,226500,0.8524363452196121
5,226600,0.9096484762430191
5,226700,0.8554592919349671
5,226800,0.928630360364914
5,226900,0.9425508815050125
5,227000,0.8998687815666199
5,227100,0.8947930246591568
5,227200,0.8936132723093033
5,227300,0.88203766644001
5,227400,0.8883696025609971
5,227500,0.9531158071756363
5,227600,0.9167260754108429
5,227700,0.9042311358451843
5,227800,0.959996041059494
5,227900,0.8845383280515671
5,228000,0.8925276333093644
5,228100,0.9910986864566803
5,228200,0.9163315528631211
5,228300,0.8802846878767013
5,228400,0.882132568359375
5,228500,0.8777994626760482
5,228600,0.9282115471363067
5,228700,0.9804984098672866
5,228800,0.9517534357309342
5,228900,0.9465389412641525
5,229000,0.9517693382501602
5,229100,0.9057008188962936
5,229200,0.9050191628932953
5,229300,0.9565333050489425
5,229400,0.9088628959655761
5,229500,0.9136089354753494
5,229600,0.8836957657337189
5,229700,0.9311368644237519
5,229800,0.9303830891847611
5,229900,0.894414609670639
5,230000,0.8866690570116043
5,230100,0.9113486087322236
5,230200,0.8881028121709824
5,230300,0.8899930465221405
5,230400,0.8322744297981263
5,230500,0.940458574295044
5,230600,0.872898222208023
5,230700,0.9031300193071365
5,230800,0.8846688807010651
5,230900,0.8780590498447418
5,231000,0.845172928571701
5,231100,0.9285511392354965
5,231200,0.9176079857349396
5,231300,0.9122362214326859
5,231400,0.9167678469419479
5,231500,0.8927168834209442
5,231600,0.8757133048772812
5,231700,0.9343699812889099
5,231800,0.9618396592140198
5,231900,0.9590967559814453
5,232000,0.8836832690238953
5,232100,0.9194544506072998
5,232200,0.9155978614091873
5,232300,0.8956097447872162
5,232400,0.9772446441650391
5,232500,0.8811300760507583
5,232600,0.9601105743646622
5,232700,0.9061261689662934
5,232800,0.9142057085037232
5,232900,0.9009233671426773
5,233000,1.017279452085495
5,233100,0.9205057501792908
5,233200,0.9114147198200225
5,233300,0.8838174229860306
5,233400,0.9018238317966462
5,233500,0.900074183344841
5,233600,0.9730861085653305
5,233700,0.9916220444440842
5,233800,0.9165277165174485
5,233900,0.8795478355884552
5,234000,0.8811778742074966
5,234100,0.8737020814418792
5,234200,0.8611537456512451
5,234300,0.9359565669298172
5,234400,0.8928686064481736
5,234500,0.9066284316778183
5,234600,0.8455512809753418
5,234700,0.8576192998886109
5,234800,0.8677664452791214
5,234900,0.9066270732879639
5,235000,0.8679829335212708
5,235100,0.8964822602272033
5,235200,0.8981532204151154
5,235300,0.9239871442317963
5,235400,0.8585956382751465
5,235500,0.9778490418195724
5,235600,0.9537064605951309
5,235700,0.9135168027877808
5,235800,0.9041596573591232
5,235900,0.8852492165565491
5,236000,0.9002746123075486
5,236100,0.9584359365701676
5,236200,0.9775476253032684
5,236300,0.9487821692228318
5,236400,0.9047854965925217
5,236500,0.9612848198413849
5,236600,0.9055098783969879
5,236700,0.9575901168584824
5,236800,0.9723360621929169
5,236900,0.9250787431001664
5,237000,0.8815923684835434
5,237100,0.9236296778917312
5,237200,0.9722351139783859
5,237300,0.9813023459911346
5,237400,0.9167246699333191
5,237500,0.9313578015565872
5,237600,0.9177906656265259
5,237700,0.9005341511964798
5,237800,0.9248575311899185
5,237900,0.9120874655246735
5,238000,0.926167740225792
5,238100,0.9296258294582367
5,238200,0.8652345383167267
5,238300,0.9618429428339005
5,238400,0.9026346814632416
5,238500,0.9300176799297333
5,238600,0.9209209275245667
5,238700,0.9089911580085754
5,238800,0.896172439455986
5,238900,0.8890602952241897
5,239000,0.9513248205184937
5,239100,0.8494149261713028
5,239200,0.870017278790474
5,239300,0.8801310741901398
5,239400,0.8716391229629517
5,239500,0.9632983523607254
5,239600,0.9232363766431808
5,239700,0.8858966875076294
5,239800,0.8782041269540787
5,239900,0.8818338829278946
5,240000,0.9667818677425385
5,240100,0.9250172477960587
5,240200,0.9993702065944672
5,240300,0.9105058205127716
5,240400,0.8676251512765885
5,240500,0.9440391272306442
5,240600,0.9708301228284836
5,240700,0.9954090696573258
5,240800,0.917460765838623
5,240900,0.93110307097435
5,241000,0.8820099174976349
5,241100,0.9187758123874664
5,241200,0.9250665336847306
5,241300,0.9496074342727661
5,241400,0.9025909274816513
5,241500,0.8782826370000839
5,241600,0.940503820180893
5,241700,0.9139839231967926
5,241800,0.9689585500955582
5,241900,1.020447278022766
5,242000,0.9208200830221176
5,242100,0.8589577156305314
5,242200,0.9802084892988205
5,242300,0.9085363405942917
5,242400,0.9364648491144181
5,242500,0.896876124739647
5,242600,0.8639922565221787
5,242700,0.8712350934743881
5,242800,0.8889783865213394
5,242900,0.8791558933258057
5,243000,0.8316005140542984
5,243100,0.8893058460950851
5,243200,0.9146586239337922
5,243300,0.9046718215942383
5,243400,0.8835456323623657
5,243500,0.8826953250169755
5,243600,0.8650997805595398
5,243700,0.8869933217763901
5,243800,0.9016317284107208
5,243900,0.9124114006757736
5,244000,0.9875617504119873
5,244100,0.9467366796731949
5,244200,0.9385054260492325
5,244300,0.9231696379184723
5,244400,0.9102926474809646
5,244500,0.9971407616138458
5,244600,0.9472823256254196
5,244700,0.9279880315065384
5,244800,0.9040218812227249
5,244900,0.9383221906423569
5,245000,0.939310548901558
5,245100,0.9355843371152878
5,245200,0.954265968799591
5,245300,0.8785791516304016
5,245400,0.939451595544815
5,245500,0.9623291099071503
5,245600,0.932406901717186
5,245700,0.8699414044618606
5,245800,0.9180118864774705
5,245900,0.9017581188678742
5,246000,0.9308108031749726
5,246100,0.9401199561357498
5,246200,0.9208382219076157
5,246300,0.9276469987630844
5,246400,0.8666777604818344
5,246500,0.8921541744470596
5,246600,0.8584616553783416
5,246700,0.861628744006157
5,246800,0.8870027697086335
5,246900,0.8917797195911408
5,247000,0.8770996576547623
5,247100,0.9103832596540451
5,247200,0.8729975777864456
5,247300,0.8962179625034332
5,247400,0.8752212065458298
5,247500,0.876057750582695
5,247600,0.9570258092880249
5,247700,0.9216642558574677
5,247800,0.9340238958597183
5,247900,0.8740373235940934
5,248000,0.8990323066711425
5,248100,0.9440708357095718
5,248200,0.986168902516365
5,248300,0.9230964601039886
5,248400,0.901378168463707
5,248500,0.8990650498867034
5,248600,0.9245188933610916
5,248700,1.0500959116220474
5,248800,0.9111031126976014
5,248900,0.9300649136304855
5,249000,0.9242235189676284
5,249100,0.8736752837896347
5,249200,0.9317902535200119
5,249300,0.9546614825725556
5,249400,0.885608338713646
5,249500,0.8831650936603546
5,249600,0.9324210423231125
5,249700,0.9120577996969224
5,249800,1.027302039861679
5,249900,0.9432553845643997
5,250000,0.8936652570962906
5,250100,0.8879716902971267
5,250200,0.866441832780838
5,250300,0.8581595009565354
5,250400,0.9165511381626129
5,250500,0.8529831045866012
5,250600,0.8384077227115632
5,250700,0.8745068675279617
5,250800,0.8850545030832291
5,250900,0.9514574152231217
5,251000,0.8558565521240235
5,251100,0.8694800758361816
5,251200,0.9213932633399964
5,251300,0.9007371151447296
5,251400,0.8912012928724289
5,251500,0.9373395085334778
5,251600,0.9086890345811844
5,251700,0.908653371334076
5,251800,0.9025295722484589
5,251900,0.9059560084342957
5,252000,0.9550254219770431
5,252100,0.9461966466903686
5,252200,0.8862573510408401
5,252300,0.8670748621225357
5,252400,0.8618279492855072
5,252500,0.9151074999570846
5,252600,1.0292804002761842
5,252700,0.9113996535539627
5,252800,0.9279920089244843
5,252900,0.9099368119239807
5,253000,0.9085166573524475
5,253100,0.8911813908815384
5,253200,0.933512836098671
5,253300,0.8832917141914368
5,253400,0.892086997628212
5,253500,0.8768873488903046
5,253600,0.9096007770299912
5,253700,0.9314323896169663
5,253800,0.9434008395671845
5,253900,0.8806693077087402
5,254000,0.8531959515810013
5,254100,0.9444398629665375
5,254200,0.8343312424421311
5,254300,0.8942751461267471
5,254400,0.8621084749698639
5,254500,0.8619314950704574
5,254600,0.9011679798364639
5,254700,0.9141208392381668
5,254800,0.9051078116893768
6,254900,0.5150098842382431
6,255000,0.7113904210925103
6,255100,0.7719360017776489
6,255200,0.7792922794818878
6,255300,0.811949439048767
6,255400,0.8523610407114028
6,255500,0.8383731925487519
6,255600,0.7644104945659638
6,255700,0.8124041396379471
6,255800,0.8299621665477752
6,255900,0.7293763253092765
6,256000,0.7985569709539413
6,256100,0.8340353375673294
6,256200,0.816810131072998
6,256300,0.9049795114994049
6,256400,0.8113169568777084
6,256500,0.7104776066541671
6,256600,0.8580098414421081
6,256700,1.03098650932312
6,256800,0.9475393438339234
6,256900,0.8506175363063813
6,257000,0.820144675374031
6,257100,0.8743436098098755
6,257200,0.8544907575845718
6,257300,0.9144660019874573
6,257400,0.7869858545064926
6,257500,0.8153471440076828
6,257600,0.8981862401962281
6,257700,1.0258511018753051
6,257800,0.9364990156888962
6,257900,0.8263942915201187
6,258000,0.8439614593982696
6,258100,0.849881744980812
6,258200,0.8416996508836746
6,258300,0.8776050770282745
6,258400,0.8385607689619065
6,258500,0.8315210741758347
6,258600,0.8437924075126648
6,258700,0.7860164773464203
6,258800,0.8091512078046799
6,258900,0.811368602514267
6,259000,0.8694553130865097
6,259100,0.876200150847435
6,259200,0.7237469518184662
6,259300,0.8164892959594726
6,259400,0.889765133857727
6,259500,1.1694574397802353
6,259600,0.8229478561878204
6,259700,0.9027239072322846
6,259800,0.8625330007076264
6,259900,0.8403931796550751
6,260000,0.8347541856765747
6,260100,0.8331561237573624
6,260200,0.753622564971447
6,260300,0.9238030219078064
6,260400,1.052154302597046
6,260500,1.092874146103859
6,260600,1.2496618181467056
6,260700,0.9096826338768005
6,260800,0.8814241027832032
6,260900,0.9111411762237549
6,261000,0.9609781324863433
6,261100,0.8877280735969544
6,261200,0.8720690089464188
6,261300,0.9200681114196777
6,261400,0.8139352214336395
6,261500,0.8706156075000763
6,261600,0.9403296488523484
6,261700,0.9587206619977952
6,261800,0.9219494599103928
6,261900,0.8669595950841904
6,262000,0.8692173182964325
6,262100,0.9002922195196151
6,262200,0.8644027346372605
6,262300,0.9175583517551422
6,262400,0.9311825406551361
6,262500,0.8810045099258423
6,262600,0.9598918950557709
6,262700,0.8690643972158432
6,262800,0.8593482577800751
6,262900,0.8566964691877366
6,263000,0.9741472738981247
6,263100,0.937135654091835
6,263200,0.8707270795106887
6,263300,0.891435210108757
6,263400,0.8525968343019485
6,263500,0.8743004649877548
6,263600,0.9121979695558547
6,263700,0.8869801032543182
6,263800,0.8638459008932113
6,263900,0.8997789520025253
6,264000,0.8493288844823838
6,264100,0.8489408648014068
6,264200,0.8437746798992157
6,264300,0.9095195317268372
6,264400,0.8897914487123489
6,264500,0.8048914450407029
6,264600,0.847334263920784
6,264700,0.8658441698551178
6,264800,0.8483242893218994
6,264900,0.872020058631897
6,265000,0.8618034201860428
6,265100,0.8981937384605407
6,265200,0.8680262541770936
6,265300,0.87711594581604
6,265400,0.9199446392059326
6,265500,0.8277691566944122
6,265600,0.8868347746133804
6,265700,0.9358083784580231
6,265800,0.9396354359388351
6,265900,0.8871925908327103
6,266000,0.9229797291755676
6,266100,0.9048144644498826
6,266200,0.9252328968048096
6,266300,0.8854359728097916
6,266400,0.9559588533639908
6,266500,0.9690584820508957
6,266600,0.892688028216362
6,266700,0.8806191372871399
6,266800,0.8493752217292786
6,266900,0.852829533815384
6,267000,0.937859897017479
6,267100,0.943976029753685
6,267200,0.8742296588420868
6,267300,0.8863974827528
6,267400,0.8956859916448593
6,267500,0.8903032773733139
6,267600,0.8469449365139008
6,267700,0.9685386925935745
6,267800,0.9042935276031494
6,267900,0.8975775963068009
6,268000,0.909610356092453
6,268100,0.8475609409809113
6,268200,0.9132305240631103
6,268300,0.8881304001808167
6,268400,0.903680426478386
6,268500,0.8492474889755249
6,268600,0.8861495643854141
6,268700,0.8899505859613419
6,268800,0.9044677501916886
6,268900,0.8481274116039276
6,269000,0.9292880779504776
6,269100,0.8633780246973037
6,269200,0.8552916634082794
6,269300,0.8455457013845443
6,269400,0.8923288595676422
6,269500,0.8897360539436341
6,269600,0.9371178770065307
6,269700,0.8826626747846603
6,269800,0.8959502428770065
6,269900,0.866545912027359
6,270000,0.8967904478311539
6,270100,0.9551190423965454
6,270200,0.9886850076913833
6,270300,0.9527884393930435
6,270400,0.913839180469513
6,270500,0.9157647174596787
6,270600,0.9128399074077607
6,270700,0.9171222525835038
6,270800,0.9671174746751785
6,270900,0.9541815853118897
6,271000,0.9506591874361038
6,271100,0.8552137380838394
6,271200,0.9195768427848816
6,271300,1.0015282356739044
6,271400,0.9728961247205734
6,271500,0.9143194276094436
6,271600,0.9337554961442948
6,271700,0.8904383838176727
6,271800,0.929486249089241
6,271900,0.9679150331020355
6,272000,0.9199243032932282
6,272100,0.9073419135808944
6,272200,0.9252380257844925
6,272300,0.8915091389417649
6,272400,0.9202259624004364
6,272500,0.8826839530467987
6,272600,0.9468692654371261
6,272700,0.9056784474849701
6,272800,0.8734946167469024
6,272900,0.9056268137693405
6,273000,0.9066576904058457
6,273100,0.8703291893005372
6,273200,0.9324849790334702
6,273300,0.8354761505126953
6,273400,0.8749618428945541
6,273500,0.8734785681962967
6,273600,0.9805831915140152
6,273700,0.9139249891042709
6,273800,0.9256707757711411
6,273900,0.9057524383068085
6,274000,0.9112459182739258
6,274100,0.9072718751430512
6,274200,0.9254784178733826
6,274300,0.8527785950899124
6,274400,0.9580243068933487
6,274500,0.8596560233831405
6,274600,0.9221841335296631
6,274700,0.8581930571794509
6,274800,0.9174351614713668
6,274900,0.9396349608898162
6,275000,0.987343572974205
6,275100,0.912823206782341
6,275200,0.9050153887271881
6,275300,0.8844319087266922
6,275400,0.8840574181079864
6,275500,0.9928183132410049
6,275600,0.8841331213712692
6,275700,0.9157866114377975
6,275800,0.9184152287244797
6,275900,0.89104747235775
6,276000,0.9937420588731766
6,276100,0.9730245411396027
6,276200,0.8661209148168564
6,276300,0.9109678971767425
6,276400,0.8800373989343643
6,276500,0.837095301747322
6,276600,0.9689371472597123
6,276700,0.9158311849832534
6,276800,0.8914299654960632
6,276900,0.9180190312862396
6,277000,0.8479411453008652
6,277100,0.8464996081590652
6,277200,0.9006212162971496
6,277300,0.8043857932090759
6,277400,0.8407741838693619
6,277500,0.8751856255531311
6,277600,0.8932444095611572
6,277700,0.8450465142726898
6,277800,0.9305781137943268
6,277900,0.9246417713165284
6,278000,0.91972032725811
6,278100,0.8624637693166732
6,278200,0.8796138900518418
6,278300,0.8584002041816712
6,278400,0.9217036545276642
6,278500,0.9463384026288986
6,278600,0.8732457184791564
6,278700,0.9472793459892273
6,278800,0.8890903025865555
6,278900,0.866018550992012
6,279000,0.9488813656568528
6,279100,0.9605896908044815
6,279200,0.8629550540447235
6,279300,0.8893810594081879
6,279400,0.8475827449560165
6,279500,0.8862930530309677
6,279600,0.9814708822965622
6,279700,0.9500999760627746
6,279800,0.9246442896127701
6,279900,0.9453995031118393
6,280000,0.9233081692457199
6,280100,0.896099259853363
6,280200,0.9059879273176193
6,280300,0.9393621605634689
6,280400,0.8981258600950242
6,280500,0.8989111977815628
6,280600,0.8866906899213791
6,280700,0.9097618234157562
6,280800,0.9282033598423004
6,280900,0.8683556544780732
6,281000,0.8813710159063339
6,281100,0.888335240483284
6,281200,0.8918848758935929
6,281300,0.87726911008358
6,281400,0.8408271652460099
6,281500,0.932985720038414
6,281600,0.8443907654285431
6,281700,0.8904501789808273
6,281800,0.8942016857862473
6,281900,0.8407080048322677
6,282000,0.861481294631958
6,282100,0.9492751407623291
6,282200,0.8732571136951447
6,282300,0.9051517713069915
6,282400,0.9015870279073716
6,282500,0.8963375908136367
6,282600,0.859891711473465
6,282700,0.9618002289533615
6,282800,0.9336798000335693
6,282900,0.9556174772977829
6,283000,0.8875350087881089
6,283100,0.887788617014885
6,283200,0.8901284664869309
6,283300,0.9177497971057892
6,283400,0.9517266082763672
6,283500,0.8928062796592713
6,283600,0.9263637208938599
6,283700,0.8954882025718689
6,283800,0.9053421449661255
6,283900,0.9072165232896805
6,284000,0.9865054976940155
6,284100,0.915920906662941
